[2026-09-23T13:15:14.838+0000] {processor.py:186} INFO - Started process (PID=163) to work on /opt/airflow/dags/dss150p_pipeline.py
[2026-09-23T13:15:14.870+0000] {processor.py:914} INFO - Processing file /opt/airflow/dags/dss150p_pipeline.py for tasks to queue
[2026-09-23T13:15:14.944+0000] {logging_mixin.py:190} INFO - [2026-09-23T13:15:14.939+0000] {dagbag.py:588} INFO - Filling up the DagBag from /opt/airflow/dags/dss150p_pipeline.py
[2026-09-23T13:15:15.581+0000] {processor.py:925} INFO - DAG(s) 'dss150p_sales_pipeline' retrieved from /opt/airflow/dags/dss150p_pipeline.py
[2026-09-23T13:15:20.452+0000] {logging_mixin.py:190} INFO - [2026-09-23T13:15:20.451+0000] {override.py:1912} INFO - Created Permission View: can delete on DAG:dss150p_sales_pipeline
[2026-09-23T13:15:20.495+0000] {logging_mixin.py:190} INFO - [2026-09-23T13:15:20.494+0000] {override.py:1912} INFO - Created Permission View: can edit on DAG:dss150p_sales_pipeline
[2026-09-23T13:15:20.522+0000] {logging_mixin.py:190} INFO - [2026-09-23T13:15:20.521+0000] {override.py:1912} INFO - Created Permission View: can read on DAG:dss150p_sales_pipeline
[2026-09-23T13:15:20.551+0000] {logging_mixin.py:190} INFO - [2026-09-23T13:15:20.550+0000] {override.py:1912} INFO - Created Permission View: menu access on DAG Run:dss150p_sales_pipeline
[2026-09-23T13:15:20.586+0000] {logging_mixin.py:190} INFO - [2026-09-23T13:15:20.586+0000] {override.py:1912} INFO - Created Permission View: can create on DAG Run:dss150p_sales_pipeline
[2026-09-23T13:15:20.627+0000] {logging_mixin.py:190} INFO - [2026-09-23T13:15:20.626+0000] {override.py:1912} INFO - Created Permission View: can delete on DAG Run:dss150p_sales_pipeline
[2026-09-23T13:15:20.662+0000] {logging_mixin.py:190} INFO - [2026-09-23T13:15:20.661+0000] {override.py:1912} INFO - Created Permission View: can read on DAG Run:dss150p_sales_pipeline
[2026-09-23T13:15:20.664+0000] {logging_mixin.py:190} INFO - [2026-09-23T13:15:20.664+0000] {dag.py:3239} INFO - Sync 1 DAGs
[2026-09-23T13:15:20.766+0000] {logging_mixin.py:190} INFO - [2026-09-23T13:15:20.765+0000] {dag.py:3262} INFO - Creating ORM DAG for dss150p_sales_pipeline
[2026-09-23T13:15:20.856+0000] {logging_mixin.py:190} INFO - [2026-09-23T13:15:20.853+0000] {dag.py:4180} INFO - Setting next_dagrun for dss150p_sales_pipeline to 2026-09-22 02:00:00+00:00, run_after=2026-09-23 02:00:00+00:00
[2026-09-23T13:15:20.998+0000] {processor.py:208} INFO - Processing /opt/airflow/dags/dss150p_pipeline.py took 6.348 seconds
[2026-09-23T13:15:52.720+0000] {processor.py:186} INFO - Started process (PID=168) to work on /opt/airflow/dags/dss150p_pipeline.py
[2026-09-23T13:15:52.812+0000] {processor.py:914} INFO - Processing file /opt/airflow/dags/dss150p_pipeline.py for tasks to queue
[2026-09-23T13:15:52.973+0000] {logging_mixin.py:190} INFO - [2026-09-23T13:15:52.961+0000] {dagbag.py:588} INFO - Filling up the DagBag from /opt/airflow/dags/dss150p_pipeline.py
[2026-09-23T13:15:53.771+0000] {processor.py:925} INFO - DAG(s) 'dss150p_sales_pipeline' retrieved from /opt/airflow/dags/dss150p_pipeline.py
[2026-09-23T13:15:54.283+0000] {logging_mixin.py:190} INFO - [2026-09-23T13:15:54.283+0000] {dag.py:3239} INFO - Sync 1 DAGs
[2026-09-23T13:15:54.569+0000] {logging_mixin.py:190} INFO - [2026-09-23T13:15:54.567+0000] {dag.py:4180} INFO - Setting next_dagrun for dss150p_sales_pipeline to 2026-09-22 02:00:00+00:00, run_after=2026-09-23 02:00:00+00:00
[2026-09-23T13:15:54.721+0000] {processor.py:208} INFO - Processing /opt/airflow/dags/dss150p_pipeline.py took 2.910 seconds
[2026-09-23T13:16:25.687+0000] {processor.py:186} INFO - Started process (PID=173) to work on /opt/airflow/dags/dss150p_pipeline.py
[2026-09-23T13:16:25.704+0000] {processor.py:914} INFO - Processing file /opt/airflow/dags/dss150p_pipeline.py for tasks to queue
[2026-09-23T13:16:25.798+0000] {logging_mixin.py:190} INFO - [2026-09-23T13:16:25.763+0000] {dagbag.py:588} INFO - Filling up the DagBag from /opt/airflow/dags/dss150p_pipeline.py
[2026-09-23T13:16:26.261+0000] {processor.py:925} INFO - DAG(s) 'dss150p_sales_pipeline' retrieved from /opt/airflow/dags/dss150p_pipeline.py
[2026-09-23T13:16:26.958+0000] {logging_mixin.py:190} INFO - [2026-09-23T13:16:26.891+0000] {dag.py:3239} INFO - Sync 1 DAGs
[2026-09-23T13:16:27.349+0000] {logging_mixin.py:190} INFO - [2026-09-23T13:16:27.348+0000] {dag.py:4180} INFO - Setting next_dagrun for dss150p_sales_pipeline to 2026-09-22 02:00:00+00:00, run_after=2026-09-23 02:00:00+00:00
[2026-09-23T13:16:27.433+0000] {processor.py:208} INFO - Processing /opt/airflow/dags/dss150p_pipeline.py took 1.968 seconds
[2026-09-23T13:16:58.488+0000] {processor.py:186} INFO - Started process (PID=178) to work on /opt/airflow/dags/dss150p_pipeline.py
[2026-09-23T13:16:58.533+0000] {processor.py:914} INFO - Processing file /opt/airflow/dags/dss150p_pipeline.py for tasks to queue
[2026-09-23T13:16:58.584+0000] {logging_mixin.py:190} INFO - [2026-09-23T13:16:58.582+0000] {dagbag.py:588} INFO - Filling up the DagBag from /opt/airflow/dags/dss150p_pipeline.py
[2026-09-23T13:16:58.865+0000] {processor.py:925} INFO - DAG(s) 'dss150p_sales_pipeline' retrieved from /opt/airflow/dags/dss150p_pipeline.py
[2026-09-23T13:16:59.057+0000] {logging_mixin.py:190} INFO - [2026-09-23T13:16:59.056+0000] {dag.py:3239} INFO - Sync 1 DAGs
[2026-09-23T13:16:59.177+0000] {logging_mixin.py:190} INFO - [2026-09-23T13:16:59.176+0000] {dag.py:4180} INFO - Setting next_dagrun for dss150p_sales_pipeline to 2026-09-22 02:00:00+00:00, run_after=2026-09-23 02:00:00+00:00
[2026-09-23T13:16:59.235+0000] {processor.py:208} INFO - Processing /opt/airflow/dags/dss150p_pipeline.py took 0.770 seconds
[2026-09-23T13:17:30.073+0000] {processor.py:186} INFO - Started process (PID=183) to work on /opt/airflow/dags/dss150p_pipeline.py
[2026-09-23T13:17:30.083+0000] {processor.py:914} INFO - Processing file /opt/airflow/dags/dss150p_pipeline.py for tasks to queue
[2026-09-23T13:17:30.116+0000] {logging_mixin.py:190} INFO - [2026-09-23T13:17:30.102+0000] {dagbag.py:588} INFO - Filling up the DagBag from /opt/airflow/dags/dss150p_pipeline.py
[2026-09-23T13:17:30.379+0000] {processor.py:925} INFO - DAG(s) 'dss150p_sales_pipeline' retrieved from /opt/airflow/dags/dss150p_pipeline.py
[2026-09-23T13:17:30.621+0000] {logging_mixin.py:190} INFO - [2026-09-23T13:17:30.617+0000] {dag.py:3239} INFO - Sync 1 DAGs
[2026-09-23T13:17:31.011+0000] {logging_mixin.py:190} INFO - [2026-09-23T13:17:31.011+0000] {dag.py:4180} INFO - Setting next_dagrun for dss150p_sales_pipeline to 2026-09-22 02:00:00+00:00, run_after=2026-09-23 02:00:00+00:00
[2026-09-23T13:17:31.175+0000] {processor.py:208} INFO - Processing /opt/airflow/dags/dss150p_pipeline.py took 1.148 seconds
[2026-09-23T13:18:02.383+0000] {processor.py:186} INFO - Started process (PID=188) to work on /opt/airflow/dags/dss150p_pipeline.py
[2026-09-23T13:18:02.396+0000] {processor.py:914} INFO - Processing file /opt/airflow/dags/dss150p_pipeline.py for tasks to queue
[2026-09-23T13:18:02.409+0000] {logging_mixin.py:190} INFO - [2026-09-23T13:18:02.407+0000] {dagbag.py:588} INFO - Filling up the DagBag from /opt/airflow/dags/dss150p_pipeline.py
[2026-09-23T13:18:02.936+0000] {processor.py:925} INFO - DAG(s) 'dss150p_sales_pipeline' retrieved from /opt/airflow/dags/dss150p_pipeline.py
[2026-09-23T13:18:03.930+0000] {logging_mixin.py:190} INFO - [2026-09-23T13:18:03.930+0000] {dag.py:3239} INFO - Sync 1 DAGs
[2026-09-23T13:18:04.440+0000] {logging_mixin.py:190} INFO - [2026-09-23T13:18:04.440+0000] {dag.py:4180} INFO - Setting next_dagrun for dss150p_sales_pipeline to 2026-09-22 02:00:00+00:00, run_after=2026-09-23 02:00:00+00:00
[2026-09-23T13:18:04.734+0000] {processor.py:208} INFO - Processing /opt/airflow/dags/dss150p_pipeline.py took 2.808 seconds
[2026-09-23T13:18:35.019+0000] {processor.py:186} INFO - Started process (PID=193) to work on /opt/airflow/dags/dss150p_pipeline.py
[2026-09-23T13:18:35.021+0000] {processor.py:914} INFO - Processing file /opt/airflow/dags/dss150p_pipeline.py for tasks to queue
[2026-09-23T13:18:35.028+0000] {logging_mixin.py:190} INFO - [2026-09-23T13:18:35.026+0000] {dagbag.py:588} INFO - Filling up the DagBag from /opt/airflow/dags/dss150p_pipeline.py
[2026-09-23T13:18:35.089+0000] {processor.py:925} INFO - DAG(s) 'dss150p_sales_pipeline' retrieved from /opt/airflow/dags/dss150p_pipeline.py
[2026-09-23T13:18:35.248+0000] {logging_mixin.py:190} INFO - [2026-09-23T13:18:35.247+0000] {dag.py:3239} INFO - Sync 1 DAGs
[2026-09-23T13:18:35.331+0000] {logging_mixin.py:190} INFO - [2026-09-23T13:18:35.331+0000] {dag.py:4180} INFO - Setting next_dagrun for dss150p_sales_pipeline to 2026-09-22 02:00:00+00:00, run_after=2026-09-23 02:00:00+00:00
[2026-09-23T13:18:35.486+0000] {processor.py:208} INFO - Processing /opt/airflow/dags/dss150p_pipeline.py took 0.481 seconds
[2026-09-23T13:19:06.092+0000] {processor.py:186} INFO - Started process (PID=198) to work on /opt/airflow/dags/dss150p_pipeline.py
[2026-09-23T13:19:06.097+0000] {processor.py:914} INFO - Processing file /opt/airflow/dags/dss150p_pipeline.py for tasks to queue
[2026-09-23T13:19:06.111+0000] {logging_mixin.py:190} INFO - [2026-09-23T13:19:06.110+0000] {dagbag.py:588} INFO - Filling up the DagBag from /opt/airflow/dags/dss150p_pipeline.py
[2026-09-23T13:19:06.196+0000] {processor.py:925} INFO - DAG(s) 'dss150p_sales_pipeline' retrieved from /opt/airflow/dags/dss150p_pipeline.py
[2026-09-23T13:19:06.434+0000] {logging_mixin.py:190} INFO - [2026-09-23T13:19:06.434+0000] {dag.py:3239} INFO - Sync 1 DAGs
[2026-09-23T13:19:06.745+0000] {logging_mixin.py:190} INFO - [2026-09-23T13:19:06.744+0000] {dag.py:4180} INFO - Setting next_dagrun for dss150p_sales_pipeline to 2026-09-22 02:00:00+00:00, run_after=2026-09-23 02:00:00+00:00
[2026-09-23T13:19:06.918+0000] {processor.py:208} INFO - Processing /opt/airflow/dags/dss150p_pipeline.py took 0.853 seconds
[2026-09-23T13:19:37.426+0000] {processor.py:186} INFO - Started process (PID=203) to work on /opt/airflow/dags/dss150p_pipeline.py
[2026-09-23T13:19:37.431+0000] {processor.py:914} INFO - Processing file /opt/airflow/dags/dss150p_pipeline.py for tasks to queue
[2026-09-23T13:19:37.436+0000] {logging_mixin.py:190} INFO - [2026-09-23T13:19:37.436+0000] {dagbag.py:588} INFO - Filling up the DagBag from /opt/airflow/dags/dss150p_pipeline.py
[2026-09-23T13:19:37.527+0000] {processor.py:925} INFO - DAG(s) 'dss150p_sales_pipeline' retrieved from /opt/airflow/dags/dss150p_pipeline.py
[2026-09-23T13:19:37.949+0000] {logging_mixin.py:190} INFO - [2026-09-23T13:19:37.949+0000] {dag.py:3239} INFO - Sync 1 DAGs
[2026-09-23T13:19:38.319+0000] {logging_mixin.py:190} INFO - [2026-09-23T13:19:38.317+0000] {dag.py:4180} INFO - Setting next_dagrun for dss150p_sales_pipeline to 2026-09-22 02:00:00+00:00, run_after=2026-09-23 02:00:00+00:00
[2026-09-23T13:19:38.472+0000] {processor.py:208} INFO - Processing /opt/airflow/dags/dss150p_pipeline.py took 1.078 seconds
[2026-09-23T13:20:08.906+0000] {processor.py:186} INFO - Started process (PID=208) to work on /opt/airflow/dags/dss150p_pipeline.py
[2026-09-23T13:20:08.908+0000] {processor.py:914} INFO - Processing file /opt/airflow/dags/dss150p_pipeline.py for tasks to queue
[2026-09-23T13:20:08.912+0000] {logging_mixin.py:190} INFO - [2026-09-23T13:20:08.911+0000] {dagbag.py:588} INFO - Filling up the DagBag from /opt/airflow/dags/dss150p_pipeline.py
[2026-09-23T13:20:08.947+0000] {processor.py:925} INFO - DAG(s) 'dss150p_sales_pipeline' retrieved from /opt/airflow/dags/dss150p_pipeline.py
[2026-09-23T13:20:09.034+0000] {logging_mixin.py:190} INFO - [2026-09-23T13:20:09.033+0000] {dag.py:3239} INFO - Sync 1 DAGs
[2026-09-23T13:20:09.075+0000] {logging_mixin.py:190} INFO - [2026-09-23T13:20:09.075+0000] {dag.py:4180} INFO - Setting next_dagrun for dss150p_sales_pipeline to 2026-09-22 02:00:00+00:00, run_after=2026-09-23 02:00:00+00:00
[2026-09-23T13:20:09.105+0000] {processor.py:208} INFO - Processing /opt/airflow/dags/dss150p_pipeline.py took 0.213 seconds
[2026-09-23T13:20:39.276+0000] {processor.py:186} INFO - Started process (PID=213) to work on /opt/airflow/dags/dss150p_pipeline.py
[2026-09-23T13:20:39.278+0000] {processor.py:914} INFO - Processing file /opt/airflow/dags/dss150p_pipeline.py for tasks to queue
[2026-09-23T13:20:39.283+0000] {logging_mixin.py:190} INFO - [2026-09-23T13:20:39.282+0000] {dagbag.py:588} INFO - Filling up the DagBag from /opt/airflow/dags/dss150p_pipeline.py
[2026-09-23T13:20:39.309+0000] {processor.py:925} INFO - DAG(s) 'dss150p_sales_pipeline' retrieved from /opt/airflow/dags/dss150p_pipeline.py
[2026-09-23T13:20:39.459+0000] {logging_mixin.py:190} INFO - [2026-09-23T13:20:39.459+0000] {dag.py:3239} INFO - Sync 1 DAGs
[2026-09-23T13:20:39.514+0000] {logging_mixin.py:190} INFO - [2026-09-23T13:20:39.514+0000] {dag.py:4180} INFO - Setting next_dagrun for dss150p_sales_pipeline to 2026-09-22 02:00:00+00:00, run_after=2026-09-23 02:00:00+00:00
[2026-09-23T13:20:39.547+0000] {processor.py:208} INFO - Processing /opt/airflow/dags/dss150p_pipeline.py took 0.292 seconds
[2026-09-23T13:21:09.959+0000] {processor.py:186} INFO - Started process (PID=218) to work on /opt/airflow/dags/dss150p_pipeline.py
[2026-09-23T13:21:09.964+0000] {processor.py:914} INFO - Processing file /opt/airflow/dags/dss150p_pipeline.py for tasks to queue
[2026-09-23T13:21:09.968+0000] {logging_mixin.py:190} INFO - [2026-09-23T13:21:09.968+0000] {dagbag.py:588} INFO - Filling up the DagBag from /opt/airflow/dags/dss150p_pipeline.py
[2026-09-23T13:21:10.035+0000] {processor.py:925} INFO - DAG(s) 'dss150p_sales_pipeline' retrieved from /opt/airflow/dags/dss150p_pipeline.py
[2026-09-23T13:21:10.133+0000] {logging_mixin.py:190} INFO - [2026-09-23T13:21:10.132+0000] {dag.py:3239} INFO - Sync 1 DAGs
[2026-09-23T13:21:10.202+0000] {logging_mixin.py:190} INFO - [2026-09-23T13:21:10.201+0000] {dag.py:4180} INFO - Setting next_dagrun for dss150p_sales_pipeline to 2026-09-22 02:00:00+00:00, run_after=2026-09-23 02:00:00+00:00
[2026-09-23T13:21:10.252+0000] {processor.py:208} INFO - Processing /opt/airflow/dags/dss150p_pipeline.py took 0.311 seconds
[2026-09-23T13:21:40.604+0000] {processor.py:186} INFO - Started process (PID=223) to work on /opt/airflow/dags/dss150p_pipeline.py
[2026-09-23T13:21:40.606+0000] {processor.py:914} INFO - Processing file /opt/airflow/dags/dss150p_pipeline.py for tasks to queue
[2026-09-23T13:21:40.611+0000] {logging_mixin.py:190} INFO - [2026-09-23T13:21:40.610+0000] {dagbag.py:588} INFO - Filling up the DagBag from /opt/airflow/dags/dss150p_pipeline.py
[2026-09-23T13:21:40.653+0000] {processor.py:925} INFO - DAG(s) 'dss150p_sales_pipeline' retrieved from /opt/airflow/dags/dss150p_pipeline.py
[2026-09-23T13:21:40.745+0000] {logging_mixin.py:190} INFO - [2026-09-23T13:21:40.745+0000] {dag.py:3239} INFO - Sync 1 DAGs
[2026-09-23T13:21:40.789+0000] {logging_mixin.py:190} INFO - [2026-09-23T13:21:40.789+0000] {dag.py:4180} INFO - Setting next_dagrun for dss150p_sales_pipeline to 2026-09-22 02:00:00+00:00, run_after=2026-09-23 02:00:00+00:00
[2026-09-23T13:21:40.829+0000] {processor.py:208} INFO - Processing /opt/airflow/dags/dss150p_pipeline.py took 0.240 seconds
[2026-09-23T13:24:35.756+0000] {processor.py:186} INFO - Started process (PID=162) to work on /opt/airflow/dags/dss150p_pipeline.py
[2026-09-23T13:24:35.761+0000] {processor.py:914} INFO - Processing file /opt/airflow/dags/dss150p_pipeline.py for tasks to queue
[2026-09-23T13:24:35.780+0000] {logging_mixin.py:190} INFO - [2026-09-23T13:24:35.776+0000] {dagbag.py:588} INFO - Filling up the DagBag from /opt/airflow/dags/dss150p_pipeline.py
[2026-09-23T13:24:35.883+0000] {processor.py:925} INFO - DAG(s) 'dss150p_sales_pipeline' retrieved from /opt/airflow/dags/dss150p_pipeline.py
[2026-09-23T13:24:36.101+0000] {logging_mixin.py:190} INFO - [2026-09-23T13:24:36.100+0000] {dag.py:3239} INFO - Sync 1 DAGs
[2026-09-23T13:24:36.191+0000] {logging_mixin.py:190} INFO - [2026-09-23T13:24:36.190+0000] {dag.py:4180} INFO - Setting next_dagrun for dss150p_sales_pipeline to 2026-09-22 02:00:00+00:00, run_after=2026-09-23 02:00:00+00:00
[2026-09-23T13:24:36.238+0000] {processor.py:208} INFO - Processing /opt/airflow/dags/dss150p_pipeline.py took 0.521 seconds
[2026-09-23T13:25:07.426+0000] {processor.py:186} INFO - Started process (PID=167) to work on /opt/airflow/dags/dss150p_pipeline.py
[2026-09-23T13:25:07.511+0000] {processor.py:914} INFO - Processing file /opt/airflow/dags/dss150p_pipeline.py for tasks to queue
[2026-09-23T13:25:08.457+0000] {logging_mixin.py:190} INFO - [2026-09-23T13:25:08.448+0000] {dagbag.py:588} INFO - Filling up the DagBag from /opt/airflow/dags/dss150p_pipeline.py
[2026-09-23T13:25:09.430+0000] {processor.py:925} INFO - DAG(s) 'dss150p_sales_pipeline' retrieved from /opt/airflow/dags/dss150p_pipeline.py
[2026-09-23T13:25:09.744+0000] {logging_mixin.py:190} INFO - [2026-09-23T13:25:09.743+0000] {dag.py:3239} INFO - Sync 1 DAGs
[2026-09-23T13:25:09.875+0000] {logging_mixin.py:190} INFO - [2026-09-23T13:25:09.875+0000] {dag.py:4180} INFO - Setting next_dagrun for dss150p_sales_pipeline to 2026-09-22 02:00:00+00:00, run_after=2026-09-23 02:00:00+00:00
[2026-09-23T13:25:09.941+0000] {processor.py:208} INFO - Processing /opt/airflow/dags/dss150p_pipeline.py took 2.614 seconds
[2026-09-23T13:25:40.441+0000] {processor.py:186} INFO - Started process (PID=172) to work on /opt/airflow/dags/dss150p_pipeline.py
[2026-09-23T13:25:40.457+0000] {processor.py:914} INFO - Processing file /opt/airflow/dags/dss150p_pipeline.py for tasks to queue
[2026-09-23T13:25:40.479+0000] {logging_mixin.py:190} INFO - [2026-09-23T13:25:40.474+0000] {dagbag.py:588} INFO - Filling up the DagBag from /opt/airflow/dags/dss150p_pipeline.py
[2026-09-23T13:25:40.615+0000] {processor.py:925} INFO - DAG(s) 'dss150p_sales_pipeline' retrieved from /opt/airflow/dags/dss150p_pipeline.py
[2026-09-23T13:25:40.945+0000] {logging_mixin.py:190} INFO - [2026-09-23T13:25:40.945+0000] {dag.py:3239} INFO - Sync 1 DAGs
[2026-09-23T13:25:41.087+0000] {logging_mixin.py:190} INFO - [2026-09-23T13:25:41.086+0000] {dag.py:4180} INFO - Setting next_dagrun for dss150p_sales_pipeline to 2026-09-22 02:00:00+00:00, run_after=2026-09-23 02:00:00+00:00
[2026-09-23T13:25:41.240+0000] {processor.py:208} INFO - Processing /opt/airflow/dags/dss150p_pipeline.py took 0.981 seconds
[2026-09-23T13:26:12.253+0000] {processor.py:186} INFO - Started process (PID=177) to work on /opt/airflow/dags/dss150p_pipeline.py
[2026-09-23T13:26:12.298+0000] {processor.py:914} INFO - Processing file /opt/airflow/dags/dss150p_pipeline.py for tasks to queue
[2026-09-23T13:26:12.316+0000] {logging_mixin.py:190} INFO - [2026-09-23T13:26:12.316+0000] {dagbag.py:588} INFO - Filling up the DagBag from /opt/airflow/dags/dss150p_pipeline.py
[2026-09-23T13:26:13.521+0000] {processor.py:925} INFO - DAG(s) 'dss150p_sales_pipeline' retrieved from /opt/airflow/dags/dss150p_pipeline.py
[2026-09-23T13:26:13.784+0000] {logging_mixin.py:190} INFO - [2026-09-23T13:26:13.784+0000] {dag.py:3239} INFO - Sync 1 DAGs
[2026-09-23T13:26:13.938+0000] {logging_mixin.py:190} INFO - [2026-09-23T13:26:13.938+0000] {dag.py:4180} INFO - Setting next_dagrun for dss150p_sales_pipeline to 2026-09-22 02:00:00+00:00, run_after=2026-09-23 02:00:00+00:00
[2026-09-23T13:26:14.454+0000] {processor.py:208} INFO - Processing /opt/airflow/dags/dss150p_pipeline.py took 2.272 seconds
[2026-09-23T13:26:44.882+0000] {processor.py:186} INFO - Started process (PID=182) to work on /opt/airflow/dags/dss150p_pipeline.py
[2026-09-23T13:26:44.887+0000] {processor.py:914} INFO - Processing file /opt/airflow/dags/dss150p_pipeline.py for tasks to queue
[2026-09-23T13:26:44.900+0000] {logging_mixin.py:190} INFO - [2026-09-23T13:26:44.895+0000] {dagbag.py:588} INFO - Filling up the DagBag from /opt/airflow/dags/dss150p_pipeline.py
[2026-09-23T13:26:44.981+0000] {processor.py:925} INFO - DAG(s) 'dss150p_sales_pipeline' retrieved from /opt/airflow/dags/dss150p_pipeline.py
[2026-09-23T13:26:45.179+0000] {logging_mixin.py:190} INFO - [2026-09-23T13:26:45.178+0000] {dag.py:3239} INFO - Sync 1 DAGs
[2026-09-23T13:26:45.241+0000] {logging_mixin.py:190} INFO - [2026-09-23T13:26:45.241+0000] {dag.py:4180} INFO - Setting next_dagrun for dss150p_sales_pipeline to 2026-09-22 02:00:00+00:00, run_after=2026-09-23 02:00:00+00:00
[2026-09-23T13:26:45.313+0000] {processor.py:208} INFO - Processing /opt/airflow/dags/dss150p_pipeline.py took 0.470 seconds
[2026-09-23T13:27:15.965+0000] {processor.py:186} INFO - Started process (PID=187) to work on /opt/airflow/dags/dss150p_pipeline.py
[2026-09-23T13:27:16.061+0000] {processor.py:914} INFO - Processing file /opt/airflow/dags/dss150p_pipeline.py for tasks to queue
[2026-09-23T13:27:16.112+0000] {logging_mixin.py:190} INFO - [2026-09-23T13:27:16.110+0000] {dagbag.py:588} INFO - Filling up the DagBag from /opt/airflow/dags/dss150p_pipeline.py
[2026-09-23T13:27:16.352+0000] {processor.py:925} INFO - DAG(s) 'dss150p_sales_pipeline' retrieved from /opt/airflow/dags/dss150p_pipeline.py
[2026-09-23T13:27:16.759+0000] {logging_mixin.py:190} INFO - [2026-09-23T13:27:16.758+0000] {dag.py:3239} INFO - Sync 1 DAGs
[2026-09-23T13:27:16.990+0000] {logging_mixin.py:190} INFO - [2026-09-23T13:27:16.988+0000] {dag.py:4180} INFO - Setting next_dagrun for dss150p_sales_pipeline to 2026-09-22 02:00:00+00:00, run_after=2026-09-23 02:00:00+00:00
[2026-09-23T13:27:17.199+0000] {processor.py:208} INFO - Processing /opt/airflow/dags/dss150p_pipeline.py took 1.280 seconds
[2026-09-23T13:27:47.704+0000] {processor.py:186} INFO - Started process (PID=192) to work on /opt/airflow/dags/dss150p_pipeline.py
[2026-09-23T13:27:47.753+0000] {processor.py:914} INFO - Processing file /opt/airflow/dags/dss150p_pipeline.py for tasks to queue
[2026-09-23T13:27:47.762+0000] {logging_mixin.py:190} INFO - [2026-09-23T13:27:47.761+0000] {dagbag.py:588} INFO - Filling up the DagBag from /opt/airflow/dags/dss150p_pipeline.py
[2026-09-23T13:27:48.019+0000] {processor.py:925} INFO - DAG(s) 'dss150p_sales_pipeline' retrieved from /opt/airflow/dags/dss150p_pipeline.py
[2026-09-23T13:27:48.209+0000] {logging_mixin.py:190} INFO - [2026-09-23T13:27:48.209+0000] {dag.py:3239} INFO - Sync 1 DAGs
[2026-09-23T13:27:48.299+0000] {logging_mixin.py:190} INFO - [2026-09-23T13:27:48.299+0000] {dag.py:4180} INFO - Setting next_dagrun for dss150p_sales_pipeline to 2026-09-22 02:00:00+00:00, run_after=2026-09-23 02:00:00+00:00
[2026-09-23T13:27:48.403+0000] {processor.py:208} INFO - Processing /opt/airflow/dags/dss150p_pipeline.py took 0.747 seconds
[2026-09-23T13:28:18.686+0000] {processor.py:186} INFO - Started process (PID=197) to work on /opt/airflow/dags/dss150p_pipeline.py
[2026-09-23T13:28:18.696+0000] {processor.py:914} INFO - Processing file /opt/airflow/dags/dss150p_pipeline.py for tasks to queue
[2026-09-23T13:28:18.701+0000] {logging_mixin.py:190} INFO - [2026-09-23T13:28:18.701+0000] {dagbag.py:588} INFO - Filling up the DagBag from /opt/airflow/dags/dss150p_pipeline.py
[2026-09-23T13:28:18.772+0000] {processor.py:925} INFO - DAG(s) 'dss150p_sales_pipeline' retrieved from /opt/airflow/dags/dss150p_pipeline.py
[2026-09-23T13:28:18.944+0000] {logging_mixin.py:190} INFO - [2026-09-23T13:28:18.943+0000] {dag.py:3239} INFO - Sync 1 DAGs
[2026-09-23T13:28:19.059+0000] {logging_mixin.py:190} INFO - [2026-09-23T13:28:19.058+0000] {dag.py:4180} INFO - Setting next_dagrun for dss150p_sales_pipeline to 2026-09-22 02:00:00+00:00, run_after=2026-09-23 02:00:00+00:00
[2026-09-23T13:28:19.106+0000] {processor.py:208} INFO - Processing /opt/airflow/dags/dss150p_pipeline.py took 0.462 seconds
[2026-09-23T13:28:49.683+0000] {processor.py:186} INFO - Started process (PID=210) to work on /opt/airflow/dags/dss150p_pipeline.py
[2026-09-23T13:28:49.690+0000] {processor.py:914} INFO - Processing file /opt/airflow/dags/dss150p_pipeline.py for tasks to queue
[2026-09-23T13:28:49.700+0000] {logging_mixin.py:190} INFO - [2026-09-23T13:28:49.699+0000] {dagbag.py:588} INFO - Filling up the DagBag from /opt/airflow/dags/dss150p_pipeline.py
[2026-09-23T13:28:49.772+0000] {processor.py:925} INFO - DAG(s) 'dss150p_sales_pipeline' retrieved from /opt/airflow/dags/dss150p_pipeline.py
[2026-09-23T13:28:50.061+0000] {logging_mixin.py:190} INFO - [2026-09-23T13:28:50.059+0000] {dag.py:3239} INFO - Sync 1 DAGs
[2026-09-23T13:28:50.183+0000] {logging_mixin.py:190} INFO - [2026-09-23T13:28:50.183+0000] {dag.py:4180} INFO - Setting next_dagrun for dss150p_sales_pipeline to 2026-09-23 02:00:00+00:00, run_after=2026-09-24 02:00:00+00:00
[2026-09-23T13:28:50.235+0000] {processor.py:208} INFO - Processing /opt/airflow/dags/dss150p_pipeline.py took 0.588 seconds
[2026-09-23T13:29:20.781+0000] {processor.py:186} INFO - Started process (PID=234) to work on /opt/airflow/dags/dss150p_pipeline.py
[2026-09-23T13:29:20.790+0000] {processor.py:914} INFO - Processing file /opt/airflow/dags/dss150p_pipeline.py for tasks to queue
[2026-09-23T13:29:20.799+0000] {logging_mixin.py:190} INFO - [2026-09-23T13:29:20.797+0000] {dagbag.py:588} INFO - Filling up the DagBag from /opt/airflow/dags/dss150p_pipeline.py
[2026-09-23T13:29:20.897+0000] {processor.py:925} INFO - DAG(s) 'dss150p_sales_pipeline' retrieved from /opt/airflow/dags/dss150p_pipeline.py
[2026-09-23T13:29:21.078+0000] {logging_mixin.py:190} INFO - [2026-09-23T13:29:21.077+0000] {dag.py:3239} INFO - Sync 1 DAGs
[2026-09-23T13:29:21.226+0000] {logging_mixin.py:190} INFO - [2026-09-23T13:29:21.225+0000] {dag.py:4180} INFO - Setting next_dagrun for dss150p_sales_pipeline to 2026-09-23 02:00:00+00:00, run_after=2026-09-24 02:00:00+00:00
[2026-09-23T13:29:21.292+0000] {processor.py:208} INFO - Processing /opt/airflow/dags/dss150p_pipeline.py took 0.545 seconds
[2026-09-23T13:29:51.605+0000] {processor.py:186} INFO - Started process (PID=259) to work on /opt/airflow/dags/dss150p_pipeline.py
[2026-09-23T13:29:51.609+0000] {processor.py:914} INFO - Processing file /opt/airflow/dags/dss150p_pipeline.py for tasks to queue
[2026-09-23T13:29:51.621+0000] {logging_mixin.py:190} INFO - [2026-09-23T13:29:51.618+0000] {dagbag.py:588} INFO - Filling up the DagBag from /opt/airflow/dags/dss150p_pipeline.py
[2026-09-23T13:29:51.675+0000] {processor.py:925} INFO - DAG(s) 'dss150p_sales_pipeline' retrieved from /opt/airflow/dags/dss150p_pipeline.py
[2026-09-23T13:29:51.868+0000] {logging_mixin.py:190} INFO - [2026-09-23T13:29:51.868+0000] {dag.py:3239} INFO - Sync 1 DAGs
[2026-09-23T13:29:51.980+0000] {logging_mixin.py:190} INFO - [2026-09-23T13:29:51.979+0000] {dag.py:4180} INFO - Setting next_dagrun for dss150p_sales_pipeline to 2026-09-23 02:00:00+00:00, run_after=2026-09-24 02:00:00+00:00
[2026-09-23T13:29:52.035+0000] {processor.py:208} INFO - Processing /opt/airflow/dags/dss150p_pipeline.py took 0.455 seconds
[2026-09-23T13:30:22.501+0000] {processor.py:186} INFO - Started process (PID=272) to work on /opt/airflow/dags/dss150p_pipeline.py
[2026-09-23T13:30:22.505+0000] {processor.py:914} INFO - Processing file /opt/airflow/dags/dss150p_pipeline.py for tasks to queue
[2026-09-23T13:30:22.512+0000] {logging_mixin.py:190} INFO - [2026-09-23T13:30:22.511+0000] {dagbag.py:588} INFO - Filling up the DagBag from /opt/airflow/dags/dss150p_pipeline.py
[2026-09-23T13:30:22.566+0000] {processor.py:925} INFO - DAG(s) 'dss150p_sales_pipeline' retrieved from /opt/airflow/dags/dss150p_pipeline.py
[2026-09-23T13:30:22.663+0000] {logging_mixin.py:190} INFO - [2026-09-23T13:30:22.662+0000] {dag.py:3239} INFO - Sync 1 DAGs
[2026-09-23T13:30:22.723+0000] {logging_mixin.py:190} INFO - [2026-09-23T13:30:22.722+0000] {dag.py:4180} INFO - Setting next_dagrun for dss150p_sales_pipeline to 2026-09-23 02:00:00+00:00, run_after=2026-09-24 02:00:00+00:00
[2026-09-23T13:30:22.760+0000] {processor.py:208} INFO - Processing /opt/airflow/dags/dss150p_pipeline.py took 0.277 seconds
[2026-09-23T13:30:53.279+0000] {processor.py:186} INFO - Started process (PID=277) to work on /opt/airflow/dags/dss150p_pipeline.py
[2026-09-23T13:30:53.285+0000] {processor.py:914} INFO - Processing file /opt/airflow/dags/dss150p_pipeline.py for tasks to queue
[2026-09-23T13:30:53.326+0000] {logging_mixin.py:190} INFO - [2026-09-23T13:30:53.315+0000] {dagbag.py:588} INFO - Filling up the DagBag from /opt/airflow/dags/dss150p_pipeline.py
[2026-09-23T13:30:53.462+0000] {processor.py:925} INFO - DAG(s) 'dss150p_sales_pipeline' retrieved from /opt/airflow/dags/dss150p_pipeline.py
[2026-09-23T13:30:53.673+0000] {logging_mixin.py:190} INFO - [2026-09-23T13:30:53.672+0000] {dag.py:3239} INFO - Sync 1 DAGs
[2026-09-23T13:30:53.994+0000] {logging_mixin.py:190} INFO - [2026-09-23T13:30:53.993+0000] {dag.py:4180} INFO - Setting next_dagrun for dss150p_sales_pipeline to 2026-09-23 02:00:00+00:00, run_after=2026-09-24 02:00:00+00:00
[2026-09-23T13:30:54.054+0000] {processor.py:208} INFO - Processing /opt/airflow/dags/dss150p_pipeline.py took 0.797 seconds
[2026-09-23T13:31:24.740+0000] {processor.py:186} INFO - Started process (PID=290) to work on /opt/airflow/dags/dss150p_pipeline.py
[2026-09-23T13:31:24.823+0000] {processor.py:914} INFO - Processing file /opt/airflow/dags/dss150p_pipeline.py for tasks to queue
[2026-09-23T13:31:24.841+0000] {logging_mixin.py:190} INFO - [2026-09-23T13:31:24.841+0000] {dagbag.py:588} INFO - Filling up the DagBag from /opt/airflow/dags/dss150p_pipeline.py
[2026-09-23T13:31:24.903+0000] {processor.py:925} INFO - DAG(s) 'dss150p_sales_pipeline' retrieved from /opt/airflow/dags/dss150p_pipeline.py
[2026-09-23T13:31:25.324+0000] {logging_mixin.py:190} INFO - [2026-09-23T13:31:25.323+0000] {dag.py:3239} INFO - Sync 1 DAGs
[2026-09-23T13:31:25.516+0000] {logging_mixin.py:190} INFO - [2026-09-23T13:31:25.516+0000] {dag.py:4180} INFO - Setting next_dagrun for dss150p_sales_pipeline to 2026-09-23 02:00:00+00:00, run_after=2026-09-24 02:00:00+00:00
[2026-09-23T13:31:25.569+0000] {processor.py:208} INFO - Processing /opt/airflow/dags/dss150p_pipeline.py took 0.898 seconds
[2026-09-23T13:31:56.136+0000] {processor.py:186} INFO - Started process (PID=295) to work on /opt/airflow/dags/dss150p_pipeline.py
[2026-09-23T13:31:56.153+0000] {processor.py:914} INFO - Processing file /opt/airflow/dags/dss150p_pipeline.py for tasks to queue
[2026-09-23T13:31:56.163+0000] {logging_mixin.py:190} INFO - [2026-09-23T13:31:56.162+0000] {dagbag.py:588} INFO - Filling up the DagBag from /opt/airflow/dags/dss150p_pipeline.py
[2026-09-23T13:31:56.276+0000] {processor.py:925} INFO - DAG(s) 'dss150p_sales_pipeline' retrieved from /opt/airflow/dags/dss150p_pipeline.py
[2026-09-23T13:31:57.340+0000] {logging_mixin.py:190} INFO - [2026-09-23T13:31:57.340+0000] {dag.py:3239} INFO - Sync 1 DAGs
[2026-09-23T13:31:57.677+0000] {logging_mixin.py:190} INFO - [2026-09-23T13:31:57.667+0000] {dag.py:4180} INFO - Setting next_dagrun for dss150p_sales_pipeline to 2026-09-23 02:00:00+00:00, run_after=2026-09-24 02:00:00+00:00
[2026-09-23T13:31:57.834+0000] {processor.py:208} INFO - Processing /opt/airflow/dags/dss150p_pipeline.py took 1.744 seconds
[2026-09-23T13:32:28.111+0000] {processor.py:186} INFO - Started process (PID=323) to work on /opt/airflow/dags/dss150p_pipeline.py
[2026-09-23T13:32:28.121+0000] {processor.py:914} INFO - Processing file /opt/airflow/dags/dss150p_pipeline.py for tasks to queue
[2026-09-23T13:32:28.151+0000] {logging_mixin.py:190} INFO - [2026-09-23T13:32:28.146+0000] {dagbag.py:588} INFO - Filling up the DagBag from /opt/airflow/dags/dss150p_pipeline.py
[2026-09-23T13:32:28.244+0000] {processor.py:925} INFO - DAG(s) 'dss150p_sales_pipeline' retrieved from /opt/airflow/dags/dss150p_pipeline.py
[2026-09-23T13:32:28.421+0000] {logging_mixin.py:190} INFO - [2026-09-23T13:32:28.420+0000] {dag.py:3239} INFO - Sync 1 DAGs
[2026-09-23T13:32:28.506+0000] {logging_mixin.py:190} INFO - [2026-09-23T13:32:28.506+0000] {dag.py:4180} INFO - Setting next_dagrun for dss150p_sales_pipeline to 2026-09-23 02:00:00+00:00, run_after=2026-09-24 02:00:00+00:00
[2026-09-23T13:32:28.554+0000] {processor.py:208} INFO - Processing /opt/airflow/dags/dss150p_pipeline.py took 0.485 seconds
[2026-09-23T13:32:59.686+0000] {processor.py:186} INFO - Started process (PID=348) to work on /opt/airflow/dags/dss150p_pipeline.py
[2026-09-23T13:32:59.690+0000] {processor.py:914} INFO - Processing file /opt/airflow/dags/dss150p_pipeline.py for tasks to queue
[2026-09-23T13:32:59.709+0000] {logging_mixin.py:190} INFO - [2026-09-23T13:32:59.707+0000] {dagbag.py:588} INFO - Filling up the DagBag from /opt/airflow/dags/dss150p_pipeline.py
[2026-09-23T13:32:59.762+0000] {processor.py:925} INFO - DAG(s) 'dss150p_sales_pipeline' retrieved from /opt/airflow/dags/dss150p_pipeline.py
[2026-09-23T13:32:59.976+0000] {logging_mixin.py:190} INFO - [2026-09-23T13:32:59.975+0000] {dag.py:3239} INFO - Sync 1 DAGs
[2026-09-23T13:33:00.133+0000] {logging_mixin.py:190} INFO - [2026-09-23T13:33:00.132+0000] {dag.py:4180} INFO - Setting next_dagrun for dss150p_sales_pipeline to 2026-09-23 02:00:00+00:00, run_after=2026-09-24 02:00:00+00:00
[2026-09-23T13:33:00.177+0000] {processor.py:208} INFO - Processing /opt/airflow/dags/dss150p_pipeline.py took 0.528 seconds
[2026-09-23T13:33:30.352+0000] {processor.py:186} INFO - Started process (PID=373) to work on /opt/airflow/dags/dss150p_pipeline.py
[2026-09-23T13:33:30.545+0000] {processor.py:914} INFO - Processing file /opt/airflow/dags/dss150p_pipeline.py for tasks to queue
[2026-09-23T13:33:30.639+0000] {logging_mixin.py:190} INFO - [2026-09-23T13:33:30.639+0000] {dagbag.py:588} INFO - Filling up the DagBag from /opt/airflow/dags/dss150p_pipeline.py
[2026-09-23T13:33:30.866+0000] {processor.py:925} INFO - DAG(s) 'dss150p_sales_pipeline' retrieved from /opt/airflow/dags/dss150p_pipeline.py
[2026-09-23T13:33:31.258+0000] {logging_mixin.py:190} INFO - [2026-09-23T13:33:31.257+0000] {dag.py:3239} INFO - Sync 1 DAGs
[2026-09-23T13:33:31.431+0000] {logging_mixin.py:190} INFO - [2026-09-23T13:33:31.430+0000] {dag.py:4180} INFO - Setting next_dagrun for dss150p_sales_pipeline to 2026-09-23 02:00:00+00:00, run_after=2026-09-24 02:00:00+00:00
[2026-09-23T13:33:31.500+0000] {processor.py:208} INFO - Processing /opt/airflow/dags/dss150p_pipeline.py took 1.168 seconds
[2026-09-23T13:34:02.114+0000] {processor.py:186} INFO - Started process (PID=378) to work on /opt/airflow/dags/dss150p_pipeline.py
[2026-09-23T13:34:02.122+0000] {processor.py:914} INFO - Processing file /opt/airflow/dags/dss150p_pipeline.py for tasks to queue
[2026-09-23T13:34:02.132+0000] {logging_mixin.py:190} INFO - [2026-09-23T13:34:02.131+0000] {dagbag.py:588} INFO - Filling up the DagBag from /opt/airflow/dags/dss150p_pipeline.py
[2026-09-23T13:34:02.239+0000] {processor.py:925} INFO - DAG(s) 'dss150p_sales_pipeline' retrieved from /opt/airflow/dags/dss150p_pipeline.py
[2026-09-23T13:34:02.467+0000] {logging_mixin.py:190} INFO - [2026-09-23T13:34:02.466+0000] {dag.py:3239} INFO - Sync 1 DAGs
[2026-09-23T13:34:02.631+0000] {logging_mixin.py:190} INFO - [2026-09-23T13:34:02.631+0000] {dag.py:4180} INFO - Setting next_dagrun for dss150p_sales_pipeline to 2026-09-23 02:00:00+00:00, run_after=2026-09-24 02:00:00+00:00
[2026-09-23T13:34:03.028+0000] {processor.py:208} INFO - Processing /opt/airflow/dags/dss150p_pipeline.py took 0.990 seconds
[2026-09-23T13:34:33.572+0000] {processor.py:186} INFO - Started process (PID=391) to work on /opt/airflow/dags/dss150p_pipeline.py
[2026-09-23T13:34:33.575+0000] {processor.py:914} INFO - Processing file /opt/airflow/dags/dss150p_pipeline.py for tasks to queue
[2026-09-23T13:34:33.586+0000] {logging_mixin.py:190} INFO - [2026-09-23T13:34:33.586+0000] {dagbag.py:588} INFO - Filling up the DagBag from /opt/airflow/dags/dss150p_pipeline.py
[2026-09-23T13:34:33.636+0000] {processor.py:925} INFO - DAG(s) 'dss150p_sales_pipeline' retrieved from /opt/airflow/dags/dss150p_pipeline.py
[2026-09-23T13:34:33.742+0000] {logging_mixin.py:190} INFO - [2026-09-23T13:34:33.742+0000] {dag.py:3239} INFO - Sync 1 DAGs
[2026-09-23T13:34:33.795+0000] {logging_mixin.py:190} INFO - [2026-09-23T13:34:33.795+0000] {dag.py:4180} INFO - Setting next_dagrun for dss150p_sales_pipeline to 2026-09-23 02:00:00+00:00, run_after=2026-09-24 02:00:00+00:00
[2026-09-23T13:34:33.823+0000] {processor.py:208} INFO - Processing /opt/airflow/dags/dss150p_pipeline.py took 0.266 seconds
[2026-09-23T13:35:04.039+0000] {processor.py:186} INFO - Started process (PID=396) to work on /opt/airflow/dags/dss150p_pipeline.py
[2026-09-23T13:35:04.045+0000] {processor.py:914} INFO - Processing file /opt/airflow/dags/dss150p_pipeline.py for tasks to queue
[2026-09-23T13:35:04.048+0000] {logging_mixin.py:190} INFO - [2026-09-23T13:35:04.048+0000] {dagbag.py:588} INFO - Filling up the DagBag from /opt/airflow/dags/dss150p_pipeline.py
[2026-09-23T13:35:04.076+0000] {processor.py:925} INFO - DAG(s) 'dss150p_sales_pipeline' retrieved from /opt/airflow/dags/dss150p_pipeline.py
[2026-09-23T13:35:04.153+0000] {logging_mixin.py:190} INFO - [2026-09-23T13:35:04.152+0000] {dag.py:3239} INFO - Sync 1 DAGs
[2026-09-23T13:35:04.191+0000] {logging_mixin.py:190} INFO - [2026-09-23T13:35:04.190+0000] {dag.py:4180} INFO - Setting next_dagrun for dss150p_sales_pipeline to 2026-09-23 02:00:00+00:00, run_after=2026-09-24 02:00:00+00:00
[2026-09-23T13:35:04.216+0000] {processor.py:208} INFO - Processing /opt/airflow/dags/dss150p_pipeline.py took 0.192 seconds
[2026-09-23T13:35:35.202+0000] {processor.py:186} INFO - Started process (PID=404) to work on /opt/airflow/dags/dss150p_pipeline.py
[2026-09-23T13:35:35.225+0000] {processor.py:914} INFO - Processing file /opt/airflow/dags/dss150p_pipeline.py for tasks to queue
[2026-09-23T13:35:35.401+0000] {logging_mixin.py:190} INFO - [2026-09-23T13:35:35.398+0000] {dagbag.py:588} INFO - Filling up the DagBag from /opt/airflow/dags/dss150p_pipeline.py
[2026-09-23T13:35:35.652+0000] {processor.py:925} INFO - DAG(s) 'dss150p_sales_pipeline' retrieved from /opt/airflow/dags/dss150p_pipeline.py
[2026-09-23T13:35:35.980+0000] {logging_mixin.py:190} INFO - [2026-09-23T13:35:35.980+0000] {dag.py:3239} INFO - Sync 1 DAGs
[2026-09-23T13:35:36.138+0000] {logging_mixin.py:190} INFO - [2026-09-23T13:35:36.137+0000] {dag.py:4180} INFO - Setting next_dagrun for dss150p_sales_pipeline to 2026-09-23 02:00:00+00:00, run_after=2026-09-24 02:00:00+00:00
[2026-09-23T13:35:36.200+0000] {processor.py:208} INFO - Processing /opt/airflow/dags/dss150p_pipeline.py took 1.192 seconds
[2026-09-23T13:36:06.364+0000] {processor.py:186} INFO - Started process (PID=414) to work on /opt/airflow/dags/dss150p_pipeline.py
[2026-09-23T13:36:06.391+0000] {processor.py:914} INFO - Processing file /opt/airflow/dags/dss150p_pipeline.py for tasks to queue
[2026-09-23T13:36:06.397+0000] {logging_mixin.py:190} INFO - [2026-09-23T13:36:06.396+0000] {dagbag.py:588} INFO - Filling up the DagBag from /opt/airflow/dags/dss150p_pipeline.py
[2026-09-23T13:36:06.461+0000] {processor.py:925} INFO - DAG(s) 'dss150p_sales_pipeline' retrieved from /opt/airflow/dags/dss150p_pipeline.py
[2026-09-23T13:36:06.588+0000] {logging_mixin.py:190} INFO - [2026-09-23T13:36:06.587+0000] {dag.py:3239} INFO - Sync 1 DAGs
[2026-09-23T13:36:06.681+0000] {logging_mixin.py:190} INFO - [2026-09-23T13:36:06.680+0000] {dag.py:4180} INFO - Setting next_dagrun for dss150p_sales_pipeline to 2026-09-23 02:00:00+00:00, run_after=2026-09-24 02:00:00+00:00
[2026-09-23T13:36:06.894+0000] {processor.py:208} INFO - Processing /opt/airflow/dags/dss150p_pipeline.py took 0.570 seconds
[2026-09-23T13:36:37.659+0000] {processor.py:186} INFO - Started process (PID=419) to work on /opt/airflow/dags/dss150p_pipeline.py
[2026-09-23T13:36:37.695+0000] {processor.py:914} INFO - Processing file /opt/airflow/dags/dss150p_pipeline.py for tasks to queue
[2026-09-23T13:36:37.752+0000] {logging_mixin.py:190} INFO - [2026-09-23T13:36:37.749+0000] {dagbag.py:588} INFO - Filling up the DagBag from /opt/airflow/dags/dss150p_pipeline.py
[2026-09-23T13:36:38.048+0000] {processor.py:925} INFO - DAG(s) 'dss150p_sales_pipeline' retrieved from /opt/airflow/dags/dss150p_pipeline.py
[2026-09-23T13:36:38.305+0000] {logging_mixin.py:190} INFO - [2026-09-23T13:36:38.305+0000] {dag.py:3239} INFO - Sync 1 DAGs
[2026-09-23T13:36:38.395+0000] {logging_mixin.py:190} INFO - [2026-09-23T13:36:38.394+0000] {dag.py:4180} INFO - Setting next_dagrun for dss150p_sales_pipeline to 2026-09-23 02:00:00+00:00, run_after=2026-09-24 02:00:00+00:00
[2026-09-23T13:36:38.452+0000] {processor.py:208} INFO - Processing /opt/airflow/dags/dss150p_pipeline.py took 0.839 seconds
[2026-09-23T13:37:09.057+0000] {processor.py:186} INFO - Started process (PID=424) to work on /opt/airflow/dags/dss150p_pipeline.py
[2026-09-23T13:37:09.067+0000] {processor.py:914} INFO - Processing file /opt/airflow/dags/dss150p_pipeline.py for tasks to queue
[2026-09-23T13:37:09.080+0000] {logging_mixin.py:190} INFO - [2026-09-23T13:37:09.076+0000] {dagbag.py:588} INFO - Filling up the DagBag from /opt/airflow/dags/dss150p_pipeline.py
[2026-09-23T13:37:09.194+0000] {processor.py:925} INFO - DAG(s) 'dss150p_sales_pipeline' retrieved from /opt/airflow/dags/dss150p_pipeline.py
[2026-09-23T13:37:09.428+0000] {logging_mixin.py:190} INFO - [2026-09-23T13:37:09.428+0000] {dag.py:3239} INFO - Sync 1 DAGs
[2026-09-23T13:37:09.496+0000] {logging_mixin.py:190} INFO - [2026-09-23T13:37:09.496+0000] {dag.py:4180} INFO - Setting next_dagrun for dss150p_sales_pipeline to 2026-09-23 02:00:00+00:00, run_after=2026-09-24 02:00:00+00:00
[2026-09-23T13:37:09.534+0000] {processor.py:208} INFO - Processing /opt/airflow/dags/dss150p_pipeline.py took 0.545 seconds
[2026-09-23T13:37:39.921+0000] {processor.py:186} INFO - Started process (PID=429) to work on /opt/airflow/dags/dss150p_pipeline.py
[2026-09-23T13:37:39.927+0000] {processor.py:914} INFO - Processing file /opt/airflow/dags/dss150p_pipeline.py for tasks to queue
[2026-09-23T13:37:39.934+0000] {logging_mixin.py:190} INFO - [2026-09-23T13:37:39.933+0000] {dagbag.py:588} INFO - Filling up the DagBag from /opt/airflow/dags/dss150p_pipeline.py
[2026-09-23T13:37:39.956+0000] {processor.py:925} INFO - DAG(s) 'dss150p_sales_pipeline' retrieved from /opt/airflow/dags/dss150p_pipeline.py
[2026-09-23T13:37:40.032+0000] {logging_mixin.py:190} INFO - [2026-09-23T13:37:40.031+0000] {dag.py:3239} INFO - Sync 1 DAGs
[2026-09-23T13:37:40.082+0000] {logging_mixin.py:190} INFO - [2026-09-23T13:37:40.082+0000] {dag.py:4180} INFO - Setting next_dagrun for dss150p_sales_pipeline to 2026-09-23 02:00:00+00:00, run_after=2026-09-24 02:00:00+00:00
[2026-09-23T13:37:40.111+0000] {processor.py:208} INFO - Processing /opt/airflow/dags/dss150p_pipeline.py took 0.201 seconds
[2026-09-23T13:38:10.996+0000] {processor.py:186} INFO - Started process (PID=434) to work on /opt/airflow/dags/dss150p_pipeline.py
[2026-09-23T13:38:10.998+0000] {processor.py:914} INFO - Processing file /opt/airflow/dags/dss150p_pipeline.py for tasks to queue
[2026-09-23T13:38:11.002+0000] {logging_mixin.py:190} INFO - [2026-09-23T13:38:11.001+0000] {dagbag.py:588} INFO - Filling up the DagBag from /opt/airflow/dags/dss150p_pipeline.py
[2026-09-23T13:38:11.037+0000] {processor.py:925} INFO - DAG(s) 'dss150p_sales_pipeline' retrieved from /opt/airflow/dags/dss150p_pipeline.py
[2026-09-23T13:38:11.122+0000] {logging_mixin.py:190} INFO - [2026-09-23T13:38:11.122+0000] {dag.py:3239} INFO - Sync 1 DAGs
[2026-09-23T13:38:11.165+0000] {logging_mixin.py:190} INFO - [2026-09-23T13:38:11.165+0000] {dag.py:4180} INFO - Setting next_dagrun for dss150p_sales_pipeline to 2026-09-23 02:00:00+00:00, run_after=2026-09-24 02:00:00+00:00
[2026-09-23T13:38:11.203+0000] {processor.py:208} INFO - Processing /opt/airflow/dags/dss150p_pipeline.py took 0.222 seconds
[2026-09-23T13:38:44.997+0000] {processor.py:186} INFO - Started process (PID=447) to work on /opt/airflow/dags/dss150p_pipeline.py
[2026-09-23T13:38:45.347+0000] {processor.py:914} INFO - Processing file /opt/airflow/dags/dss150p_pipeline.py for tasks to queue
[2026-09-23T13:38:45.466+0000] {logging_mixin.py:190} INFO - [2026-09-23T13:38:45.462+0000] {dagbag.py:588} INFO - Filling up the DagBag from /opt/airflow/dags/dss150p_pipeline.py
[2026-09-23T13:38:45.928+0000] {processor.py:925} INFO - DAG(s) 'dss150p_sales_pipeline' retrieved from /opt/airflow/dags/dss150p_pipeline.py
[2026-09-23T13:38:46.391+0000] {logging_mixin.py:190} INFO - [2026-09-23T13:38:46.391+0000] {dag.py:3239} INFO - Sync 1 DAGs
[2026-09-23T13:38:46.645+0000] {logging_mixin.py:190} INFO - [2026-09-23T13:38:46.644+0000] {dag.py:4180} INFO - Setting next_dagrun for dss150p_sales_pipeline to 2026-09-23 02:00:00+00:00, run_after=2026-09-24 02:00:00+00:00
[2026-09-23T13:38:46.802+0000] {processor.py:208} INFO - Processing /opt/airflow/dags/dss150p_pipeline.py took 2.867 seconds
[2026-09-23T13:39:17.720+0000] {processor.py:186} INFO - Started process (PID=479) to work on /opt/airflow/dags/dss150p_pipeline.py
[2026-09-23T13:39:17.743+0000] {processor.py:914} INFO - Processing file /opt/airflow/dags/dss150p_pipeline.py for tasks to queue
[2026-09-23T13:39:17.764+0000] {logging_mixin.py:190} INFO - [2026-09-23T13:39:17.763+0000] {dagbag.py:588} INFO - Filling up the DagBag from /opt/airflow/dags/dss150p_pipeline.py
[2026-09-23T13:39:17.921+0000] {processor.py:925} INFO - DAG(s) 'dss150p_sales_pipeline' retrieved from /opt/airflow/dags/dss150p_pipeline.py
[2026-09-23T13:39:18.220+0000] {logging_mixin.py:190} INFO - [2026-09-23T13:39:18.219+0000] {dag.py:3239} INFO - Sync 1 DAGs
[2026-09-23T13:39:18.651+0000] {logging_mixin.py:190} INFO - [2026-09-23T13:39:18.650+0000] {dag.py:4180} INFO - Setting next_dagrun for dss150p_sales_pipeline to 2026-09-23 02:00:00+00:00, run_after=2026-09-24 02:00:00+00:00
[2026-09-23T13:39:18.727+0000] {processor.py:208} INFO - Processing /opt/airflow/dags/dss150p_pipeline.py took 1.152 seconds
[2026-09-23T13:40:03.789+0000] {processor.py:186} INFO - Started process (PID=496) to work on /opt/airflow/dags/dss150p_pipeline.py
[2026-09-23T13:40:03.801+0000] {processor.py:914} INFO - Processing file /opt/airflow/dags/dss150p_pipeline.py for tasks to queue
[2026-09-23T13:40:03.882+0000] {logging_mixin.py:190} INFO - [2026-09-23T13:40:03.876+0000] {dagbag.py:588} INFO - Filling up the DagBag from /opt/airflow/dags/dss150p_pipeline.py
[2026-09-23T13:40:05.731+0000] {processor.py:925} INFO - DAG(s) 'dss150p_sales_pipeline' retrieved from /opt/airflow/dags/dss150p_pipeline.py
[2026-09-23T13:40:09.491+0000] {logging_mixin.py:190} INFO - [2026-09-23T13:40:09.490+0000] {dag.py:3239} INFO - Sync 1 DAGs
[2026-09-23T13:40:10.383+0000] {logging_mixin.py:190} INFO - [2026-09-23T13:40:10.378+0000] {dag.py:4180} INFO - Setting next_dagrun for dss150p_sales_pipeline to 2026-09-23 02:00:00+00:00, run_after=2026-09-24 02:00:00+00:00
[2026-09-23T13:40:10.666+0000] {processor.py:208} INFO - Processing /opt/airflow/dags/dss150p_pipeline.py took 8.185 seconds
[2026-09-23T13:40:41.439+0000] {processor.py:186} INFO - Started process (PID=509) to work on /opt/airflow/dags/dss150p_pipeline.py
[2026-09-23T13:40:41.603+0000] {processor.py:914} INFO - Processing file /opt/airflow/dags/dss150p_pipeline.py for tasks to queue
[2026-09-23T13:40:41.623+0000] {logging_mixin.py:190} INFO - [2026-09-23T13:40:41.620+0000] {dagbag.py:588} INFO - Filling up the DagBag from /opt/airflow/dags/dss150p_pipeline.py
[2026-09-23T13:40:41.688+0000] {processor.py:925} INFO - DAG(s) 'dss150p_sales_pipeline' retrieved from /opt/airflow/dags/dss150p_pipeline.py
[2026-09-23T13:40:42.125+0000] {logging_mixin.py:190} INFO - [2026-09-23T13:40:42.124+0000] {dag.py:3239} INFO - Sync 1 DAGs
[2026-09-23T13:40:42.264+0000] {logging_mixin.py:190} INFO - [2026-09-23T13:40:42.264+0000] {dag.py:4180} INFO - Setting next_dagrun for dss150p_sales_pipeline to 2026-09-23 02:00:00+00:00, run_after=2026-09-24 02:00:00+00:00
[2026-09-23T13:40:42.335+0000] {processor.py:208} INFO - Processing /opt/airflow/dags/dss150p_pipeline.py took 0.925 seconds
[2026-09-23T13:41:24.491+0000] {processor.py:186} INFO - Started process (PID=514) to work on /opt/airflow/dags/dss150p_pipeline.py
[2026-09-23T13:41:24.857+0000] {processor.py:914} INFO - Processing file /opt/airflow/dags/dss150p_pipeline.py for tasks to queue
[2026-09-23T13:41:24.995+0000] {logging_mixin.py:190} INFO - [2026-09-23T13:41:24.994+0000] {dagbag.py:588} INFO - Filling up the DagBag from /opt/airflow/dags/dss150p_pipeline.py
[2026-09-23T13:41:28.047+0000] {processor.py:925} INFO - DAG(s) 'dss150p_sales_pipeline' retrieved from /opt/airflow/dags/dss150p_pipeline.py
[2026-09-23T13:41:33.284+0000] {logging_mixin.py:190} INFO - [2026-09-23T13:41:33.282+0000] {dag.py:3239} INFO - Sync 1 DAGs
[2026-09-23T13:41:34.173+0000] {logging_mixin.py:190} INFO - [2026-09-23T13:41:34.172+0000] {dag.py:4180} INFO - Setting next_dagrun for dss150p_sales_pipeline to 2026-09-23 02:00:00+00:00, run_after=2026-09-24 02:00:00+00:00
[2026-09-23T13:41:34.792+0000] {processor.py:208} INFO - Processing /opt/airflow/dags/dss150p_pipeline.py took 11.091 seconds
[2026-09-23T13:42:05.235+0000] {processor.py:186} INFO - Started process (PID=527) to work on /opt/airflow/dags/dss150p_pipeline.py
[2026-09-23T13:42:05.240+0000] {processor.py:914} INFO - Processing file /opt/airflow/dags/dss150p_pipeline.py for tasks to queue
[2026-09-23T13:42:05.248+0000] {logging_mixin.py:190} INFO - [2026-09-23T13:42:05.246+0000] {dagbag.py:588} INFO - Filling up the DagBag from /opt/airflow/dags/dss150p_pipeline.py
[2026-09-23T13:42:05.323+0000] {processor.py:925} INFO - DAG(s) 'dss150p_sales_pipeline' retrieved from /opt/airflow/dags/dss150p_pipeline.py
[2026-09-23T13:42:05.583+0000] {logging_mixin.py:190} INFO - [2026-09-23T13:42:05.583+0000] {dag.py:3239} INFO - Sync 1 DAGs
[2026-09-23T13:42:05.728+0000] {logging_mixin.py:190} INFO - [2026-09-23T13:42:05.726+0000] {dag.py:4180} INFO - Setting next_dagrun for dss150p_sales_pipeline to 2026-09-23 02:00:00+00:00, run_after=2026-09-24 02:00:00+00:00
[2026-09-23T13:42:05.785+0000] {processor.py:208} INFO - Processing /opt/airflow/dags/dss150p_pipeline.py took 0.594 seconds
[2026-09-23T13:42:36.089+0000] {processor.py:186} INFO - Started process (PID=532) to work on /opt/airflow/dags/dss150p_pipeline.py
[2026-09-23T13:42:36.105+0000] {processor.py:914} INFO - Processing file /opt/airflow/dags/dss150p_pipeline.py for tasks to queue
[2026-09-23T13:42:36.113+0000] {logging_mixin.py:190} INFO - [2026-09-23T13:42:36.111+0000] {dagbag.py:588} INFO - Filling up the DagBag from /opt/airflow/dags/dss150p_pipeline.py
[2026-09-23T13:42:36.434+0000] {processor.py:925} INFO - DAG(s) 'dss150p_sales_pipeline' retrieved from /opt/airflow/dags/dss150p_pipeline.py
[2026-09-23T13:42:36.900+0000] {logging_mixin.py:190} INFO - [2026-09-23T13:42:36.899+0000] {dag.py:3239} INFO - Sync 1 DAGs
[2026-09-23T13:42:37.105+0000] {logging_mixin.py:190} INFO - [2026-09-23T13:42:37.092+0000] {dag.py:4180} INFO - Setting next_dagrun for dss150p_sales_pipeline to 2026-09-23 02:00:00+00:00, run_after=2026-09-24 02:00:00+00:00
[2026-09-23T13:42:37.225+0000] {processor.py:208} INFO - Processing /opt/airflow/dags/dss150p_pipeline.py took 1.209 seconds
[2026-09-23T13:43:08.015+0000] {processor.py:186} INFO - Started process (PID=545) to work on /opt/airflow/dags/dss150p_pipeline.py
[2026-09-23T13:43:08.017+0000] {processor.py:914} INFO - Processing file /opt/airflow/dags/dss150p_pipeline.py for tasks to queue
[2026-09-23T13:43:08.024+0000] {logging_mixin.py:190} INFO - [2026-09-23T13:43:08.024+0000] {dagbag.py:588} INFO - Filling up the DagBag from /opt/airflow/dags/dss150p_pipeline.py
[2026-09-23T13:43:08.077+0000] {processor.py:925} INFO - DAG(s) 'dss150p_sales_pipeline' retrieved from /opt/airflow/dags/dss150p_pipeline.py
[2026-09-23T13:43:08.229+0000] {logging_mixin.py:190} INFO - [2026-09-23T13:43:08.229+0000] {dag.py:3239} INFO - Sync 1 DAGs
[2026-09-23T13:43:08.276+0000] {logging_mixin.py:190} INFO - [2026-09-23T13:43:08.276+0000] {dag.py:4180} INFO - Setting next_dagrun for dss150p_sales_pipeline to 2026-09-23 02:00:00+00:00, run_after=2026-09-24 02:00:00+00:00
[2026-09-23T13:43:08.307+0000] {processor.py:208} INFO - Processing /opt/airflow/dags/dss150p_pipeline.py took 0.309 seconds
[2026-09-23T13:43:39.307+0000] {processor.py:186} INFO - Started process (PID=550) to work on /opt/airflow/dags/dss150p_pipeline.py
[2026-09-23T13:43:39.309+0000] {processor.py:914} INFO - Processing file /opt/airflow/dags/dss150p_pipeline.py for tasks to queue
[2026-09-23T13:43:39.314+0000] {logging_mixin.py:190} INFO - [2026-09-23T13:43:39.313+0000] {dagbag.py:588} INFO - Filling up the DagBag from /opt/airflow/dags/dss150p_pipeline.py
[2026-09-23T13:43:39.385+0000] {processor.py:925} INFO - DAG(s) 'dss150p_sales_pipeline' retrieved from /opt/airflow/dags/dss150p_pipeline.py
[2026-09-23T13:43:39.545+0000] {logging_mixin.py:190} INFO - [2026-09-23T13:43:39.545+0000] {dag.py:3239} INFO - Sync 1 DAGs
[2026-09-23T13:43:39.618+0000] {logging_mixin.py:190} INFO - [2026-09-23T13:43:39.618+0000] {dag.py:4180} INFO - Setting next_dagrun for dss150p_sales_pipeline to 2026-09-23 02:00:00+00:00, run_after=2026-09-24 02:00:00+00:00
[2026-09-23T13:43:39.662+0000] {processor.py:208} INFO - Processing /opt/airflow/dags/dss150p_pipeline.py took 0.367 seconds
[2026-09-23T13:44:10.122+0000] {processor.py:186} INFO - Started process (PID=555) to work on /opt/airflow/dags/dss150p_pipeline.py
[2026-09-23T13:44:10.153+0000] {processor.py:914} INFO - Processing file /opt/airflow/dags/dss150p_pipeline.py for tasks to queue
[2026-09-23T13:44:10.160+0000] {logging_mixin.py:190} INFO - [2026-09-23T13:44:10.160+0000] {dagbag.py:588} INFO - Filling up the DagBag from /opt/airflow/dags/dss150p_pipeline.py
[2026-09-23T13:44:10.240+0000] {processor.py:925} INFO - DAG(s) 'dss150p_sales_pipeline' retrieved from /opt/airflow/dags/dss150p_pipeline.py
[2026-09-23T13:44:11.061+0000] {logging_mixin.py:190} INFO - [2026-09-23T13:44:11.061+0000] {dag.py:3239} INFO - Sync 1 DAGs
[2026-09-23T13:44:11.243+0000] {logging_mixin.py:190} INFO - [2026-09-23T13:44:11.243+0000] {dag.py:4180} INFO - Setting next_dagrun for dss150p_sales_pipeline to 2026-09-23 02:00:00+00:00, run_after=2026-09-24 02:00:00+00:00
[2026-09-23T13:44:11.291+0000] {processor.py:208} INFO - Processing /opt/airflow/dags/dss150p_pipeline.py took 1.188 seconds
[2026-09-23T13:44:41.626+0000] {processor.py:186} INFO - Started process (PID=560) to work on /opt/airflow/dags/dss150p_pipeline.py
[2026-09-23T13:44:41.630+0000] {processor.py:914} INFO - Processing file /opt/airflow/dags/dss150p_pipeline.py for tasks to queue
[2026-09-23T13:44:41.638+0000] {logging_mixin.py:190} INFO - [2026-09-23T13:44:41.633+0000] {dagbag.py:588} INFO - Filling up the DagBag from /opt/airflow/dags/dss150p_pipeline.py
[2026-09-23T13:44:41.684+0000] {processor.py:925} INFO - DAG(s) 'dss150p_sales_pipeline' retrieved from /opt/airflow/dags/dss150p_pipeline.py
[2026-09-23T13:44:42.010+0000] {logging_mixin.py:190} INFO - [2026-09-23T13:44:42.010+0000] {dag.py:3239} INFO - Sync 1 DAGs
[2026-09-23T13:44:42.215+0000] {logging_mixin.py:190} INFO - [2026-09-23T13:44:42.214+0000] {dag.py:4180} INFO - Setting next_dagrun for dss150p_sales_pipeline to 2026-09-23 02:00:00+00:00, run_after=2026-09-24 02:00:00+00:00
[2026-09-23T13:44:42.270+0000] {processor.py:208} INFO - Processing /opt/airflow/dags/dss150p_pipeline.py took 0.689 seconds
[2026-09-23T13:45:12.881+0000] {processor.py:186} INFO - Started process (PID=565) to work on /opt/airflow/dags/dss150p_pipeline.py
[2026-09-23T13:45:12.883+0000] {processor.py:914} INFO - Processing file /opt/airflow/dags/dss150p_pipeline.py for tasks to queue
[2026-09-23T13:45:12.889+0000] {logging_mixin.py:190} INFO - [2026-09-23T13:45:12.888+0000] {dagbag.py:588} INFO - Filling up the DagBag from /opt/airflow/dags/dss150p_pipeline.py
[2026-09-23T13:45:12.922+0000] {processor.py:925} INFO - DAG(s) 'dss150p_sales_pipeline' retrieved from /opt/airflow/dags/dss150p_pipeline.py
[2026-09-23T13:45:13.017+0000] {logging_mixin.py:190} INFO - [2026-09-23T13:45:13.017+0000] {dag.py:3239} INFO - Sync 1 DAGs
[2026-09-23T13:45:13.076+0000] {logging_mixin.py:190} INFO - [2026-09-23T13:45:13.076+0000] {dag.py:4180} INFO - Setting next_dagrun for dss150p_sales_pipeline to 2026-09-23 02:00:00+00:00, run_after=2026-09-24 02:00:00+00:00
[2026-09-23T13:45:13.135+0000] {processor.py:208} INFO - Processing /opt/airflow/dags/dss150p_pipeline.py took 0.268 seconds
[2026-09-23T13:45:43.296+0000] {processor.py:186} INFO - Started process (PID=570) to work on /opt/airflow/dags/dss150p_pipeline.py
[2026-09-23T13:45:43.312+0000] {processor.py:914} INFO - Processing file /opt/airflow/dags/dss150p_pipeline.py for tasks to queue
[2026-09-23T13:45:43.321+0000] {logging_mixin.py:190} INFO - [2026-09-23T13:45:43.320+0000] {dagbag.py:588} INFO - Filling up the DagBag from /opt/airflow/dags/dss150p_pipeline.py
[2026-09-23T13:45:43.396+0000] {processor.py:925} INFO - DAG(s) 'dss150p_sales_pipeline' retrieved from /opt/airflow/dags/dss150p_pipeline.py
[2026-09-23T13:45:43.622+0000] {logging_mixin.py:190} INFO - [2026-09-23T13:45:43.621+0000] {dag.py:3239} INFO - Sync 1 DAGs
[2026-09-23T13:45:43.696+0000] {logging_mixin.py:190} INFO - [2026-09-23T13:45:43.695+0000] {dag.py:4180} INFO - Setting next_dagrun for dss150p_sales_pipeline to 2026-09-23 02:00:00+00:00, run_after=2026-09-24 02:00:00+00:00
[2026-09-23T13:45:43.731+0000] {processor.py:208} INFO - Processing /opt/airflow/dags/dss150p_pipeline.py took 0.453 seconds
[2026-09-23T13:46:14.702+0000] {processor.py:186} INFO - Started process (PID=575) to work on /opt/airflow/dags/dss150p_pipeline.py
[2026-09-23T13:46:14.708+0000] {processor.py:914} INFO - Processing file /opt/airflow/dags/dss150p_pipeline.py for tasks to queue
[2026-09-23T13:46:14.728+0000] {logging_mixin.py:190} INFO - [2026-09-23T13:46:14.726+0000] {dagbag.py:588} INFO - Filling up the DagBag from /opt/airflow/dags/dss150p_pipeline.py
[2026-09-23T13:46:14.837+0000] {processor.py:925} INFO - DAG(s) 'dss150p_sales_pipeline' retrieved from /opt/airflow/dags/dss150p_pipeline.py
[2026-09-23T13:46:14.966+0000] {logging_mixin.py:190} INFO - [2026-09-23T13:46:14.966+0000] {dag.py:3239} INFO - Sync 1 DAGs
[2026-09-23T13:46:15.045+0000] {logging_mixin.py:190} INFO - [2026-09-23T13:46:15.044+0000] {dag.py:4180} INFO - Setting next_dagrun for dss150p_sales_pipeline to 2026-09-23 02:00:00+00:00, run_after=2026-09-24 02:00:00+00:00
[2026-09-23T13:46:15.091+0000] {processor.py:208} INFO - Processing /opt/airflow/dags/dss150p_pipeline.py took 0.432 seconds
[2026-09-23T13:46:45.745+0000] {processor.py:186} INFO - Started process (PID=580) to work on /opt/airflow/dags/dss150p_pipeline.py
[2026-09-23T13:46:45.748+0000] {processor.py:914} INFO - Processing file /opt/airflow/dags/dss150p_pipeline.py for tasks to queue
[2026-09-23T13:46:45.753+0000] {logging_mixin.py:190} INFO - [2026-09-23T13:46:45.753+0000] {dagbag.py:588} INFO - Filling up the DagBag from /opt/airflow/dags/dss150p_pipeline.py
[2026-09-23T13:46:45.810+0000] {processor.py:925} INFO - DAG(s) 'dss150p_sales_pipeline' retrieved from /opt/airflow/dags/dss150p_pipeline.py
[2026-09-23T13:46:45.935+0000] {logging_mixin.py:190} INFO - [2026-09-23T13:46:45.934+0000] {dag.py:3239} INFO - Sync 1 DAGs
[2026-09-23T13:46:46.017+0000] {logging_mixin.py:190} INFO - [2026-09-23T13:46:46.017+0000] {dag.py:4180} INFO - Setting next_dagrun for dss150p_sales_pipeline to 2026-09-23 02:00:00+00:00, run_after=2026-09-24 02:00:00+00:00
[2026-09-23T13:46:46.068+0000] {processor.py:208} INFO - Processing /opt/airflow/dags/dss150p_pipeline.py took 0.424 seconds
[2026-09-23T13:47:16.473+0000] {processor.py:186} INFO - Started process (PID=585) to work on /opt/airflow/dags/dss150p_pipeline.py
[2026-09-23T13:47:16.479+0000] {processor.py:914} INFO - Processing file /opt/airflow/dags/dss150p_pipeline.py for tasks to queue
[2026-09-23T13:47:16.483+0000] {logging_mixin.py:190} INFO - [2026-09-23T13:47:16.482+0000] {dagbag.py:588} INFO - Filling up the DagBag from /opt/airflow/dags/dss150p_pipeline.py
[2026-09-23T13:47:16.514+0000] {processor.py:925} INFO - DAG(s) 'dss150p_sales_pipeline' retrieved from /opt/airflow/dags/dss150p_pipeline.py
[2026-09-23T13:47:16.629+0000] {logging_mixin.py:190} INFO - [2026-09-23T13:47:16.629+0000] {dag.py:3239} INFO - Sync 1 DAGs
[2026-09-23T13:47:16.694+0000] {logging_mixin.py:190} INFO - [2026-09-23T13:47:16.694+0000] {dag.py:4180} INFO - Setting next_dagrun for dss150p_sales_pipeline to 2026-09-23 02:00:00+00:00, run_after=2026-09-24 02:00:00+00:00
[2026-09-23T13:47:16.720+0000] {processor.py:208} INFO - Processing /opt/airflow/dags/dss150p_pipeline.py took 0.258 seconds
[2026-09-23T13:47:47.059+0000] {processor.py:186} INFO - Started process (PID=590) to work on /opt/airflow/dags/dss150p_pipeline.py
[2026-09-23T13:47:47.100+0000] {processor.py:914} INFO - Processing file /opt/airflow/dags/dss150p_pipeline.py for tasks to queue
[2026-09-23T13:47:47.106+0000] {logging_mixin.py:190} INFO - [2026-09-23T13:47:47.105+0000] {dagbag.py:588} INFO - Filling up the DagBag from /opt/airflow/dags/dss150p_pipeline.py
[2026-09-23T13:47:47.207+0000] {processor.py:925} INFO - DAG(s) 'dss150p_sales_pipeline' retrieved from /opt/airflow/dags/dss150p_pipeline.py
[2026-09-23T13:47:47.418+0000] {logging_mixin.py:190} INFO - [2026-09-23T13:47:47.418+0000] {dag.py:3239} INFO - Sync 1 DAGs
[2026-09-23T13:47:47.519+0000] {logging_mixin.py:190} INFO - [2026-09-23T13:47:47.518+0000] {dag.py:4180} INFO - Setting next_dagrun for dss150p_sales_pipeline to 2026-09-23 02:00:00+00:00, run_after=2026-09-24 02:00:00+00:00
[2026-09-23T13:47:47.672+0000] {processor.py:208} INFO - Processing /opt/airflow/dags/dss150p_pipeline.py took 0.676 seconds
[2026-09-23T13:48:18.196+0000] {processor.py:186} INFO - Started process (PID=595) to work on /opt/airflow/dags/dss150p_pipeline.py
[2026-09-23T13:48:18.225+0000] {processor.py:914} INFO - Processing file /opt/airflow/dags/dss150p_pipeline.py for tasks to queue
[2026-09-23T13:48:18.280+0000] {logging_mixin.py:190} INFO - [2026-09-23T13:48:18.272+0000] {dagbag.py:588} INFO - Filling up the DagBag from /opt/airflow/dags/dss150p_pipeline.py
[2026-09-23T13:48:18.388+0000] {processor.py:925} INFO - DAG(s) 'dss150p_sales_pipeline' retrieved from /opt/airflow/dags/dss150p_pipeline.py
[2026-09-23T13:48:18.493+0000] {logging_mixin.py:190} INFO - [2026-09-23T13:48:18.492+0000] {dag.py:3239} INFO - Sync 1 DAGs
[2026-09-23T13:48:18.554+0000] {logging_mixin.py:190} INFO - [2026-09-23T13:48:18.554+0000] {dag.py:4180} INFO - Setting next_dagrun for dss150p_sales_pipeline to 2026-09-23 02:00:00+00:00, run_after=2026-09-24 02:00:00+00:00
[2026-09-23T13:48:18.612+0000] {processor.py:208} INFO - Processing /opt/airflow/dags/dss150p_pipeline.py took 0.447 seconds
[2026-09-23T13:48:48.884+0000] {processor.py:186} INFO - Started process (PID=600) to work on /opt/airflow/dags/dss150p_pipeline.py
[2026-09-23T13:48:48.895+0000] {processor.py:914} INFO - Processing file /opt/airflow/dags/dss150p_pipeline.py for tasks to queue
[2026-09-23T13:48:48.917+0000] {logging_mixin.py:190} INFO - [2026-09-23T13:48:48.915+0000] {dagbag.py:588} INFO - Filling up the DagBag from /opt/airflow/dags/dss150p_pipeline.py
[2026-09-23T13:48:48.993+0000] {processor.py:925} INFO - DAG(s) 'dss150p_sales_pipeline' retrieved from /opt/airflow/dags/dss150p_pipeline.py
[2026-09-23T13:48:49.112+0000] {logging_mixin.py:190} INFO - [2026-09-23T13:48:49.111+0000] {dag.py:3239} INFO - Sync 1 DAGs
[2026-09-23T13:48:49.203+0000] {logging_mixin.py:190} INFO - [2026-09-23T13:48:49.202+0000] {dag.py:4180} INFO - Setting next_dagrun for dss150p_sales_pipeline to 2026-09-23 02:00:00+00:00, run_after=2026-09-24 02:00:00+00:00
[2026-09-23T13:48:49.255+0000] {processor.py:208} INFO - Processing /opt/airflow/dags/dss150p_pipeline.py took 0.389 seconds
[2026-09-23T13:49:19.370+0000] {processor.py:186} INFO - Started process (PID=605) to work on /opt/airflow/dags/dss150p_pipeline.py
[2026-09-23T13:49:19.372+0000] {processor.py:914} INFO - Processing file /opt/airflow/dags/dss150p_pipeline.py for tasks to queue
[2026-09-23T13:49:19.378+0000] {logging_mixin.py:190} INFO - [2026-09-23T13:49:19.377+0000] {dagbag.py:588} INFO - Filling up the DagBag from /opt/airflow/dags/dss150p_pipeline.py
[2026-09-23T13:49:19.543+0000] {processor.py:925} INFO - DAG(s) 'dss150p_sales_pipeline' retrieved from /opt/airflow/dags/dss150p_pipeline.py
[2026-09-23T13:49:19.684+0000] {logging_mixin.py:190} INFO - [2026-09-23T13:49:19.684+0000] {dag.py:3239} INFO - Sync 1 DAGs
[2026-09-23T13:49:19.813+0000] {logging_mixin.py:190} INFO - [2026-09-23T13:49:19.812+0000] {dag.py:4180} INFO - Setting next_dagrun for dss150p_sales_pipeline to 2026-09-23 02:00:00+00:00, run_after=2026-09-24 02:00:00+00:00
[2026-09-23T13:49:19.856+0000] {processor.py:208} INFO - Processing /opt/airflow/dags/dss150p_pipeline.py took 0.498 seconds
[2026-09-23T13:49:50.550+0000] {processor.py:186} INFO - Started process (PID=610) to work on /opt/airflow/dags/dss150p_pipeline.py
[2026-09-23T13:49:50.553+0000] {processor.py:914} INFO - Processing file /opt/airflow/dags/dss150p_pipeline.py for tasks to queue
[2026-09-23T13:49:50.579+0000] {logging_mixin.py:190} INFO - [2026-09-23T13:49:50.575+0000] {dagbag.py:588} INFO - Filling up the DagBag from /opt/airflow/dags/dss150p_pipeline.py
[2026-09-23T13:49:50.794+0000] {processor.py:925} INFO - DAG(s) 'dss150p_sales_pipeline' retrieved from /opt/airflow/dags/dss150p_pipeline.py
[2026-09-23T13:49:51.028+0000] {logging_mixin.py:190} INFO - [2026-09-23T13:49:51.027+0000] {dag.py:3239} INFO - Sync 1 DAGs
[2026-09-23T13:49:51.349+0000] {logging_mixin.py:190} INFO - [2026-09-23T13:49:51.349+0000] {dag.py:4180} INFO - Setting next_dagrun for dss150p_sales_pipeline to 2026-09-23 02:00:00+00:00, run_after=2026-09-24 02:00:00+00:00
[2026-09-23T13:49:51.615+0000] {processor.py:208} INFO - Processing /opt/airflow/dags/dss150p_pipeline.py took 1.309 seconds
[2026-09-23T13:50:21.940+0000] {processor.py:186} INFO - Started process (PID=615) to work on /opt/airflow/dags/dss150p_pipeline.py
[2026-09-23T13:50:21.944+0000] {processor.py:914} INFO - Processing file /opt/airflow/dags/dss150p_pipeline.py for tasks to queue
[2026-09-23T13:50:21.949+0000] {logging_mixin.py:190} INFO - [2026-09-23T13:50:21.948+0000] {dagbag.py:588} INFO - Filling up the DagBag from /opt/airflow/dags/dss150p_pipeline.py
[2026-09-23T13:50:21.986+0000] {processor.py:925} INFO - DAG(s) 'dss150p_sales_pipeline' retrieved from /opt/airflow/dags/dss150p_pipeline.py
[2026-09-23T13:50:22.072+0000] {logging_mixin.py:190} INFO - [2026-09-23T13:50:22.072+0000] {dag.py:3239} INFO - Sync 1 DAGs
[2026-09-23T13:50:22.110+0000] {logging_mixin.py:190} INFO - [2026-09-23T13:50:22.109+0000] {dag.py:4180} INFO - Setting next_dagrun for dss150p_sales_pipeline to 2026-09-23 02:00:00+00:00, run_after=2026-09-24 02:00:00+00:00
[2026-09-23T13:50:22.144+0000] {processor.py:208} INFO - Processing /opt/airflow/dags/dss150p_pipeline.py took 0.234 seconds
[2026-09-23T13:50:52.716+0000] {processor.py:186} INFO - Started process (PID=620) to work on /opt/airflow/dags/dss150p_pipeline.py
[2026-09-23T13:50:52.799+0000] {processor.py:914} INFO - Processing file /opt/airflow/dags/dss150p_pipeline.py for tasks to queue
[2026-09-23T13:50:52.807+0000] {logging_mixin.py:190} INFO - [2026-09-23T13:50:52.806+0000] {dagbag.py:588} INFO - Filling up the DagBag from /opt/airflow/dags/dss150p_pipeline.py
[2026-09-23T13:50:52.925+0000] {processor.py:925} INFO - DAG(s) 'dss150p_sales_pipeline' retrieved from /opt/airflow/dags/dss150p_pipeline.py
[2026-09-23T13:50:53.082+0000] {logging_mixin.py:190} INFO - [2026-09-23T13:50:53.082+0000] {dag.py:3239} INFO - Sync 1 DAGs
[2026-09-23T13:50:53.171+0000] {logging_mixin.py:190} INFO - [2026-09-23T13:50:53.171+0000] {dag.py:4180} INFO - Setting next_dagrun for dss150p_sales_pipeline to 2026-09-23 02:00:00+00:00, run_after=2026-09-24 02:00:00+00:00
[2026-09-23T13:50:53.197+0000] {processor.py:208} INFO - Processing /opt/airflow/dags/dss150p_pipeline.py took 0.496 seconds
[2026-09-23T13:51:23.372+0000] {processor.py:186} INFO - Started process (PID=625) to work on /opt/airflow/dags/dss150p_pipeline.py
[2026-09-23T13:51:23.374+0000] {processor.py:914} INFO - Processing file /opt/airflow/dags/dss150p_pipeline.py for tasks to queue
[2026-09-23T13:51:23.379+0000] {logging_mixin.py:190} INFO - [2026-09-23T13:51:23.378+0000] {dagbag.py:588} INFO - Filling up the DagBag from /opt/airflow/dags/dss150p_pipeline.py
[2026-09-23T13:51:23.420+0000] {processor.py:925} INFO - DAG(s) 'dss150p_sales_pipeline' retrieved from /opt/airflow/dags/dss150p_pipeline.py
[2026-09-23T13:51:23.601+0000] {logging_mixin.py:190} INFO - [2026-09-23T13:51:23.601+0000] {dag.py:3239} INFO - Sync 1 DAGs
[2026-09-23T13:51:23.651+0000] {logging_mixin.py:190} INFO - [2026-09-23T13:51:23.651+0000] {dag.py:4180} INFO - Setting next_dagrun for dss150p_sales_pipeline to 2026-09-23 02:00:00+00:00, run_after=2026-09-24 02:00:00+00:00
[2026-09-23T13:51:23.696+0000] {processor.py:208} INFO - Processing /opt/airflow/dags/dss150p_pipeline.py took 0.340 seconds
[2026-09-23T13:51:54.257+0000] {processor.py:186} INFO - Started process (PID=630) to work on /opt/airflow/dags/dss150p_pipeline.py
[2026-09-23T13:51:54.286+0000] {processor.py:914} INFO - Processing file /opt/airflow/dags/dss150p_pipeline.py for tasks to queue
[2026-09-23T13:51:54.295+0000] {logging_mixin.py:190} INFO - [2026-09-23T13:51:54.294+0000] {dagbag.py:588} INFO - Filling up the DagBag from /opt/airflow/dags/dss150p_pipeline.py
[2026-09-23T13:51:54.350+0000] {processor.py:925} INFO - DAG(s) 'dss150p_sales_pipeline' retrieved from /opt/airflow/dags/dss150p_pipeline.py
[2026-09-23T13:51:54.446+0000] {logging_mixin.py:190} INFO - [2026-09-23T13:51:54.445+0000] {dag.py:3239} INFO - Sync 1 DAGs
[2026-09-23T13:51:54.530+0000] {logging_mixin.py:190} INFO - [2026-09-23T13:51:54.530+0000] {dag.py:4180} INFO - Setting next_dagrun for dss150p_sales_pipeline to 2026-09-23 02:00:00+00:00, run_after=2026-09-24 02:00:00+00:00
[2026-09-23T13:51:54.590+0000] {processor.py:208} INFO - Processing /opt/airflow/dags/dss150p_pipeline.py took 0.341 seconds
[2026-09-23T13:52:24.780+0000] {processor.py:186} INFO - Started process (PID=635) to work on /opt/airflow/dags/dss150p_pipeline.py
[2026-09-23T13:52:24.796+0000] {processor.py:914} INFO - Processing file /opt/airflow/dags/dss150p_pipeline.py for tasks to queue
[2026-09-23T13:52:24.801+0000] {logging_mixin.py:190} INFO - [2026-09-23T13:52:24.800+0000] {dagbag.py:588} INFO - Filling up the DagBag from /opt/airflow/dags/dss150p_pipeline.py
[2026-09-23T13:52:24.843+0000] {processor.py:925} INFO - DAG(s) 'dss150p_sales_pipeline' retrieved from /opt/airflow/dags/dss150p_pipeline.py
[2026-09-23T13:52:25.006+0000] {logging_mixin.py:190} INFO - [2026-09-23T13:52:25.005+0000] {dag.py:3239} INFO - Sync 1 DAGs
[2026-09-23T13:52:25.100+0000] {logging_mixin.py:190} INFO - [2026-09-23T13:52:25.100+0000] {dag.py:4180} INFO - Setting next_dagrun for dss150p_sales_pipeline to 2026-09-23 02:00:00+00:00, run_after=2026-09-24 02:00:00+00:00
[2026-09-23T13:52:25.159+0000] {processor.py:208} INFO - Processing /opt/airflow/dags/dss150p_pipeline.py took 0.417 seconds
[2026-09-23T13:52:55.374+0000] {processor.py:186} INFO - Started process (PID=640) to work on /opt/airflow/dags/dss150p_pipeline.py
[2026-09-23T13:52:55.408+0000] {processor.py:914} INFO - Processing file /opt/airflow/dags/dss150p_pipeline.py for tasks to queue
[2026-09-23T13:52:55.428+0000] {logging_mixin.py:190} INFO - [2026-09-23T13:52:55.427+0000] {dagbag.py:588} INFO - Filling up the DagBag from /opt/airflow/dags/dss150p_pipeline.py
[2026-09-23T13:52:55.472+0000] {processor.py:925} INFO - DAG(s) 'dss150p_sales_pipeline' retrieved from /opt/airflow/dags/dss150p_pipeline.py
[2026-09-23T13:52:55.553+0000] {logging_mixin.py:190} INFO - [2026-09-23T13:52:55.553+0000] {dag.py:3239} INFO - Sync 1 DAGs
[2026-09-23T13:52:55.617+0000] {logging_mixin.py:190} INFO - [2026-09-23T13:52:55.617+0000] {dag.py:4180} INFO - Setting next_dagrun for dss150p_sales_pipeline to 2026-09-23 02:00:00+00:00, run_after=2026-09-24 02:00:00+00:00
[2026-09-23T13:52:55.651+0000] {processor.py:208} INFO - Processing /opt/airflow/dags/dss150p_pipeline.py took 0.292 seconds
[2026-09-23T13:53:26.203+0000] {processor.py:186} INFO - Started process (PID=645) to work on /opt/airflow/dags/dss150p_pipeline.py
[2026-09-23T13:53:26.210+0000] {processor.py:914} INFO - Processing file /opt/airflow/dags/dss150p_pipeline.py for tasks to queue
[2026-09-23T13:53:26.218+0000] {logging_mixin.py:190} INFO - [2026-09-23T13:53:26.217+0000] {dagbag.py:588} INFO - Filling up the DagBag from /opt/airflow/dags/dss150p_pipeline.py
[2026-09-23T13:53:26.261+0000] {processor.py:925} INFO - DAG(s) 'dss150p_sales_pipeline' retrieved from /opt/airflow/dags/dss150p_pipeline.py
[2026-09-23T13:53:26.333+0000] {logging_mixin.py:190} INFO - [2026-09-23T13:53:26.333+0000] {dag.py:3239} INFO - Sync 1 DAGs
[2026-09-23T13:53:26.370+0000] {logging_mixin.py:190} INFO - [2026-09-23T13:53:26.370+0000] {dag.py:4180} INFO - Setting next_dagrun for dss150p_sales_pipeline to 2026-09-23 02:00:00+00:00, run_after=2026-09-24 02:00:00+00:00
[2026-09-23T13:53:26.397+0000] {processor.py:208} INFO - Processing /opt/airflow/dags/dss150p_pipeline.py took 0.204 seconds
[2026-09-23T13:53:56.597+0000] {processor.py:186} INFO - Started process (PID=650) to work on /opt/airflow/dags/dss150p_pipeline.py
[2026-09-23T13:53:56.599+0000] {processor.py:914} INFO - Processing file /opt/airflow/dags/dss150p_pipeline.py for tasks to queue
[2026-09-23T13:53:56.604+0000] {logging_mixin.py:190} INFO - [2026-09-23T13:53:56.604+0000] {dagbag.py:588} INFO - Filling up the DagBag from /opt/airflow/dags/dss150p_pipeline.py
[2026-09-23T13:53:56.634+0000] {processor.py:925} INFO - DAG(s) 'dss150p_sales_pipeline' retrieved from /opt/airflow/dags/dss150p_pipeline.py
[2026-09-23T13:53:56.715+0000] {logging_mixin.py:190} INFO - [2026-09-23T13:53:56.715+0000] {dag.py:3239} INFO - Sync 1 DAGs
[2026-09-23T13:53:56.745+0000] {logging_mixin.py:190} INFO - [2026-09-23T13:53:56.745+0000] {dag.py:4180} INFO - Setting next_dagrun for dss150p_sales_pipeline to 2026-09-23 02:00:00+00:00, run_after=2026-09-24 02:00:00+00:00
[2026-09-23T13:53:56.772+0000] {processor.py:208} INFO - Processing /opt/airflow/dags/dss150p_pipeline.py took 0.192 seconds
[2026-09-23T13:54:27.037+0000] {processor.py:186} INFO - Started process (PID=655) to work on /opt/airflow/dags/dss150p_pipeline.py
[2026-09-23T13:54:27.045+0000] {processor.py:914} INFO - Processing file /opt/airflow/dags/dss150p_pipeline.py for tasks to queue
[2026-09-23T13:54:27.051+0000] {logging_mixin.py:190} INFO - [2026-09-23T13:54:27.050+0000] {dagbag.py:588} INFO - Filling up the DagBag from /opt/airflow/dags/dss150p_pipeline.py
[2026-09-23T13:54:27.094+0000] {processor.py:925} INFO - DAG(s) 'dss150p_sales_pipeline' retrieved from /opt/airflow/dags/dss150p_pipeline.py
[2026-09-23T13:54:27.258+0000] {logging_mixin.py:190} INFO - [2026-09-23T13:54:27.258+0000] {dag.py:3239} INFO - Sync 1 DAGs
[2026-09-23T13:54:27.363+0000] {logging_mixin.py:190} INFO - [2026-09-23T13:54:27.362+0000] {dag.py:4180} INFO - Setting next_dagrun for dss150p_sales_pipeline to 2026-09-23 02:00:00+00:00, run_after=2026-09-24 02:00:00+00:00
[2026-09-23T13:54:27.412+0000] {processor.py:208} INFO - Processing /opt/airflow/dags/dss150p_pipeline.py took 0.392 seconds
[2026-09-23T13:54:57.848+0000] {processor.py:186} INFO - Started process (PID=660) to work on /opt/airflow/dags/dss150p_pipeline.py
[2026-09-23T13:54:57.853+0000] {processor.py:914} INFO - Processing file /opt/airflow/dags/dss150p_pipeline.py for tasks to queue
[2026-09-23T13:54:57.863+0000] {logging_mixin.py:190} INFO - [2026-09-23T13:54:57.861+0000] {dagbag.py:588} INFO - Filling up the DagBag from /opt/airflow/dags/dss150p_pipeline.py
[2026-09-23T13:54:57.951+0000] {processor.py:925} INFO - DAG(s) 'dss150p_sales_pipeline' retrieved from /opt/airflow/dags/dss150p_pipeline.py
[2026-09-23T13:54:58.110+0000] {logging_mixin.py:190} INFO - [2026-09-23T13:54:58.109+0000] {dag.py:3239} INFO - Sync 1 DAGs
[2026-09-23T13:54:58.170+0000] {logging_mixin.py:190} INFO - [2026-09-23T13:54:58.170+0000] {dag.py:4180} INFO - Setting next_dagrun for dss150p_sales_pipeline to 2026-09-23 02:00:00+00:00, run_after=2026-09-24 02:00:00+00:00
[2026-09-23T13:54:58.207+0000] {processor.py:208} INFO - Processing /opt/airflow/dags/dss150p_pipeline.py took 0.396 seconds
[2026-09-23T13:55:28.314+0000] {processor.py:186} INFO - Started process (PID=665) to work on /opt/airflow/dags/dss150p_pipeline.py
[2026-09-23T13:55:28.324+0000] {processor.py:914} INFO - Processing file /opt/airflow/dags/dss150p_pipeline.py for tasks to queue
[2026-09-23T13:55:28.331+0000] {logging_mixin.py:190} INFO - [2026-09-23T13:55:28.331+0000] {dagbag.py:588} INFO - Filling up the DagBag from /opt/airflow/dags/dss150p_pipeline.py
[2026-09-23T13:55:28.378+0000] {processor.py:925} INFO - DAG(s) 'dss150p_sales_pipeline' retrieved from /opt/airflow/dags/dss150p_pipeline.py
[2026-09-23T13:55:28.715+0000] {logging_mixin.py:190} INFO - [2026-09-23T13:55:28.714+0000] {dag.py:3239} INFO - Sync 1 DAGs
[2026-09-23T13:55:29.078+0000] {logging_mixin.py:190} INFO - [2026-09-23T13:55:29.078+0000] {dag.py:4180} INFO - Setting next_dagrun for dss150p_sales_pipeline to 2026-09-23 02:00:00+00:00, run_after=2026-09-24 02:00:00+00:00
[2026-09-23T13:55:29.344+0000] {processor.py:208} INFO - Processing /opt/airflow/dags/dss150p_pipeline.py took 1.045 seconds
[2026-09-23T13:55:59.900+0000] {processor.py:186} INFO - Started process (PID=670) to work on /opt/airflow/dags/dss150p_pipeline.py
[2026-09-23T13:55:59.907+0000] {processor.py:914} INFO - Processing file /opt/airflow/dags/dss150p_pipeline.py for tasks to queue
[2026-09-23T13:55:59.911+0000] {logging_mixin.py:190} INFO - [2026-09-23T13:55:59.911+0000] {dagbag.py:588} INFO - Filling up the DagBag from /opt/airflow/dags/dss150p_pipeline.py
[2026-09-23T13:55:59.952+0000] {processor.py:925} INFO - DAG(s) 'dss150p_sales_pipeline' retrieved from /opt/airflow/dags/dss150p_pipeline.py
[2026-09-23T13:56:00.173+0000] {logging_mixin.py:190} INFO - [2026-09-23T13:56:00.172+0000] {dag.py:3239} INFO - Sync 1 DAGs
[2026-09-23T13:56:00.225+0000] {logging_mixin.py:190} INFO - [2026-09-23T13:56:00.224+0000] {dag.py:4180} INFO - Setting next_dagrun for dss150p_sales_pipeline to 2026-09-23 02:00:00+00:00, run_after=2026-09-24 02:00:00+00:00
[2026-09-23T13:56:00.270+0000] {processor.py:208} INFO - Processing /opt/airflow/dags/dss150p_pipeline.py took 0.377 seconds
[2026-09-23T13:56:30.480+0000] {processor.py:186} INFO - Started process (PID=675) to work on /opt/airflow/dags/dss150p_pipeline.py
[2026-09-23T13:56:30.482+0000] {processor.py:914} INFO - Processing file /opt/airflow/dags/dss150p_pipeline.py for tasks to queue
[2026-09-23T13:56:30.486+0000] {logging_mixin.py:190} INFO - [2026-09-23T13:56:30.486+0000] {dagbag.py:588} INFO - Filling up the DagBag from /opt/airflow/dags/dss150p_pipeline.py
[2026-09-23T13:56:30.572+0000] {processor.py:925} INFO - DAG(s) 'dss150p_sales_pipeline' retrieved from /opt/airflow/dags/dss150p_pipeline.py
[2026-09-23T13:56:30.726+0000] {logging_mixin.py:190} INFO - [2026-09-23T13:56:30.723+0000] {dag.py:3239} INFO - Sync 1 DAGs
[2026-09-23T13:56:30.796+0000] {logging_mixin.py:190} INFO - [2026-09-23T13:56:30.795+0000] {dag.py:4180} INFO - Setting next_dagrun for dss150p_sales_pipeline to 2026-09-23 02:00:00+00:00, run_after=2026-09-24 02:00:00+00:00
[2026-09-23T13:56:30.835+0000] {processor.py:208} INFO - Processing /opt/airflow/dags/dss150p_pipeline.py took 0.376 seconds
[2026-09-23T13:57:01.065+0000] {processor.py:186} INFO - Started process (PID=680) to work on /opt/airflow/dags/dss150p_pipeline.py
[2026-09-23T13:57:01.072+0000] {processor.py:914} INFO - Processing file /opt/airflow/dags/dss150p_pipeline.py for tasks to queue
[2026-09-23T13:57:01.076+0000] {logging_mixin.py:190} INFO - [2026-09-23T13:57:01.075+0000] {dagbag.py:588} INFO - Filling up the DagBag from /opt/airflow/dags/dss150p_pipeline.py
[2026-09-23T13:57:01.100+0000] {processor.py:925} INFO - DAG(s) 'dss150p_sales_pipeline' retrieved from /opt/airflow/dags/dss150p_pipeline.py
[2026-09-23T13:57:01.178+0000] {logging_mixin.py:190} INFO - [2026-09-23T13:57:01.177+0000] {dag.py:3239} INFO - Sync 1 DAGs
[2026-09-23T13:57:01.226+0000] {logging_mixin.py:190} INFO - [2026-09-23T13:57:01.226+0000] {dag.py:4180} INFO - Setting next_dagrun for dss150p_sales_pipeline to 2026-09-23 02:00:00+00:00, run_after=2026-09-24 02:00:00+00:00
[2026-09-23T13:57:01.248+0000] {processor.py:208} INFO - Processing /opt/airflow/dags/dss150p_pipeline.py took 0.193 seconds
[2026-09-23T13:57:31.383+0000] {processor.py:186} INFO - Started process (PID=685) to work on /opt/airflow/dags/dss150p_pipeline.py
[2026-09-23T13:57:31.389+0000] {processor.py:914} INFO - Processing file /opt/airflow/dags/dss150p_pipeline.py for tasks to queue
[2026-09-23T13:57:31.401+0000] {logging_mixin.py:190} INFO - [2026-09-23T13:57:31.400+0000] {dagbag.py:588} INFO - Filling up the DagBag from /opt/airflow/dags/dss150p_pipeline.py
[2026-09-23T13:57:31.526+0000] {processor.py:925} INFO - DAG(s) 'dss150p_sales_pipeline' retrieved from /opt/airflow/dags/dss150p_pipeline.py
[2026-09-23T13:57:31.841+0000] {logging_mixin.py:190} INFO - [2026-09-23T13:57:31.840+0000] {dag.py:3239} INFO - Sync 1 DAGs
[2026-09-23T13:57:31.976+0000] {logging_mixin.py:190} INFO - [2026-09-23T13:57:31.974+0000] {dag.py:4180} INFO - Setting next_dagrun for dss150p_sales_pipeline to 2026-09-23 02:00:00+00:00, run_after=2026-09-24 02:00:00+00:00
[2026-09-23T13:57:32.062+0000] {processor.py:208} INFO - Processing /opt/airflow/dags/dss150p_pipeline.py took 0.705 seconds
[2026-09-23T13:58:02.482+0000] {processor.py:186} INFO - Started process (PID=690) to work on /opt/airflow/dags/dss150p_pipeline.py
[2026-09-23T13:58:02.483+0000] {processor.py:914} INFO - Processing file /opt/airflow/dags/dss150p_pipeline.py for tasks to queue
[2026-09-23T13:58:02.486+0000] {logging_mixin.py:190} INFO - [2026-09-23T13:58:02.485+0000] {dagbag.py:588} INFO - Filling up the DagBag from /opt/airflow/dags/dss150p_pipeline.py
[2026-09-23T13:58:02.529+0000] {processor.py:925} INFO - DAG(s) 'dss150p_sales_pipeline' retrieved from /opt/airflow/dags/dss150p_pipeline.py
[2026-09-23T13:58:02.620+0000] {logging_mixin.py:190} INFO - [2026-09-23T13:58:02.620+0000] {dag.py:3239} INFO - Sync 1 DAGs
[2026-09-23T13:58:02.667+0000] {logging_mixin.py:190} INFO - [2026-09-23T13:58:02.667+0000] {dag.py:4180} INFO - Setting next_dagrun for dss150p_sales_pipeline to 2026-09-23 02:00:00+00:00, run_after=2026-09-24 02:00:00+00:00
[2026-09-23T13:58:02.695+0000] {processor.py:208} INFO - Processing /opt/airflow/dags/dss150p_pipeline.py took 0.224 seconds
[2026-09-23T13:58:33.133+0000] {processor.py:186} INFO - Started process (PID=695) to work on /opt/airflow/dags/dss150p_pipeline.py
[2026-09-23T13:58:33.134+0000] {processor.py:914} INFO - Processing file /opt/airflow/dags/dss150p_pipeline.py for tasks to queue
[2026-09-23T13:58:33.140+0000] {logging_mixin.py:190} INFO - [2026-09-23T13:58:33.139+0000] {dagbag.py:588} INFO - Filling up the DagBag from /opt/airflow/dags/dss150p_pipeline.py
[2026-09-23T13:58:33.180+0000] {processor.py:925} INFO - DAG(s) 'dss150p_sales_pipeline' retrieved from /opt/airflow/dags/dss150p_pipeline.py
[2026-09-23T13:58:33.281+0000] {logging_mixin.py:190} INFO - [2026-09-23T13:58:33.281+0000] {dag.py:3239} INFO - Sync 1 DAGs
[2026-09-23T13:58:33.507+0000] {logging_mixin.py:190} INFO - [2026-09-23T13:58:33.490+0000] {dag.py:4180} INFO - Setting next_dagrun for dss150p_sales_pipeline to 2026-09-23 02:00:00+00:00, run_after=2026-09-24 02:00:00+00:00
[2026-09-23T13:58:33.663+0000] {processor.py:208} INFO - Processing /opt/airflow/dags/dss150p_pipeline.py took 0.564 seconds
[2026-09-23T13:59:04.157+0000] {processor.py:186} INFO - Started process (PID=700) to work on /opt/airflow/dags/dss150p_pipeline.py
[2026-09-23T13:59:04.158+0000] {processor.py:914} INFO - Processing file /opt/airflow/dags/dss150p_pipeline.py for tasks to queue
[2026-09-23T13:59:04.164+0000] {logging_mixin.py:190} INFO - [2026-09-23T13:59:04.164+0000] {dagbag.py:588} INFO - Filling up the DagBag from /opt/airflow/dags/dss150p_pipeline.py
[2026-09-23T13:59:04.292+0000] {processor.py:925} INFO - DAG(s) 'dss150p_sales_pipeline' retrieved from /opt/airflow/dags/dss150p_pipeline.py
[2026-09-23T13:59:04.372+0000] {logging_mixin.py:190} INFO - [2026-09-23T13:59:04.371+0000] {dag.py:3239} INFO - Sync 1 DAGs
[2026-09-23T13:59:04.411+0000] {logging_mixin.py:190} INFO - [2026-09-23T13:59:04.411+0000] {dag.py:4180} INFO - Setting next_dagrun for dss150p_sales_pipeline to 2026-09-23 02:00:00+00:00, run_after=2026-09-24 02:00:00+00:00
[2026-09-23T13:59:04.442+0000] {processor.py:208} INFO - Processing /opt/airflow/dags/dss150p_pipeline.py took 0.297 seconds
[2026-09-23T13:59:35.120+0000] {processor.py:186} INFO - Started process (PID=705) to work on /opt/airflow/dags/dss150p_pipeline.py
[2026-09-23T13:59:35.125+0000] {processor.py:914} INFO - Processing file /opt/airflow/dags/dss150p_pipeline.py for tasks to queue
[2026-09-23T13:59:35.130+0000] {logging_mixin.py:190} INFO - [2026-09-23T13:59:35.130+0000] {dagbag.py:588} INFO - Filling up the DagBag from /opt/airflow/dags/dss150p_pipeline.py
[2026-09-23T13:59:35.185+0000] {processor.py:925} INFO - DAG(s) 'dss150p_sales_pipeline' retrieved from /opt/airflow/dags/dss150p_pipeline.py
[2026-09-23T13:59:35.277+0000] {logging_mixin.py:190} INFO - [2026-09-23T13:59:35.277+0000] {dag.py:3239} INFO - Sync 1 DAGs
[2026-09-23T13:59:35.320+0000] {logging_mixin.py:190} INFO - [2026-09-23T13:59:35.320+0000] {dag.py:4180} INFO - Setting next_dagrun for dss150p_sales_pipeline to 2026-09-23 02:00:00+00:00, run_after=2026-09-24 02:00:00+00:00
[2026-09-23T13:59:35.345+0000] {processor.py:208} INFO - Processing /opt/airflow/dags/dss150p_pipeline.py took 0.236 seconds
[2026-09-23T14:00:05.664+0000] {processor.py:186} INFO - Started process (PID=710) to work on /opt/airflow/dags/dss150p_pipeline.py
[2026-09-23T14:00:05.666+0000] {processor.py:914} INFO - Processing file /opt/airflow/dags/dss150p_pipeline.py for tasks to queue
[2026-09-23T14:00:05.670+0000] {logging_mixin.py:190} INFO - [2026-09-23T14:00:05.670+0000] {dagbag.py:588} INFO - Filling up the DagBag from /opt/airflow/dags/dss150p_pipeline.py
[2026-09-23T14:00:05.696+0000] {processor.py:925} INFO - DAG(s) 'dss150p_sales_pipeline' retrieved from /opt/airflow/dags/dss150p_pipeline.py
[2026-09-23T14:00:05.773+0000] {logging_mixin.py:190} INFO - [2026-09-23T14:00:05.773+0000] {dag.py:3239} INFO - Sync 1 DAGs
[2026-09-23T14:00:05.806+0000] {logging_mixin.py:190} INFO - [2026-09-23T14:00:05.805+0000] {dag.py:4180} INFO - Setting next_dagrun for dss150p_sales_pipeline to 2026-09-23 02:00:00+00:00, run_after=2026-09-24 02:00:00+00:00
[2026-09-23T14:00:05.841+0000] {processor.py:208} INFO - Processing /opt/airflow/dags/dss150p_pipeline.py took 0.186 seconds
[2026-09-23T14:00:36.031+0000] {processor.py:186} INFO - Started process (PID=715) to work on /opt/airflow/dags/dss150p_pipeline.py
[2026-09-23T14:00:36.033+0000] {processor.py:914} INFO - Processing file /opt/airflow/dags/dss150p_pipeline.py for tasks to queue
[2026-09-23T14:00:36.040+0000] {logging_mixin.py:190} INFO - [2026-09-23T14:00:36.039+0000] {dagbag.py:588} INFO - Filling up the DagBag from /opt/airflow/dags/dss150p_pipeline.py
[2026-09-23T14:00:36.081+0000] {processor.py:925} INFO - DAG(s) 'dss150p_sales_pipeline' retrieved from /opt/airflow/dags/dss150p_pipeline.py
[2026-09-23T14:00:36.224+0000] {logging_mixin.py:190} INFO - [2026-09-23T14:00:36.224+0000] {dag.py:3239} INFO - Sync 1 DAGs
[2026-09-23T14:00:36.295+0000] {logging_mixin.py:190} INFO - [2026-09-23T14:00:36.295+0000] {dag.py:4180} INFO - Setting next_dagrun for dss150p_sales_pipeline to 2026-09-23 02:00:00+00:00, run_after=2026-09-24 02:00:00+00:00
[2026-09-23T14:00:36.361+0000] {processor.py:208} INFO - Processing /opt/airflow/dags/dss150p_pipeline.py took 0.345 seconds
[2026-09-23T14:01:07.215+0000] {processor.py:186} INFO - Started process (PID=720) to work on /opt/airflow/dags/dss150p_pipeline.py
[2026-09-23T14:01:07.302+0000] {processor.py:914} INFO - Processing file /opt/airflow/dags/dss150p_pipeline.py for tasks to queue
[2026-09-23T14:01:07.327+0000] {logging_mixin.py:190} INFO - [2026-09-23T14:01:07.326+0000] {dagbag.py:588} INFO - Filling up the DagBag from /opt/airflow/dags/dss150p_pipeline.py
[2026-09-23T14:01:07.448+0000] {processor.py:925} INFO - DAG(s) 'dss150p_sales_pipeline' retrieved from /opt/airflow/dags/dss150p_pipeline.py
[2026-09-23T14:01:07.555+0000] {logging_mixin.py:190} INFO - [2026-09-23T14:01:07.554+0000] {dag.py:3239} INFO - Sync 1 DAGs
[2026-09-23T14:01:07.634+0000] {logging_mixin.py:190} INFO - [2026-09-23T14:01:07.634+0000] {dag.py:4180} INFO - Setting next_dagrun for dss150p_sales_pipeline to 2026-09-23 02:00:00+00:00, run_after=2026-09-24 02:00:00+00:00
[2026-09-23T14:01:07.668+0000] {processor.py:208} INFO - Processing /opt/airflow/dags/dss150p_pipeline.py took 0.484 seconds
[2026-09-23T14:01:39.006+0000] {processor.py:186} INFO - Started process (PID=725) to work on /opt/airflow/dags/dss150p_pipeline.py
[2026-09-23T14:01:39.009+0000] {processor.py:914} INFO - Processing file /opt/airflow/dags/dss150p_pipeline.py for tasks to queue
[2026-09-23T14:01:39.025+0000] {logging_mixin.py:190} INFO - [2026-09-23T14:01:39.023+0000] {dagbag.py:588} INFO - Filling up the DagBag from /opt/airflow/dags/dss150p_pipeline.py
[2026-09-23T14:01:39.660+0000] {processor.py:925} INFO - DAG(s) 'dss150p_sales_pipeline' retrieved from /opt/airflow/dags/dss150p_pipeline.py
[2026-09-23T14:01:40.647+0000] {logging_mixin.py:190} INFO - [2026-09-23T14:01:40.646+0000] {dag.py:3239} INFO - Sync 1 DAGs
[2026-09-23T14:01:41.089+0000] {logging_mixin.py:190} INFO - [2026-09-23T14:01:41.082+0000] {dag.py:4180} INFO - Setting next_dagrun for dss150p_sales_pipeline to 2026-09-23 02:00:00+00:00, run_after=2026-09-24 02:00:00+00:00
[2026-09-23T14:01:41.551+0000] {processor.py:208} INFO - Processing /opt/airflow/dags/dss150p_pipeline.py took 2.748 seconds
[2026-09-23T14:02:12.671+0000] {processor.py:186} INFO - Started process (PID=730) to work on /opt/airflow/dags/dss150p_pipeline.py
[2026-09-23T14:02:12.684+0000] {processor.py:914} INFO - Processing file /opt/airflow/dags/dss150p_pipeline.py for tasks to queue
[2026-09-23T14:02:12.689+0000] {logging_mixin.py:190} INFO - [2026-09-23T14:02:12.688+0000] {dagbag.py:588} INFO - Filling up the DagBag from /opt/airflow/dags/dss150p_pipeline.py
[2026-09-23T14:02:12.724+0000] {processor.py:925} INFO - DAG(s) 'dss150p_sales_pipeline' retrieved from /opt/airflow/dags/dss150p_pipeline.py
[2026-09-23T14:02:12.795+0000] {logging_mixin.py:190} INFO - [2026-09-23T14:02:12.795+0000] {dag.py:3239} INFO - Sync 1 DAGs
[2026-09-23T14:02:12.826+0000] {logging_mixin.py:190} INFO - [2026-09-23T14:02:12.826+0000] {dag.py:4180} INFO - Setting next_dagrun for dss150p_sales_pipeline to 2026-09-23 02:00:00+00:00, run_after=2026-09-24 02:00:00+00:00
[2026-09-23T14:02:12.852+0000] {processor.py:208} INFO - Processing /opt/airflow/dags/dss150p_pipeline.py took 0.193 seconds
[2026-09-23T14:02:42.965+0000] {processor.py:186} INFO - Started process (PID=735) to work on /opt/airflow/dags/dss150p_pipeline.py
[2026-09-23T14:02:42.967+0000] {processor.py:914} INFO - Processing file /opt/airflow/dags/dss150p_pipeline.py for tasks to queue
[2026-09-23T14:02:42.979+0000] {logging_mixin.py:190} INFO - [2026-09-23T14:02:42.978+0000] {dagbag.py:588} INFO - Filling up the DagBag from /opt/airflow/dags/dss150p_pipeline.py
[2026-09-23T14:02:43.127+0000] {processor.py:925} INFO - DAG(s) 'dss150p_sales_pipeline' retrieved from /opt/airflow/dags/dss150p_pipeline.py
[2026-09-23T14:02:43.351+0000] {logging_mixin.py:190} INFO - [2026-09-23T14:02:43.350+0000] {dag.py:3239} INFO - Sync 1 DAGs
[2026-09-23T14:02:43.480+0000] {logging_mixin.py:190} INFO - [2026-09-23T14:02:43.480+0000] {dag.py:4180} INFO - Setting next_dagrun for dss150p_sales_pipeline to 2026-09-23 02:00:00+00:00, run_after=2026-09-24 02:00:00+00:00
[2026-09-23T14:02:43.535+0000] {processor.py:208} INFO - Processing /opt/airflow/dags/dss150p_pipeline.py took 0.595 seconds
[2026-09-23T14:03:13.888+0000] {processor.py:186} INFO - Started process (PID=740) to work on /opt/airflow/dags/dss150p_pipeline.py
[2026-09-23T14:03:13.890+0000] {processor.py:914} INFO - Processing file /opt/airflow/dags/dss150p_pipeline.py for tasks to queue
[2026-09-23T14:03:13.895+0000] {logging_mixin.py:190} INFO - [2026-09-23T14:03:13.895+0000] {dagbag.py:588} INFO - Filling up the DagBag from /opt/airflow/dags/dss150p_pipeline.py
[2026-09-23T14:03:13.927+0000] {processor.py:925} INFO - DAG(s) 'dss150p_sales_pipeline' retrieved from /opt/airflow/dags/dss150p_pipeline.py
[2026-09-23T14:03:14.017+0000] {logging_mixin.py:190} INFO - [2026-09-23T14:03:14.017+0000] {dag.py:3239} INFO - Sync 1 DAGs
[2026-09-23T14:03:14.103+0000] {logging_mixin.py:190} INFO - [2026-09-23T14:03:14.103+0000] {dag.py:4180} INFO - Setting next_dagrun for dss150p_sales_pipeline to 2026-09-23 02:00:00+00:00, run_after=2026-09-24 02:00:00+00:00
[2026-09-23T14:03:14.137+0000] {processor.py:208} INFO - Processing /opt/airflow/dags/dss150p_pipeline.py took 0.267 seconds
[2026-09-23T14:03:44.344+0000] {processor.py:186} INFO - Started process (PID=745) to work on /opt/airflow/dags/dss150p_pipeline.py
[2026-09-23T14:03:44.346+0000] {processor.py:914} INFO - Processing file /opt/airflow/dags/dss150p_pipeline.py for tasks to queue
[2026-09-23T14:03:44.357+0000] {logging_mixin.py:190} INFO - [2026-09-23T14:03:44.352+0000] {dagbag.py:588} INFO - Filling up the DagBag from /opt/airflow/dags/dss150p_pipeline.py
[2026-09-23T14:03:44.408+0000] {processor.py:925} INFO - DAG(s) 'dss150p_sales_pipeline' retrieved from /opt/airflow/dags/dss150p_pipeline.py
[2026-09-23T14:03:44.534+0000] {logging_mixin.py:190} INFO - [2026-09-23T14:03:44.534+0000] {dag.py:3239} INFO - Sync 1 DAGs
[2026-09-23T14:03:44.615+0000] {logging_mixin.py:190} INFO - [2026-09-23T14:03:44.614+0000] {dag.py:4180} INFO - Setting next_dagrun for dss150p_sales_pipeline to 2026-09-23 02:00:00+00:00, run_after=2026-09-24 02:00:00+00:00
[2026-09-23T14:03:44.676+0000] {processor.py:208} INFO - Processing /opt/airflow/dags/dss150p_pipeline.py took 0.348 seconds
[2026-09-23T14:04:14.803+0000] {processor.py:186} INFO - Started process (PID=750) to work on /opt/airflow/dags/dss150p_pipeline.py
[2026-09-23T14:04:14.839+0000] {processor.py:914} INFO - Processing file /opt/airflow/dags/dss150p_pipeline.py for tasks to queue
[2026-09-23T14:04:14.852+0000] {logging_mixin.py:190} INFO - [2026-09-23T14:04:14.851+0000] {dagbag.py:588} INFO - Filling up the DagBag from /opt/airflow/dags/dss150p_pipeline.py
[2026-09-23T14:04:14.899+0000] {processor.py:925} INFO - DAG(s) 'dss150p_sales_pipeline' retrieved from /opt/airflow/dags/dss150p_pipeline.py
[2026-09-23T14:04:14.987+0000] {logging_mixin.py:190} INFO - [2026-09-23T14:04:14.987+0000] {dag.py:3239} INFO - Sync 1 DAGs
[2026-09-23T14:04:15.058+0000] {logging_mixin.py:190} INFO - [2026-09-23T14:04:15.058+0000] {dag.py:4180} INFO - Setting next_dagrun for dss150p_sales_pipeline to 2026-09-23 02:00:00+00:00, run_after=2026-09-24 02:00:00+00:00
[2026-09-23T14:04:15.114+0000] {processor.py:208} INFO - Processing /opt/airflow/dags/dss150p_pipeline.py took 0.330 seconds
[2026-09-23T14:04:45.206+0000] {processor.py:186} INFO - Started process (PID=755) to work on /opt/airflow/dags/dss150p_pipeline.py
[2026-09-23T14:04:45.213+0000] {processor.py:914} INFO - Processing file /opt/airflow/dags/dss150p_pipeline.py for tasks to queue
[2026-09-23T14:04:45.228+0000] {logging_mixin.py:190} INFO - [2026-09-23T14:04:45.227+0000] {dagbag.py:588} INFO - Filling up the DagBag from /opt/airflow/dags/dss150p_pipeline.py
[2026-09-23T14:04:45.308+0000] {processor.py:925} INFO - DAG(s) 'dss150p_sales_pipeline' retrieved from /opt/airflow/dags/dss150p_pipeline.py
[2026-09-23T14:04:45.485+0000] {logging_mixin.py:190} INFO - [2026-09-23T14:04:45.485+0000] {dag.py:3239} INFO - Sync 1 DAGs
[2026-09-23T14:04:45.576+0000] {logging_mixin.py:190} INFO - [2026-09-23T14:04:45.576+0000] {dag.py:4180} INFO - Setting next_dagrun for dss150p_sales_pipeline to 2026-09-23 02:00:00+00:00, run_after=2026-09-24 02:00:00+00:00
[2026-09-23T14:04:45.628+0000] {processor.py:208} INFO - Processing /opt/airflow/dags/dss150p_pipeline.py took 0.454 seconds
[2026-09-23T14:05:16.174+0000] {processor.py:186} INFO - Started process (PID=760) to work on /opt/airflow/dags/dss150p_pipeline.py
[2026-09-23T14:05:16.176+0000] {processor.py:914} INFO - Processing file /opt/airflow/dags/dss150p_pipeline.py for tasks to queue
[2026-09-23T14:05:16.180+0000] {logging_mixin.py:190} INFO - [2026-09-23T14:05:16.180+0000] {dagbag.py:588} INFO - Filling up the DagBag from /opt/airflow/dags/dss150p_pipeline.py
[2026-09-23T14:05:16.247+0000] {processor.py:925} INFO - DAG(s) 'dss150p_sales_pipeline' retrieved from /opt/airflow/dags/dss150p_pipeline.py
[2026-09-23T14:05:16.685+0000] {logging_mixin.py:190} INFO - [2026-09-23T14:05:16.685+0000] {dag.py:3239} INFO - Sync 1 DAGs
[2026-09-23T14:05:16.802+0000] {logging_mixin.py:190} INFO - [2026-09-23T14:05:16.801+0000] {dag.py:4180} INFO - Setting next_dagrun for dss150p_sales_pipeline to 2026-09-23 02:00:00+00:00, run_after=2026-09-24 02:00:00+00:00
[2026-09-23T14:05:16.857+0000] {processor.py:208} INFO - Processing /opt/airflow/dags/dss150p_pipeline.py took 0.698 seconds
[2026-09-23T14:05:48.776+0000] {processor.py:186} INFO - Started process (PID=765) to work on /opt/airflow/dags/dss150p_pipeline.py
[2026-09-23T14:05:49.430+0000] {processor.py:914} INFO - Processing file /opt/airflow/dags/dss150p_pipeline.py for tasks to queue
[2026-09-23T14:05:49.645+0000] {logging_mixin.py:190} INFO - [2026-09-23T14:05:49.632+0000] {dagbag.py:588} INFO - Filling up the DagBag from /opt/airflow/dags/dss150p_pipeline.py
[2026-09-23T14:05:50.722+0000] {processor.py:925} INFO - DAG(s) 'dss150p_sales_pipeline' retrieved from /opt/airflow/dags/dss150p_pipeline.py
[2026-09-23T14:05:51.179+0000] {logging_mixin.py:190} INFO - [2026-09-23T14:05:51.178+0000] {dag.py:3239} INFO - Sync 1 DAGs
[2026-09-23T14:05:51.287+0000] {logging_mixin.py:190} INFO - [2026-09-23T14:05:51.286+0000] {dag.py:4180} INFO - Setting next_dagrun for dss150p_sales_pipeline to 2026-09-23 02:00:00+00:00, run_after=2026-09-24 02:00:00+00:00
[2026-09-23T14:05:51.385+0000] {processor.py:208} INFO - Processing /opt/airflow/dags/dss150p_pipeline.py took 2.834 seconds
[2026-09-23T14:06:22.361+0000] {processor.py:186} INFO - Started process (PID=770) to work on /opt/airflow/dags/dss150p_pipeline.py
[2026-09-23T14:06:22.386+0000] {processor.py:914} INFO - Processing file /opt/airflow/dags/dss150p_pipeline.py for tasks to queue
[2026-09-23T14:06:22.459+0000] {logging_mixin.py:190} INFO - [2026-09-23T14:06:22.453+0000] {dagbag.py:588} INFO - Filling up the DagBag from /opt/airflow/dags/dss150p_pipeline.py
[2026-09-23T14:06:22.814+0000] {processor.py:925} INFO - DAG(s) 'dss150p_sales_pipeline' retrieved from /opt/airflow/dags/dss150p_pipeline.py
[2026-09-23T14:06:23.083+0000] {logging_mixin.py:190} INFO - [2026-09-23T14:06:23.082+0000] {dag.py:3239} INFO - Sync 1 DAGs
[2026-09-23T14:06:23.168+0000] {logging_mixin.py:190} INFO - [2026-09-23T14:06:23.168+0000] {dag.py:4180} INFO - Setting next_dagrun for dss150p_sales_pipeline to 2026-09-23 02:00:00+00:00, run_after=2026-09-24 02:00:00+00:00
[2026-09-23T14:06:23.229+0000] {processor.py:208} INFO - Processing /opt/airflow/dags/dss150p_pipeline.py took 1.291 seconds
[2026-09-23T14:06:53.404+0000] {processor.py:186} INFO - Started process (PID=775) to work on /opt/airflow/dags/dss150p_pipeline.py
[2026-09-23T14:06:53.407+0000] {processor.py:914} INFO - Processing file /opt/airflow/dags/dss150p_pipeline.py for tasks to queue
[2026-09-23T14:06:53.427+0000] {logging_mixin.py:190} INFO - [2026-09-23T14:06:53.425+0000] {dagbag.py:588} INFO - Filling up the DagBag from /opt/airflow/dags/dss150p_pipeline.py
[2026-09-23T14:06:53.491+0000] {processor.py:925} INFO - DAG(s) 'dss150p_sales_pipeline' retrieved from /opt/airflow/dags/dss150p_pipeline.py
[2026-09-23T14:06:53.726+0000] {logging_mixin.py:190} INFO - [2026-09-23T14:06:53.724+0000] {dag.py:3239} INFO - Sync 1 DAGs
[2026-09-23T14:06:53.834+0000] {logging_mixin.py:190} INFO - [2026-09-23T14:06:53.834+0000] {dag.py:4180} INFO - Setting next_dagrun for dss150p_sales_pipeline to 2026-09-23 02:00:00+00:00, run_after=2026-09-24 02:00:00+00:00
[2026-09-23T14:06:54.062+0000] {processor.py:208} INFO - Processing /opt/airflow/dags/dss150p_pipeline.py took 0.701 seconds
[2026-09-23T14:07:25.116+0000] {processor.py:186} INFO - Started process (PID=780) to work on /opt/airflow/dags/dss150p_pipeline.py
[2026-09-23T14:07:25.119+0000] {processor.py:914} INFO - Processing file /opt/airflow/dags/dss150p_pipeline.py for tasks to queue
[2026-09-23T14:07:25.134+0000] {logging_mixin.py:190} INFO - [2026-09-23T14:07:25.133+0000] {dagbag.py:588} INFO - Filling up the DagBag from /opt/airflow/dags/dss150p_pipeline.py
[2026-09-23T14:07:25.210+0000] {processor.py:925} INFO - DAG(s) 'dss150p_sales_pipeline' retrieved from /opt/airflow/dags/dss150p_pipeline.py
[2026-09-23T14:07:25.422+0000] {logging_mixin.py:190} INFO - [2026-09-23T14:07:25.421+0000] {dag.py:3239} INFO - Sync 1 DAGs
[2026-09-23T14:07:25.557+0000] {logging_mixin.py:190} INFO - [2026-09-23T14:07:25.554+0000] {dag.py:4180} INFO - Setting next_dagrun for dss150p_sales_pipeline to 2026-09-23 02:00:00+00:00, run_after=2026-09-24 02:00:00+00:00
[2026-09-23T14:07:25.631+0000] {processor.py:208} INFO - Processing /opt/airflow/dags/dss150p_pipeline.py took 0.530 seconds
[2026-09-23T14:07:56.141+0000] {processor.py:186} INFO - Started process (PID=785) to work on /opt/airflow/dags/dss150p_pipeline.py
[2026-09-23T14:07:56.157+0000] {processor.py:914} INFO - Processing file /opt/airflow/dags/dss150p_pipeline.py for tasks to queue
[2026-09-23T14:07:56.198+0000] {logging_mixin.py:190} INFO - [2026-09-23T14:07:56.192+0000] {dagbag.py:588} INFO - Filling up the DagBag from /opt/airflow/dags/dss150p_pipeline.py
[2026-09-23T14:07:56.715+0000] {processor.py:925} INFO - DAG(s) 'dss150p_sales_pipeline' retrieved from /opt/airflow/dags/dss150p_pipeline.py
[2026-09-23T14:07:57.586+0000] {logging_mixin.py:190} INFO - [2026-09-23T14:07:57.586+0000] {dag.py:3239} INFO - Sync 1 DAGs
[2026-09-23T14:07:57.736+0000] {logging_mixin.py:190} INFO - [2026-09-23T14:07:57.735+0000] {dag.py:4180} INFO - Setting next_dagrun for dss150p_sales_pipeline to 2026-09-23 02:00:00+00:00, run_after=2026-09-24 02:00:00+00:00
[2026-09-23T14:07:57.814+0000] {processor.py:208} INFO - Processing /opt/airflow/dags/dss150p_pipeline.py took 1.847 seconds
[2026-09-23T14:08:28.198+0000] {processor.py:186} INFO - Started process (PID=790) to work on /opt/airflow/dags/dss150p_pipeline.py
[2026-09-23T14:08:28.211+0000] {processor.py:914} INFO - Processing file /opt/airflow/dags/dss150p_pipeline.py for tasks to queue
[2026-09-23T14:08:28.217+0000] {logging_mixin.py:190} INFO - [2026-09-23T14:08:28.217+0000] {dagbag.py:588} INFO - Filling up the DagBag from /opt/airflow/dags/dss150p_pipeline.py
[2026-09-23T14:08:28.304+0000] {processor.py:925} INFO - DAG(s) 'dss150p_sales_pipeline' retrieved from /opt/airflow/dags/dss150p_pipeline.py
[2026-09-23T14:08:28.781+0000] {logging_mixin.py:190} INFO - [2026-09-23T14:08:28.781+0000] {dag.py:3239} INFO - Sync 1 DAGs
[2026-09-23T14:08:28.947+0000] {logging_mixin.py:190} INFO - [2026-09-23T14:08:28.947+0000] {dag.py:4180} INFO - Setting next_dagrun for dss150p_sales_pipeline to 2026-09-23 02:00:00+00:00, run_after=2026-09-24 02:00:00+00:00
[2026-09-23T14:08:29.082+0000] {processor.py:208} INFO - Processing /opt/airflow/dags/dss150p_pipeline.py took 0.962 seconds
[2026-09-23T14:09:03.572+0000] {processor.py:186} INFO - Started process (PID=795) to work on /opt/airflow/dags/dss150p_pipeline.py
[2026-09-23T14:09:03.671+0000] {processor.py:914} INFO - Processing file /opt/airflow/dags/dss150p_pipeline.py for tasks to queue
[2026-09-23T14:09:04.079+0000] {logging_mixin.py:190} INFO - [2026-09-23T14:09:04.064+0000] {dagbag.py:588} INFO - Filling up the DagBag from /opt/airflow/dags/dss150p_pipeline.py
[2026-09-23T14:09:06.771+0000] {processor.py:925} INFO - DAG(s) 'dss150p_sales_pipeline' retrieved from /opt/airflow/dags/dss150p_pipeline.py
[2026-09-23T14:09:13.828+0000] {logging_mixin.py:190} INFO - [2026-09-23T14:09:13.821+0000] {dag.py:3239} INFO - Sync 1 DAGs
[2026-09-23T14:09:14.703+0000] {logging_mixin.py:190} INFO - [2026-09-23T14:09:14.702+0000] {dag.py:4180} INFO - Setting next_dagrun for dss150p_sales_pipeline to 2026-09-23 02:00:00+00:00, run_after=2026-09-24 02:00:00+00:00
[2026-09-23T14:09:15.553+0000] {processor.py:208} INFO - Processing /opt/airflow/dags/dss150p_pipeline.py took 13.191 seconds
[2026-09-23T14:09:45.929+0000] {processor.py:186} INFO - Started process (PID=800) to work on /opt/airflow/dags/dss150p_pipeline.py
[2026-09-23T14:09:45.936+0000] {processor.py:914} INFO - Processing file /opt/airflow/dags/dss150p_pipeline.py for tasks to queue
[2026-09-23T14:09:45.947+0000] {logging_mixin.py:190} INFO - [2026-09-23T14:09:45.946+0000] {dagbag.py:588} INFO - Filling up the DagBag from /opt/airflow/dags/dss150p_pipeline.py
[2026-09-23T14:09:46.051+0000] {processor.py:925} INFO - DAG(s) 'dss150p_sales_pipeline' retrieved from /opt/airflow/dags/dss150p_pipeline.py
[2026-09-23T14:09:46.256+0000] {logging_mixin.py:190} INFO - [2026-09-23T14:09:46.255+0000] {dag.py:3239} INFO - Sync 1 DAGs
[2026-09-23T14:09:46.358+0000] {logging_mixin.py:190} INFO - [2026-09-23T14:09:46.358+0000] {dag.py:4180} INFO - Setting next_dagrun for dss150p_sales_pipeline to 2026-09-23 02:00:00+00:00, run_after=2026-09-24 02:00:00+00:00
[2026-09-23T14:09:46.517+0000] {processor.py:208} INFO - Processing /opt/airflow/dags/dss150p_pipeline.py took 0.609 seconds
[2026-09-23T14:10:17.187+0000] {processor.py:186} INFO - Started process (PID=805) to work on /opt/airflow/dags/dss150p_pipeline.py
[2026-09-23T14:10:17.217+0000] {processor.py:914} INFO - Processing file /opt/airflow/dags/dss150p_pipeline.py for tasks to queue
[2026-09-23T14:10:17.267+0000] {logging_mixin.py:190} INFO - [2026-09-23T14:10:17.266+0000] {dagbag.py:588} INFO - Filling up the DagBag from /opt/airflow/dags/dss150p_pipeline.py
[2026-09-23T14:10:17.536+0000] {processor.py:925} INFO - DAG(s) 'dss150p_sales_pipeline' retrieved from /opt/airflow/dags/dss150p_pipeline.py
[2026-09-23T14:10:18.277+0000] {logging_mixin.py:190} INFO - [2026-09-23T14:10:18.276+0000] {dag.py:3239} INFO - Sync 1 DAGs
[2026-09-23T14:10:18.652+0000] {logging_mixin.py:190} INFO - [2026-09-23T14:10:18.651+0000] {dag.py:4180} INFO - Setting next_dagrun for dss150p_sales_pipeline to 2026-09-23 02:00:00+00:00, run_after=2026-09-24 02:00:00+00:00
[2026-09-23T14:10:18.759+0000] {processor.py:208} INFO - Processing /opt/airflow/dags/dss150p_pipeline.py took 1.737 seconds
[2026-09-23T14:10:49.937+0000] {processor.py:186} INFO - Started process (PID=810) to work on /opt/airflow/dags/dss150p_pipeline.py
[2026-09-23T14:10:49.945+0000] {processor.py:914} INFO - Processing file /opt/airflow/dags/dss150p_pipeline.py for tasks to queue
[2026-09-23T14:10:49.976+0000] {logging_mixin.py:190} INFO - [2026-09-23T14:10:49.975+0000] {dagbag.py:588} INFO - Filling up the DagBag from /opt/airflow/dags/dss150p_pipeline.py
[2026-09-23T14:10:50.180+0000] {processor.py:925} INFO - DAG(s) 'dss150p_sales_pipeline' retrieved from /opt/airflow/dags/dss150p_pipeline.py
[2026-09-23T14:10:50.524+0000] {logging_mixin.py:190} INFO - [2026-09-23T14:10:50.523+0000] {dag.py:3239} INFO - Sync 1 DAGs
[2026-09-23T14:10:50.927+0000] {logging_mixin.py:190} INFO - [2026-09-23T14:10:50.926+0000] {dag.py:4180} INFO - Setting next_dagrun for dss150p_sales_pipeline to 2026-09-23 02:00:00+00:00, run_after=2026-09-24 02:00:00+00:00
[2026-09-23T14:10:51.045+0000] {processor.py:208} INFO - Processing /opt/airflow/dags/dss150p_pipeline.py took 1.163 seconds
[2026-09-23T14:11:21.898+0000] {processor.py:186} INFO - Started process (PID=815) to work on /opt/airflow/dags/dss150p_pipeline.py
[2026-09-23T14:11:21.963+0000] {processor.py:914} INFO - Processing file /opt/airflow/dags/dss150p_pipeline.py for tasks to queue
[2026-09-23T14:11:21.973+0000] {logging_mixin.py:190} INFO - [2026-09-23T14:11:21.972+0000] {dagbag.py:588} INFO - Filling up the DagBag from /opt/airflow/dags/dss150p_pipeline.py
[2026-09-23T14:11:22.167+0000] {processor.py:925} INFO - DAG(s) 'dss150p_sales_pipeline' retrieved from /opt/airflow/dags/dss150p_pipeline.py
[2026-09-23T14:11:22.453+0000] {logging_mixin.py:190} INFO - [2026-09-23T14:11:22.453+0000] {dag.py:3239} INFO - Sync 1 DAGs
[2026-09-23T14:11:22.525+0000] {logging_mixin.py:190} INFO - [2026-09-23T14:11:22.525+0000] {dag.py:4180} INFO - Setting next_dagrun for dss150p_sales_pipeline to 2026-09-23 02:00:00+00:00, run_after=2026-09-24 02:00:00+00:00
[2026-09-23T14:11:22.563+0000] {processor.py:208} INFO - Processing /opt/airflow/dags/dss150p_pipeline.py took 0.688 seconds
[2026-09-23T14:11:52.919+0000] {processor.py:186} INFO - Started process (PID=820) to work on /opt/airflow/dags/dss150p_pipeline.py
[2026-09-23T14:11:52.925+0000] {processor.py:914} INFO - Processing file /opt/airflow/dags/dss150p_pipeline.py for tasks to queue
[2026-09-23T14:11:52.933+0000] {logging_mixin.py:190} INFO - [2026-09-23T14:11:52.929+0000] {dagbag.py:588} INFO - Filling up the DagBag from /opt/airflow/dags/dss150p_pipeline.py
[2026-09-23T14:11:53.036+0000] {processor.py:925} INFO - DAG(s) 'dss150p_sales_pipeline' retrieved from /opt/airflow/dags/dss150p_pipeline.py
[2026-09-23T14:11:53.291+0000] {logging_mixin.py:190} INFO - [2026-09-23T14:11:53.291+0000] {dag.py:3239} INFO - Sync 1 DAGs
[2026-09-23T14:11:53.480+0000] {logging_mixin.py:190} INFO - [2026-09-23T14:11:53.478+0000] {dag.py:4180} INFO - Setting next_dagrun for dss150p_sales_pipeline to 2026-09-23 02:00:00+00:00, run_after=2026-09-24 02:00:00+00:00
[2026-09-23T14:11:53.851+0000] {processor.py:208} INFO - Processing /opt/airflow/dags/dss150p_pipeline.py took 0.949 seconds
[2026-09-23T14:12:25.073+0000] {processor.py:186} INFO - Started process (PID=825) to work on /opt/airflow/dags/dss150p_pipeline.py
[2026-09-23T14:12:25.118+0000] {processor.py:914} INFO - Processing file /opt/airflow/dags/dss150p_pipeline.py for tasks to queue
[2026-09-23T14:12:25.174+0000] {logging_mixin.py:190} INFO - [2026-09-23T14:12:25.172+0000] {dagbag.py:588} INFO - Filling up the DagBag from /opt/airflow/dags/dss150p_pipeline.py
[2026-09-23T14:12:25.374+0000] {processor.py:925} INFO - DAG(s) 'dss150p_sales_pipeline' retrieved from /opt/airflow/dags/dss150p_pipeline.py
[2026-09-23T14:12:25.950+0000] {logging_mixin.py:190} INFO - [2026-09-23T14:12:25.950+0000] {dag.py:3239} INFO - Sync 1 DAGs
[2026-09-23T14:12:26.164+0000] {logging_mixin.py:190} INFO - [2026-09-23T14:12:26.161+0000] {dag.py:4180} INFO - Setting next_dagrun for dss150p_sales_pipeline to 2026-09-23 02:00:00+00:00, run_after=2026-09-24 02:00:00+00:00
[2026-09-23T14:12:26.259+0000] {processor.py:208} INFO - Processing /opt/airflow/dags/dss150p_pipeline.py took 1.224 seconds
[2026-09-23T14:12:57.020+0000] {processor.py:186} INFO - Started process (PID=830) to work on /opt/airflow/dags/dss150p_pipeline.py
[2026-09-23T14:12:57.022+0000] {processor.py:914} INFO - Processing file /opt/airflow/dags/dss150p_pipeline.py for tasks to queue
[2026-09-23T14:12:57.037+0000] {logging_mixin.py:190} INFO - [2026-09-23T14:12:57.036+0000] {dagbag.py:588} INFO - Filling up the DagBag from /opt/airflow/dags/dss150p_pipeline.py
[2026-09-23T14:12:57.097+0000] {processor.py:925} INFO - DAG(s) 'dss150p_sales_pipeline' retrieved from /opt/airflow/dags/dss150p_pipeline.py
[2026-09-23T14:12:57.284+0000] {logging_mixin.py:190} INFO - [2026-09-23T14:12:57.283+0000] {dag.py:3239} INFO - Sync 1 DAGs
[2026-09-23T14:12:57.381+0000] {logging_mixin.py:190} INFO - [2026-09-23T14:12:57.380+0000] {dag.py:4180} INFO - Setting next_dagrun for dss150p_sales_pipeline to 2026-09-23 02:00:00+00:00, run_after=2026-09-24 02:00:00+00:00
[2026-09-23T14:12:57.487+0000] {processor.py:208} INFO - Processing /opt/airflow/dags/dss150p_pipeline.py took 0.490 seconds
[2026-09-23T14:13:27.895+0000] {processor.py:186} INFO - Started process (PID=835) to work on /opt/airflow/dags/dss150p_pipeline.py
[2026-09-23T14:13:27.903+0000] {processor.py:914} INFO - Processing file /opt/airflow/dags/dss150p_pipeline.py for tasks to queue
[2026-09-23T14:13:27.914+0000] {logging_mixin.py:190} INFO - [2026-09-23T14:13:27.913+0000] {dagbag.py:588} INFO - Filling up the DagBag from /opt/airflow/dags/dss150p_pipeline.py
[2026-09-23T14:13:27.988+0000] {processor.py:925} INFO - DAG(s) 'dss150p_sales_pipeline' retrieved from /opt/airflow/dags/dss150p_pipeline.py
[2026-09-23T14:13:28.216+0000] {logging_mixin.py:190} INFO - [2026-09-23T14:13:28.215+0000] {dag.py:3239} INFO - Sync 1 DAGs
[2026-09-23T14:13:28.317+0000] {logging_mixin.py:190} INFO - [2026-09-23T14:13:28.314+0000] {dag.py:4180} INFO - Setting next_dagrun for dss150p_sales_pipeline to 2026-09-23 02:00:00+00:00, run_after=2026-09-24 02:00:00+00:00
[2026-09-23T14:13:28.614+0000] {processor.py:208} INFO - Processing /opt/airflow/dags/dss150p_pipeline.py took 0.751 seconds
[2026-09-23T14:13:58.894+0000] {processor.py:186} INFO - Started process (PID=840) to work on /opt/airflow/dags/dss150p_pipeline.py
[2026-09-23T14:13:58.951+0000] {processor.py:914} INFO - Processing file /opt/airflow/dags/dss150p_pipeline.py for tasks to queue
[2026-09-23T14:13:58.970+0000] {logging_mixin.py:190} INFO - [2026-09-23T14:13:58.969+0000] {dagbag.py:588} INFO - Filling up the DagBag from /opt/airflow/dags/dss150p_pipeline.py
[2026-09-23T14:13:59.135+0000] {processor.py:925} INFO - DAG(s) 'dss150p_sales_pipeline' retrieved from /opt/airflow/dags/dss150p_pipeline.py
[2026-09-23T14:14:00.681+0000] {logging_mixin.py:190} INFO - [2026-09-23T14:14:00.680+0000] {dag.py:3239} INFO - Sync 1 DAGs
[2026-09-23T14:14:01.556+0000] {logging_mixin.py:190} INFO - [2026-09-23T14:14:01.555+0000] {dag.py:4180} INFO - Setting next_dagrun for dss150p_sales_pipeline to 2026-09-23 02:00:00+00:00, run_after=2026-09-24 02:00:00+00:00
[2026-09-23T14:14:01.919+0000] {processor.py:208} INFO - Processing /opt/airflow/dags/dss150p_pipeline.py took 3.066 seconds
[2026-09-23T14:14:32.866+0000] {processor.py:186} INFO - Started process (PID=845) to work on /opt/airflow/dags/dss150p_pipeline.py
[2026-09-23T14:14:32.881+0000] {processor.py:914} INFO - Processing file /opt/airflow/dags/dss150p_pipeline.py for tasks to queue
[2026-09-23T14:14:32.911+0000] {logging_mixin.py:190} INFO - [2026-09-23T14:14:32.908+0000] {dagbag.py:588} INFO - Filling up the DagBag from /opt/airflow/dags/dss150p_pipeline.py
[2026-09-23T14:14:33.118+0000] {processor.py:925} INFO - DAG(s) 'dss150p_sales_pipeline' retrieved from /opt/airflow/dags/dss150p_pipeline.py
[2026-09-23T14:14:33.314+0000] {logging_mixin.py:190} INFO - [2026-09-23T14:14:33.314+0000] {dag.py:3239} INFO - Sync 1 DAGs
[2026-09-23T14:14:33.410+0000] {logging_mixin.py:190} INFO - [2026-09-23T14:14:33.410+0000] {dag.py:4180} INFO - Setting next_dagrun for dss150p_sales_pipeline to 2026-09-23 02:00:00+00:00, run_after=2026-09-24 02:00:00+00:00
[2026-09-23T14:14:33.465+0000] {processor.py:208} INFO - Processing /opt/airflow/dags/dss150p_pipeline.py took 0.650 seconds
[2026-09-23T14:15:03.750+0000] {processor.py:186} INFO - Started process (PID=850) to work on /opt/airflow/dags/dss150p_pipeline.py
[2026-09-23T14:15:03.758+0000] {processor.py:914} INFO - Processing file /opt/airflow/dags/dss150p_pipeline.py for tasks to queue
[2026-09-23T14:15:03.767+0000] {logging_mixin.py:190} INFO - [2026-09-23T14:15:03.765+0000] {dagbag.py:588} INFO - Filling up the DagBag from /opt/airflow/dags/dss150p_pipeline.py
[2026-09-23T14:15:03.865+0000] {processor.py:925} INFO - DAG(s) 'dss150p_sales_pipeline' retrieved from /opt/airflow/dags/dss150p_pipeline.py
[2026-09-23T14:15:04.061+0000] {logging_mixin.py:190} INFO - [2026-09-23T14:15:04.061+0000] {dag.py:3239} INFO - Sync 1 DAGs
[2026-09-23T14:15:04.134+0000] {logging_mixin.py:190} INFO - [2026-09-23T14:15:04.133+0000] {dag.py:4180} INFO - Setting next_dagrun for dss150p_sales_pipeline to 2026-09-23 02:00:00+00:00, run_after=2026-09-24 02:00:00+00:00
[2026-09-23T14:15:04.211+0000] {processor.py:208} INFO - Processing /opt/airflow/dags/dss150p_pipeline.py took 0.483 seconds
[2026-09-23T14:15:35.827+0000] {processor.py:186} INFO - Started process (PID=855) to work on /opt/airflow/dags/dss150p_pipeline.py
[2026-09-23T14:15:35.883+0000] {processor.py:914} INFO - Processing file /opt/airflow/dags/dss150p_pipeline.py for tasks to queue
[2026-09-23T14:15:35.900+0000] {logging_mixin.py:190} INFO - [2026-09-23T14:15:35.899+0000] {dagbag.py:588} INFO - Filling up the DagBag from /opt/airflow/dags/dss150p_pipeline.py
[2026-09-23T14:15:36.405+0000] {processor.py:925} INFO - DAG(s) 'dss150p_sales_pipeline' retrieved from /opt/airflow/dags/dss150p_pipeline.py
[2026-09-23T14:15:37.271+0000] {logging_mixin.py:190} INFO - [2026-09-23T14:15:37.271+0000] {dag.py:3239} INFO - Sync 1 DAGs
[2026-09-23T14:15:37.628+0000] {logging_mixin.py:190} INFO - [2026-09-23T14:15:37.627+0000] {dag.py:4180} INFO - Setting next_dagrun for dss150p_sales_pipeline to 2026-09-23 02:00:00+00:00, run_after=2026-09-24 02:00:00+00:00
[2026-09-23T14:15:37.694+0000] {processor.py:208} INFO - Processing /opt/airflow/dags/dss150p_pipeline.py took 2.888 seconds
[2026-09-23T14:16:08.403+0000] {processor.py:186} INFO - Started process (PID=860) to work on /opt/airflow/dags/dss150p_pipeline.py
[2026-09-23T14:16:08.420+0000] {processor.py:914} INFO - Processing file /opt/airflow/dags/dss150p_pipeline.py for tasks to queue
[2026-09-23T14:16:08.458+0000] {logging_mixin.py:190} INFO - [2026-09-23T14:16:08.441+0000] {dagbag.py:588} INFO - Filling up the DagBag from /opt/airflow/dags/dss150p_pipeline.py
[2026-09-23T14:16:08.752+0000] {processor.py:925} INFO - DAG(s) 'dss150p_sales_pipeline' retrieved from /opt/airflow/dags/dss150p_pipeline.py
[2026-09-23T14:16:09.089+0000] {logging_mixin.py:190} INFO - [2026-09-23T14:16:09.089+0000] {dag.py:3239} INFO - Sync 1 DAGs
[2026-09-23T14:16:09.297+0000] {logging_mixin.py:190} INFO - [2026-09-23T14:16:09.297+0000] {dag.py:4180} INFO - Setting next_dagrun for dss150p_sales_pipeline to 2026-09-23 02:00:00+00:00, run_after=2026-09-24 02:00:00+00:00
[2026-09-23T14:16:09.610+0000] {processor.py:208} INFO - Processing /opt/airflow/dags/dss150p_pipeline.py took 1.256 seconds
[2026-09-23T14:16:39.931+0000] {processor.py:186} INFO - Started process (PID=865) to work on /opt/airflow/dags/dss150p_pipeline.py
[2026-09-23T14:16:39.947+0000] {processor.py:914} INFO - Processing file /opt/airflow/dags/dss150p_pipeline.py for tasks to queue
[2026-09-23T14:16:39.966+0000] {logging_mixin.py:190} INFO - [2026-09-23T14:16:39.965+0000] {dagbag.py:588} INFO - Filling up the DagBag from /opt/airflow/dags/dss150p_pipeline.py
[2026-09-23T14:16:40.118+0000] {processor.py:925} INFO - DAG(s) 'dss150p_sales_pipeline' retrieved from /opt/airflow/dags/dss150p_pipeline.py
[2026-09-23T14:16:40.320+0000] {logging_mixin.py:190} INFO - [2026-09-23T14:16:40.319+0000] {dag.py:3239} INFO - Sync 1 DAGs
[2026-09-23T14:16:40.400+0000] {logging_mixin.py:190} INFO - [2026-09-23T14:16:40.400+0000] {dag.py:4180} INFO - Setting next_dagrun for dss150p_sales_pipeline to 2026-09-23 02:00:00+00:00, run_after=2026-09-24 02:00:00+00:00
[2026-09-23T14:16:40.443+0000] {processor.py:208} INFO - Processing /opt/airflow/dags/dss150p_pipeline.py took 0.565 seconds
[2026-09-23T14:17:10.693+0000] {processor.py:186} INFO - Started process (PID=870) to work on /opt/airflow/dags/dss150p_pipeline.py
[2026-09-23T14:17:10.725+0000] {processor.py:914} INFO - Processing file /opt/airflow/dags/dss150p_pipeline.py for tasks to queue
[2026-09-23T14:17:10.744+0000] {logging_mixin.py:190} INFO - [2026-09-23T14:17:10.743+0000] {dagbag.py:588} INFO - Filling up the DagBag from /opt/airflow/dags/dss150p_pipeline.py
[2026-09-23T14:17:11.144+0000] {processor.py:925} INFO - DAG(s) 'dss150p_sales_pipeline' retrieved from /opt/airflow/dags/dss150p_pipeline.py
[2026-09-23T14:17:12.308+0000] {logging_mixin.py:190} INFO - [2026-09-23T14:17:12.307+0000] {dag.py:3239} INFO - Sync 1 DAGs
[2026-09-23T14:17:12.838+0000] {logging_mixin.py:190} INFO - [2026-09-23T14:17:12.837+0000] {dag.py:4180} INFO - Setting next_dagrun for dss150p_sales_pipeline to 2026-09-23 02:00:00+00:00, run_after=2026-09-24 02:00:00+00:00
[2026-09-23T14:17:12.924+0000] {processor.py:208} INFO - Processing /opt/airflow/dags/dss150p_pipeline.py took 2.287 seconds
[2026-09-23T14:17:43.776+0000] {processor.py:186} INFO - Started process (PID=875) to work on /opt/airflow/dags/dss150p_pipeline.py
[2026-09-23T14:17:43.783+0000] {processor.py:914} INFO - Processing file /opt/airflow/dags/dss150p_pipeline.py for tasks to queue
[2026-09-23T14:17:43.805+0000] {logging_mixin.py:190} INFO - [2026-09-23T14:17:43.805+0000] {dagbag.py:588} INFO - Filling up the DagBag from /opt/airflow/dags/dss150p_pipeline.py
[2026-09-23T14:17:43.875+0000] {processor.py:925} INFO - DAG(s) 'dss150p_sales_pipeline' retrieved from /opt/airflow/dags/dss150p_pipeline.py
[2026-09-23T14:17:44.117+0000] {logging_mixin.py:190} INFO - [2026-09-23T14:17:44.117+0000] {dag.py:3239} INFO - Sync 1 DAGs
[2026-09-23T14:17:44.197+0000] {logging_mixin.py:190} INFO - [2026-09-23T14:17:44.196+0000] {dag.py:4180} INFO - Setting next_dagrun for dss150p_sales_pipeline to 2026-09-23 02:00:00+00:00, run_after=2026-09-24 02:00:00+00:00
[2026-09-23T14:17:44.261+0000] {processor.py:208} INFO - Processing /opt/airflow/dags/dss150p_pipeline.py took 0.517 seconds
[2026-09-23T14:18:14.684+0000] {processor.py:186} INFO - Started process (PID=880) to work on /opt/airflow/dags/dss150p_pipeline.py
[2026-09-23T14:18:14.690+0000] {processor.py:914} INFO - Processing file /opt/airflow/dags/dss150p_pipeline.py for tasks to queue
[2026-09-23T14:18:14.697+0000] {logging_mixin.py:190} INFO - [2026-09-23T14:18:14.696+0000] {dagbag.py:588} INFO - Filling up the DagBag from /opt/airflow/dags/dss150p_pipeline.py
[2026-09-23T14:18:14.747+0000] {processor.py:925} INFO - DAG(s) 'dss150p_sales_pipeline' retrieved from /opt/airflow/dags/dss150p_pipeline.py
[2026-09-23T14:18:14.884+0000] {logging_mixin.py:190} INFO - [2026-09-23T14:18:14.884+0000] {dag.py:3239} INFO - Sync 1 DAGs
[2026-09-23T14:18:14.982+0000] {logging_mixin.py:190} INFO - [2026-09-23T14:18:14.982+0000] {dag.py:4180} INFO - Setting next_dagrun for dss150p_sales_pipeline to 2026-09-23 02:00:00+00:00, run_after=2026-09-24 02:00:00+00:00
[2026-09-23T14:18:15.032+0000] {processor.py:208} INFO - Processing /opt/airflow/dags/dss150p_pipeline.py took 0.369 seconds
[2026-09-23T14:18:45.413+0000] {processor.py:186} INFO - Started process (PID=885) to work on /opt/airflow/dags/dss150p_pipeline.py
[2026-09-23T14:18:45.422+0000] {processor.py:914} INFO - Processing file /opt/airflow/dags/dss150p_pipeline.py for tasks to queue
[2026-09-23T14:18:45.426+0000] {logging_mixin.py:190} INFO - [2026-09-23T14:18:45.426+0000] {dagbag.py:588} INFO - Filling up the DagBag from /opt/airflow/dags/dss150p_pipeline.py
[2026-09-23T14:18:45.513+0000] {processor.py:925} INFO - DAG(s) 'dss150p_sales_pipeline' retrieved from /opt/airflow/dags/dss150p_pipeline.py
[2026-09-23T14:18:45.724+0000] {logging_mixin.py:190} INFO - [2026-09-23T14:18:45.723+0000] {dag.py:3239} INFO - Sync 1 DAGs
[2026-09-23T14:18:45.842+0000] {logging_mixin.py:190} INFO - [2026-09-23T14:18:45.841+0000] {dag.py:4180} INFO - Setting next_dagrun for dss150p_sales_pipeline to 2026-09-23 02:00:00+00:00, run_after=2026-09-24 02:00:00+00:00
[2026-09-23T14:18:45.886+0000] {processor.py:208} INFO - Processing /opt/airflow/dags/dss150p_pipeline.py took 0.510 seconds
[2026-09-23T14:19:16.192+0000] {processor.py:186} INFO - Started process (PID=890) to work on /opt/airflow/dags/dss150p_pipeline.py
[2026-09-23T14:19:16.198+0000] {processor.py:914} INFO - Processing file /opt/airflow/dags/dss150p_pipeline.py for tasks to queue
[2026-09-23T14:19:16.204+0000] {logging_mixin.py:190} INFO - [2026-09-23T14:19:16.203+0000] {dagbag.py:588} INFO - Filling up the DagBag from /opt/airflow/dags/dss150p_pipeline.py
[2026-09-23T14:19:16.258+0000] {processor.py:925} INFO - DAG(s) 'dss150p_sales_pipeline' retrieved from /opt/airflow/dags/dss150p_pipeline.py
[2026-09-23T14:19:16.417+0000] {logging_mixin.py:190} INFO - [2026-09-23T14:19:16.416+0000] {dag.py:3239} INFO - Sync 1 DAGs
[2026-09-23T14:19:16.473+0000] {logging_mixin.py:190} INFO - [2026-09-23T14:19:16.473+0000] {dag.py:4180} INFO - Setting next_dagrun for dss150p_sales_pipeline to 2026-09-23 02:00:00+00:00, run_after=2026-09-24 02:00:00+00:00
[2026-09-23T14:19:16.510+0000] {processor.py:208} INFO - Processing /opt/airflow/dags/dss150p_pipeline.py took 0.336 seconds
[2026-09-23T14:19:46.672+0000] {processor.py:186} INFO - Started process (PID=895) to work on /opt/airflow/dags/dss150p_pipeline.py
[2026-09-23T14:19:46.676+0000] {processor.py:914} INFO - Processing file /opt/airflow/dags/dss150p_pipeline.py for tasks to queue
[2026-09-23T14:19:46.686+0000] {logging_mixin.py:190} INFO - [2026-09-23T14:19:46.684+0000] {dagbag.py:588} INFO - Filling up the DagBag from /opt/airflow/dags/dss150p_pipeline.py
[2026-09-23T14:19:46.745+0000] {processor.py:925} INFO - DAG(s) 'dss150p_sales_pipeline' retrieved from /opt/airflow/dags/dss150p_pipeline.py
[2026-09-23T14:19:46.899+0000] {logging_mixin.py:190} INFO - [2026-09-23T14:19:46.898+0000] {dag.py:3239} INFO - Sync 1 DAGs
[2026-09-23T14:19:47.017+0000] {logging_mixin.py:190} INFO - [2026-09-23T14:19:47.016+0000] {dag.py:4180} INFO - Setting next_dagrun for dss150p_sales_pipeline to 2026-09-23 02:00:00+00:00, run_after=2026-09-24 02:00:00+00:00
[2026-09-23T14:19:47.064+0000] {processor.py:208} INFO - Processing /opt/airflow/dags/dss150p_pipeline.py took 0.417 seconds
[2026-09-23T14:20:17.341+0000] {processor.py:186} INFO - Started process (PID=900) to work on /opt/airflow/dags/dss150p_pipeline.py
[2026-09-23T14:20:17.349+0000] {processor.py:914} INFO - Processing file /opt/airflow/dags/dss150p_pipeline.py for tasks to queue
[2026-09-23T14:20:17.356+0000] {logging_mixin.py:190} INFO - [2026-09-23T14:20:17.356+0000] {dagbag.py:588} INFO - Filling up the DagBag from /opt/airflow/dags/dss150p_pipeline.py
[2026-09-23T14:20:17.414+0000] {processor.py:925} INFO - DAG(s) 'dss150p_sales_pipeline' retrieved from /opt/airflow/dags/dss150p_pipeline.py
[2026-09-23T14:20:17.610+0000] {logging_mixin.py:190} INFO - [2026-09-23T14:20:17.610+0000] {dag.py:3239} INFO - Sync 1 DAGs
[2026-09-23T14:20:18.027+0000] {logging_mixin.py:190} INFO - [2026-09-23T14:20:18.026+0000] {dag.py:4180} INFO - Setting next_dagrun for dss150p_sales_pipeline to 2026-09-23 02:00:00+00:00, run_after=2026-09-24 02:00:00+00:00
[2026-09-23T14:20:18.298+0000] {processor.py:208} INFO - Processing /opt/airflow/dags/dss150p_pipeline.py took 0.995 seconds
[2026-09-23T14:20:48.974+0000] {processor.py:186} INFO - Started process (PID=905) to work on /opt/airflow/dags/dss150p_pipeline.py
[2026-09-23T14:20:48.997+0000] {processor.py:914} INFO - Processing file /opt/airflow/dags/dss150p_pipeline.py for tasks to queue
[2026-09-23T14:20:49.028+0000] {logging_mixin.py:190} INFO - [2026-09-23T14:20:49.027+0000] {dagbag.py:588} INFO - Filling up the DagBag from /opt/airflow/dags/dss150p_pipeline.py
[2026-09-23T14:20:49.280+0000] {processor.py:925} INFO - DAG(s) 'dss150p_sales_pipeline' retrieved from /opt/airflow/dags/dss150p_pipeline.py
[2026-09-23T14:20:49.687+0000] {logging_mixin.py:190} INFO - [2026-09-23T14:20:49.686+0000] {dag.py:3239} INFO - Sync 1 DAGs
[2026-09-23T14:20:49.803+0000] {logging_mixin.py:190} INFO - [2026-09-23T14:20:49.803+0000] {dag.py:4180} INFO - Setting next_dagrun for dss150p_sales_pipeline to 2026-09-23 02:00:00+00:00, run_after=2026-09-24 02:00:00+00:00
[2026-09-23T14:20:49.951+0000] {processor.py:208} INFO - Processing /opt/airflow/dags/dss150p_pipeline.py took 1.149 seconds
[2026-09-23T14:21:20.824+0000] {processor.py:186} INFO - Started process (PID=910) to work on /opt/airflow/dags/dss150p_pipeline.py
[2026-09-23T14:21:20.848+0000] {processor.py:914} INFO - Processing file /opt/airflow/dags/dss150p_pipeline.py for tasks to queue
[2026-09-23T14:21:20.861+0000] {logging_mixin.py:190} INFO - [2026-09-23T14:21:20.861+0000] {dagbag.py:588} INFO - Filling up the DagBag from /opt/airflow/dags/dss150p_pipeline.py
[2026-09-23T14:21:20.974+0000] {processor.py:925} INFO - DAG(s) 'dss150p_sales_pipeline' retrieved from /opt/airflow/dags/dss150p_pipeline.py
[2026-09-23T14:21:21.611+0000] {logging_mixin.py:190} INFO - [2026-09-23T14:21:21.609+0000] {dag.py:3239} INFO - Sync 1 DAGs
[2026-09-23T14:21:22.030+0000] {logging_mixin.py:190} INFO - [2026-09-23T14:21:22.030+0000] {dag.py:4180} INFO - Setting next_dagrun for dss150p_sales_pipeline to 2026-09-23 02:00:00+00:00, run_after=2026-09-24 02:00:00+00:00
[2026-09-23T14:21:22.121+0000] {processor.py:208} INFO - Processing /opt/airflow/dags/dss150p_pipeline.py took 1.324 seconds
[2026-09-23T14:21:52.292+0000] {processor.py:186} INFO - Started process (PID=915) to work on /opt/airflow/dags/dss150p_pipeline.py
[2026-09-23T14:21:52.296+0000] {processor.py:914} INFO - Processing file /opt/airflow/dags/dss150p_pipeline.py for tasks to queue
[2026-09-23T14:21:52.303+0000] {logging_mixin.py:190} INFO - [2026-09-23T14:21:52.301+0000] {dagbag.py:588} INFO - Filling up the DagBag from /opt/airflow/dags/dss150p_pipeline.py
[2026-09-23T14:21:52.414+0000] {processor.py:925} INFO - DAG(s) 'dss150p_sales_pipeline' retrieved from /opt/airflow/dags/dss150p_pipeline.py
[2026-09-23T14:21:52.645+0000] {logging_mixin.py:190} INFO - [2026-09-23T14:21:52.644+0000] {dag.py:3239} INFO - Sync 1 DAGs
[2026-09-23T14:21:52.747+0000] {logging_mixin.py:190} INFO - [2026-09-23T14:21:52.746+0000] {dag.py:4180} INFO - Setting next_dagrun for dss150p_sales_pipeline to 2026-09-23 02:00:00+00:00, run_after=2026-09-24 02:00:00+00:00
[2026-09-23T14:21:52.873+0000] {processor.py:208} INFO - Processing /opt/airflow/dags/dss150p_pipeline.py took 0.604 seconds
[2026-09-23T14:22:23.305+0000] {processor.py:186} INFO - Started process (PID=920) to work on /opt/airflow/dags/dss150p_pipeline.py
[2026-09-23T14:22:23.337+0000] {processor.py:914} INFO - Processing file /opt/airflow/dags/dss150p_pipeline.py for tasks to queue
[2026-09-23T14:22:23.368+0000] {logging_mixin.py:190} INFO - [2026-09-23T14:22:23.367+0000] {dagbag.py:588} INFO - Filling up the DagBag from /opt/airflow/dags/dss150p_pipeline.py
[2026-09-23T14:22:23.587+0000] {processor.py:925} INFO - DAG(s) 'dss150p_sales_pipeline' retrieved from /opt/airflow/dags/dss150p_pipeline.py
[2026-09-23T14:22:24.494+0000] {logging_mixin.py:190} INFO - [2026-09-23T14:22:24.493+0000] {dag.py:3239} INFO - Sync 1 DAGs
[2026-09-23T14:22:25.684+0000] {logging_mixin.py:190} INFO - [2026-09-23T14:22:25.683+0000] {dag.py:4180} INFO - Setting next_dagrun for dss150p_sales_pipeline to 2026-09-23 02:00:00+00:00, run_after=2026-09-24 02:00:00+00:00
[2026-09-23T14:22:25.876+0000] {processor.py:208} INFO - Processing /opt/airflow/dags/dss150p_pipeline.py took 2.602 seconds
[2026-09-23T14:22:56.647+0000] {processor.py:186} INFO - Started process (PID=925) to work on /opt/airflow/dags/dss150p_pipeline.py
[2026-09-23T14:22:56.650+0000] {processor.py:914} INFO - Processing file /opt/airflow/dags/dss150p_pipeline.py for tasks to queue
[2026-09-23T14:22:56.661+0000] {logging_mixin.py:190} INFO - [2026-09-23T14:22:56.658+0000] {dagbag.py:588} INFO - Filling up the DagBag from /opt/airflow/dags/dss150p_pipeline.py
[2026-09-23T14:22:56.978+0000] {processor.py:925} INFO - DAG(s) 'dss150p_sales_pipeline' retrieved from /opt/airflow/dags/dss150p_pipeline.py
[2026-09-23T14:22:57.659+0000] {logging_mixin.py:190} INFO - [2026-09-23T14:22:57.659+0000] {dag.py:3239} INFO - Sync 1 DAGs
[2026-09-23T14:22:57.989+0000] {logging_mixin.py:190} INFO - [2026-09-23T14:22:57.988+0000] {dag.py:4180} INFO - Setting next_dagrun for dss150p_sales_pipeline to 2026-09-23 02:00:00+00:00, run_after=2026-09-24 02:00:00+00:00
[2026-09-23T14:22:58.070+0000] {processor.py:208} INFO - Processing /opt/airflow/dags/dss150p_pipeline.py took 1.457 seconds
[2026-09-23T14:23:29.108+0000] {processor.py:186} INFO - Started process (PID=930) to work on /opt/airflow/dags/dss150p_pipeline.py
[2026-09-23T14:23:29.132+0000] {processor.py:914} INFO - Processing file /opt/airflow/dags/dss150p_pipeline.py for tasks to queue
[2026-09-23T14:23:29.140+0000] {logging_mixin.py:190} INFO - [2026-09-23T14:23:29.139+0000] {dagbag.py:588} INFO - Filling up the DagBag from /opt/airflow/dags/dss150p_pipeline.py
[2026-09-23T14:23:29.392+0000] {processor.py:925} INFO - DAG(s) 'dss150p_sales_pipeline' retrieved from /opt/airflow/dags/dss150p_pipeline.py
[2026-09-23T14:23:29.647+0000] {logging_mixin.py:190} INFO - [2026-09-23T14:23:29.647+0000] {dag.py:3239} INFO - Sync 1 DAGs
[2026-09-23T14:23:29.944+0000] {logging_mixin.py:190} INFO - [2026-09-23T14:23:29.943+0000] {dag.py:4180} INFO - Setting next_dagrun for dss150p_sales_pipeline to 2026-09-23 02:00:00+00:00, run_after=2026-09-24 02:00:00+00:00
[2026-09-23T14:23:30.013+0000] {processor.py:208} INFO - Processing /opt/airflow/dags/dss150p_pipeline.py took 1.160 seconds
[2026-09-23T14:24:00.697+0000] {processor.py:186} INFO - Started process (PID=935) to work on /opt/airflow/dags/dss150p_pipeline.py
[2026-09-23T14:24:00.699+0000] {processor.py:914} INFO - Processing file /opt/airflow/dags/dss150p_pipeline.py for tasks to queue
[2026-09-23T14:24:00.709+0000] {logging_mixin.py:190} INFO - [2026-09-23T14:24:00.708+0000] {dagbag.py:588} INFO - Filling up the DagBag from /opt/airflow/dags/dss150p_pipeline.py
[2026-09-23T14:24:00.820+0000] {processor.py:925} INFO - DAG(s) 'dss150p_sales_pipeline' retrieved from /opt/airflow/dags/dss150p_pipeline.py
[2026-09-23T14:24:01.086+0000] {logging_mixin.py:190} INFO - [2026-09-23T14:24:01.085+0000] {dag.py:3239} INFO - Sync 1 DAGs
[2026-09-23T14:24:01.168+0000] {logging_mixin.py:190} INFO - [2026-09-23T14:24:01.167+0000] {dag.py:4180} INFO - Setting next_dagrun for dss150p_sales_pipeline to 2026-09-23 02:00:00+00:00, run_after=2026-09-24 02:00:00+00:00
[2026-09-23T14:24:01.221+0000] {processor.py:208} INFO - Processing /opt/airflow/dags/dss150p_pipeline.py took 0.548 seconds
[2026-09-23T14:24:31.692+0000] {processor.py:186} INFO - Started process (PID=940) to work on /opt/airflow/dags/dss150p_pipeline.py
[2026-09-23T14:24:31.698+0000] {processor.py:914} INFO - Processing file /opt/airflow/dags/dss150p_pipeline.py for tasks to queue
[2026-09-23T14:24:31.709+0000] {logging_mixin.py:190} INFO - [2026-09-23T14:24:31.708+0000] {dagbag.py:588} INFO - Filling up the DagBag from /opt/airflow/dags/dss150p_pipeline.py
[2026-09-23T14:24:31.797+0000] {processor.py:925} INFO - DAG(s) 'dss150p_sales_pipeline' retrieved from /opt/airflow/dags/dss150p_pipeline.py
[2026-09-23T14:24:32.054+0000] {logging_mixin.py:190} INFO - [2026-09-23T14:24:32.053+0000] {dag.py:3239} INFO - Sync 1 DAGs
[2026-09-23T14:24:32.360+0000] {logging_mixin.py:190} INFO - [2026-09-23T14:24:32.357+0000] {dag.py:4180} INFO - Setting next_dagrun for dss150p_sales_pipeline to 2026-09-23 02:00:00+00:00, run_after=2026-09-24 02:00:00+00:00
[2026-09-23T14:24:32.483+0000] {processor.py:208} INFO - Processing /opt/airflow/dags/dss150p_pipeline.py took 0.837 seconds
[2026-09-23T14:25:03.370+0000] {processor.py:186} INFO - Started process (PID=945) to work on /opt/airflow/dags/dss150p_pipeline.py
[2026-09-23T14:25:03.390+0000] {processor.py:914} INFO - Processing file /opt/airflow/dags/dss150p_pipeline.py for tasks to queue
[2026-09-23T14:25:03.405+0000] {logging_mixin.py:190} INFO - [2026-09-23T14:25:03.401+0000] {dagbag.py:588} INFO - Filling up the DagBag from /opt/airflow/dags/dss150p_pipeline.py
[2026-09-23T14:25:03.590+0000] {processor.py:925} INFO - DAG(s) 'dss150p_sales_pipeline' retrieved from /opt/airflow/dags/dss150p_pipeline.py
[2026-09-23T14:25:03.778+0000] {logging_mixin.py:190} INFO - [2026-09-23T14:25:03.775+0000] {dag.py:3239} INFO - Sync 1 DAGs
[2026-09-23T14:25:04.102+0000] {logging_mixin.py:190} INFO - [2026-09-23T14:25:04.102+0000] {dag.py:4180} INFO - Setting next_dagrun for dss150p_sales_pipeline to 2026-09-23 02:00:00+00:00, run_after=2026-09-24 02:00:00+00:00
[2026-09-23T14:25:04.157+0000] {processor.py:208} INFO - Processing /opt/airflow/dags/dss150p_pipeline.py took 0.876 seconds
[2026-09-23T14:25:35.004+0000] {processor.py:186} INFO - Started process (PID=950) to work on /opt/airflow/dags/dss150p_pipeline.py
[2026-09-23T14:25:35.030+0000] {processor.py:914} INFO - Processing file /opt/airflow/dags/dss150p_pipeline.py for tasks to queue
[2026-09-23T14:25:35.035+0000] {logging_mixin.py:190} INFO - [2026-09-23T14:25:35.034+0000] {dagbag.py:588} INFO - Filling up the DagBag from /opt/airflow/dags/dss150p_pipeline.py
[2026-09-23T14:25:35.087+0000] {processor.py:925} INFO - DAG(s) 'dss150p_sales_pipeline' retrieved from /opt/airflow/dags/dss150p_pipeline.py
[2026-09-23T14:25:35.354+0000] {logging_mixin.py:190} INFO - [2026-09-23T14:25:35.354+0000] {dag.py:3239} INFO - Sync 1 DAGs
[2026-09-23T14:25:35.450+0000] {logging_mixin.py:190} INFO - [2026-09-23T14:25:35.450+0000] {dag.py:4180} INFO - Setting next_dagrun for dss150p_sales_pipeline to 2026-09-23 02:00:00+00:00, run_after=2026-09-24 02:00:00+00:00
[2026-09-23T14:25:35.488+0000] {processor.py:208} INFO - Processing /opt/airflow/dags/dss150p_pipeline.py took 0.503 seconds
[2026-09-23T14:26:06.683+0000] {processor.py:186} INFO - Started process (PID=955) to work on /opt/airflow/dags/dss150p_pipeline.py
[2026-09-23T14:26:06.693+0000] {processor.py:914} INFO - Processing file /opt/airflow/dags/dss150p_pipeline.py for tasks to queue
[2026-09-23T14:26:06.783+0000] {logging_mixin.py:190} INFO - [2026-09-23T14:26:06.781+0000] {dagbag.py:588} INFO - Filling up the DagBag from /opt/airflow/dags/dss150p_pipeline.py
[2026-09-23T14:26:06.989+0000] {processor.py:925} INFO - DAG(s) 'dss150p_sales_pipeline' retrieved from /opt/airflow/dags/dss150p_pipeline.py
[2026-09-23T14:26:07.509+0000] {logging_mixin.py:190} INFO - [2026-09-23T14:26:07.509+0000] {dag.py:3239} INFO - Sync 1 DAGs
[2026-09-23T14:26:07.625+0000] {logging_mixin.py:190} INFO - [2026-09-23T14:26:07.624+0000] {dag.py:4180} INFO - Setting next_dagrun for dss150p_sales_pipeline to 2026-09-23 02:00:00+00:00, run_after=2026-09-24 02:00:00+00:00
[2026-09-23T14:26:07.901+0000] {processor.py:208} INFO - Processing /opt/airflow/dags/dss150p_pipeline.py took 1.297 seconds
[2026-09-23T14:26:38.380+0000] {processor.py:186} INFO - Started process (PID=960) to work on /opt/airflow/dags/dss150p_pipeline.py
[2026-09-23T14:26:38.390+0000] {processor.py:914} INFO - Processing file /opt/airflow/dags/dss150p_pipeline.py for tasks to queue
[2026-09-23T14:26:38.431+0000] {logging_mixin.py:190} INFO - [2026-09-23T14:26:38.429+0000] {dagbag.py:588} INFO - Filling up the DagBag from /opt/airflow/dags/dss150p_pipeline.py
[2026-09-23T14:26:38.619+0000] {processor.py:925} INFO - DAG(s) 'dss150p_sales_pipeline' retrieved from /opt/airflow/dags/dss150p_pipeline.py
[2026-09-23T14:26:39.162+0000] {logging_mixin.py:190} INFO - [2026-09-23T14:26:39.161+0000] {dag.py:3239} INFO - Sync 1 DAGs
[2026-09-23T14:26:39.393+0000] {logging_mixin.py:190} INFO - [2026-09-23T14:26:39.392+0000] {dag.py:4180} INFO - Setting next_dagrun for dss150p_sales_pipeline to 2026-09-23 02:00:00+00:00, run_after=2026-09-24 02:00:00+00:00
[2026-09-23T14:26:39.749+0000] {processor.py:208} INFO - Processing /opt/airflow/dags/dss150p_pipeline.py took 1.401 seconds
[2026-09-23T14:27:10.399+0000] {processor.py:186} INFO - Started process (PID=972) to work on /opt/airflow/dags/dss150p_pipeline.py
[2026-09-23T14:27:10.428+0000] {processor.py:914} INFO - Processing file /opt/airflow/dags/dss150p_pipeline.py for tasks to queue
[2026-09-23T14:27:10.436+0000] {logging_mixin.py:190} INFO - [2026-09-23T14:27:10.435+0000] {dagbag.py:588} INFO - Filling up the DagBag from /opt/airflow/dags/dss150p_pipeline.py
[2026-09-23T14:27:10.506+0000] {processor.py:925} INFO - DAG(s) 'dss150p_sales_pipeline' retrieved from /opt/airflow/dags/dss150p_pipeline.py
[2026-09-23T14:27:10.792+0000] {logging_mixin.py:190} INFO - [2026-09-23T14:27:10.791+0000] {dag.py:3239} INFO - Sync 1 DAGs
[2026-09-23T14:27:10.901+0000] {logging_mixin.py:190} INFO - [2026-09-23T14:27:10.901+0000] {dag.py:4180} INFO - Setting next_dagrun for dss150p_sales_pipeline to 2026-09-23 02:00:00+00:00, run_after=2026-09-24 02:00:00+00:00
[2026-09-23T14:27:10.950+0000] {processor.py:208} INFO - Processing /opt/airflow/dags/dss150p_pipeline.py took 0.577 seconds
[2026-09-23T14:27:41.642+0000] {processor.py:186} INFO - Started process (PID=1009) to work on /opt/airflow/dags/dss150p_pipeline.py
[2026-09-23T14:27:41.644+0000] {processor.py:914} INFO - Processing file /opt/airflow/dags/dss150p_pipeline.py for tasks to queue
[2026-09-23T14:27:41.650+0000] {logging_mixin.py:190} INFO - [2026-09-23T14:27:41.650+0000] {dagbag.py:588} INFO - Filling up the DagBag from /opt/airflow/dags/dss150p_pipeline.py
[2026-09-23T14:27:41.692+0000] {processor.py:925} INFO - DAG(s) 'dss150p_sales_pipeline' retrieved from /opt/airflow/dags/dss150p_pipeline.py
[2026-09-23T14:27:41.775+0000] {logging_mixin.py:190} INFO - [2026-09-23T14:27:41.774+0000] {dag.py:3239} INFO - Sync 1 DAGs
[2026-09-23T14:27:41.819+0000] {logging_mixin.py:190} INFO - [2026-09-23T14:27:41.819+0000] {dag.py:4180} INFO - Setting next_dagrun for dss150p_sales_pipeline to 2026-09-23 02:00:00+00:00, run_after=2026-09-24 02:00:00+00:00
[2026-09-23T14:27:41.847+0000] {processor.py:208} INFO - Processing /opt/airflow/dags/dss150p_pipeline.py took 0.216 seconds
[2026-09-23T14:28:12.450+0000] {processor.py:186} INFO - Started process (PID=1023) to work on /opt/airflow/dags/dss150p_pipeline.py
[2026-09-23T14:28:12.452+0000] {processor.py:914} INFO - Processing file /opt/airflow/dags/dss150p_pipeline.py for tasks to queue
[2026-09-23T14:28:12.463+0000] {logging_mixin.py:190} INFO - [2026-09-23T14:28:12.462+0000] {dagbag.py:588} INFO - Filling up the DagBag from /opt/airflow/dags/dss150p_pipeline.py
[2026-09-23T14:28:12.508+0000] {processor.py:925} INFO - DAG(s) 'dss150p_sales_pipeline' retrieved from /opt/airflow/dags/dss150p_pipeline.py
[2026-09-23T14:28:12.598+0000] {logging_mixin.py:190} INFO - [2026-09-23T14:28:12.597+0000] {dag.py:3239} INFO - Sync 1 DAGs
[2026-09-23T14:28:12.664+0000] {logging_mixin.py:190} INFO - [2026-09-23T14:28:12.662+0000] {dag.py:4180} INFO - Setting next_dagrun for dss150p_sales_pipeline to 2026-09-23 02:00:00+00:00, run_after=2026-09-24 02:00:00+00:00
[2026-09-23T14:28:12.717+0000] {processor.py:208} INFO - Processing /opt/airflow/dags/dss150p_pipeline.py took 0.301 seconds
[2026-09-23T14:28:43.060+0000] {processor.py:186} INFO - Started process (PID=1028) to work on /opt/airflow/dags/dss150p_pipeline.py
[2026-09-23T14:28:43.064+0000] {processor.py:914} INFO - Processing file /opt/airflow/dags/dss150p_pipeline.py for tasks to queue
[2026-09-23T14:28:43.071+0000] {logging_mixin.py:190} INFO - [2026-09-23T14:28:43.070+0000] {dagbag.py:588} INFO - Filling up the DagBag from /opt/airflow/dags/dss150p_pipeline.py
[2026-09-23T14:28:43.119+0000] {processor.py:925} INFO - DAG(s) 'dss150p_sales_pipeline' retrieved from /opt/airflow/dags/dss150p_pipeline.py
[2026-09-23T14:28:43.597+0000] {logging_mixin.py:190} INFO - [2026-09-23T14:28:43.597+0000] {dag.py:3239} INFO - Sync 1 DAGs
[2026-09-23T14:28:43.674+0000] {logging_mixin.py:190} INFO - [2026-09-23T14:28:43.674+0000] {dag.py:4180} INFO - Setting next_dagrun for dss150p_sales_pipeline to 2026-09-23 02:00:00+00:00, run_after=2026-09-24 02:00:00+00:00
[2026-09-23T14:28:43.925+0000] {processor.py:208} INFO - Processing /opt/airflow/dags/dss150p_pipeline.py took 0.903 seconds
[2026-09-23T14:29:14.223+0000] {processor.py:186} INFO - Started process (PID=1033) to work on /opt/airflow/dags/dss150p_pipeline.py
[2026-09-23T14:29:14.229+0000] {processor.py:914} INFO - Processing file /opt/airflow/dags/dss150p_pipeline.py for tasks to queue
[2026-09-23T14:29:14.237+0000] {logging_mixin.py:190} INFO - [2026-09-23T14:29:14.232+0000] {dagbag.py:588} INFO - Filling up the DagBag from /opt/airflow/dags/dss150p_pipeline.py
[2026-09-23T14:29:14.318+0000] {processor.py:925} INFO - DAG(s) 'dss150p_sales_pipeline' retrieved from /opt/airflow/dags/dss150p_pipeline.py
[2026-09-23T14:29:14.532+0000] {logging_mixin.py:190} INFO - [2026-09-23T14:29:14.531+0000] {dag.py:3239} INFO - Sync 1 DAGs
[2026-09-23T14:29:14.649+0000] {logging_mixin.py:190} INFO - [2026-09-23T14:29:14.649+0000] {dag.py:4180} INFO - Setting next_dagrun for dss150p_sales_pipeline to 2026-09-23 02:00:00+00:00, run_after=2026-09-24 02:00:00+00:00
[2026-09-23T14:29:14.736+0000] {processor.py:208} INFO - Processing /opt/airflow/dags/dss150p_pipeline.py took 0.535 seconds
[2026-09-23T14:29:45.572+0000] {processor.py:186} INFO - Started process (PID=1038) to work on /opt/airflow/dags/dss150p_pipeline.py
[2026-09-23T14:29:45.579+0000] {processor.py:914} INFO - Processing file /opt/airflow/dags/dss150p_pipeline.py for tasks to queue
[2026-09-23T14:29:45.594+0000] {logging_mixin.py:190} INFO - [2026-09-23T14:29:45.594+0000] {dagbag.py:588} INFO - Filling up the DagBag from /opt/airflow/dags/dss150p_pipeline.py
[2026-09-23T14:29:45.640+0000] {processor.py:925} INFO - DAG(s) 'dss150p_sales_pipeline' retrieved from /opt/airflow/dags/dss150p_pipeline.py
[2026-09-23T14:29:45.835+0000] {logging_mixin.py:190} INFO - [2026-09-23T14:29:45.834+0000] {dag.py:3239} INFO - Sync 1 DAGs
[2026-09-23T14:29:45.925+0000] {logging_mixin.py:190} INFO - [2026-09-23T14:29:45.923+0000] {dag.py:4180} INFO - Setting next_dagrun for dss150p_sales_pipeline to 2026-09-23 02:00:00+00:00, run_after=2026-09-24 02:00:00+00:00
[2026-09-23T14:29:45.979+0000] {processor.py:208} INFO - Processing /opt/airflow/dags/dss150p_pipeline.py took 0.427 seconds
[2026-09-23T14:30:16.596+0000] {processor.py:186} INFO - Started process (PID=1043) to work on /opt/airflow/dags/dss150p_pipeline.py
[2026-09-23T14:30:16.600+0000] {processor.py:914} INFO - Processing file /opt/airflow/dags/dss150p_pipeline.py for tasks to queue
[2026-09-23T14:30:16.604+0000] {logging_mixin.py:190} INFO - [2026-09-23T14:30:16.603+0000] {dagbag.py:588} INFO - Filling up the DagBag from /opt/airflow/dags/dss150p_pipeline.py
[2026-09-23T14:30:16.663+0000] {processor.py:925} INFO - DAG(s) 'dss150p_sales_pipeline' retrieved from /opt/airflow/dags/dss150p_pipeline.py
[2026-09-23T14:30:16.758+0000] {logging_mixin.py:190} INFO - [2026-09-23T14:30:16.758+0000] {dag.py:3239} INFO - Sync 1 DAGs
[2026-09-23T14:30:16.813+0000] {logging_mixin.py:190} INFO - [2026-09-23T14:30:16.813+0000] {dag.py:4180} INFO - Setting next_dagrun for dss150p_sales_pipeline to 2026-09-23 02:00:00+00:00, run_after=2026-09-24 02:00:00+00:00
[2026-09-23T14:30:16.848+0000] {processor.py:208} INFO - Processing /opt/airflow/dags/dss150p_pipeline.py took 0.266 seconds
[2026-09-23T14:30:47.675+0000] {processor.py:186} INFO - Started process (PID=1048) to work on /opt/airflow/dags/dss150p_pipeline.py
[2026-09-23T14:30:47.703+0000] {processor.py:914} INFO - Processing file /opt/airflow/dags/dss150p_pipeline.py for tasks to queue
[2026-09-23T14:30:47.716+0000] {logging_mixin.py:190} INFO - [2026-09-23T14:30:47.711+0000] {dagbag.py:588} INFO - Filling up the DagBag from /opt/airflow/dags/dss150p_pipeline.py
[2026-09-23T14:30:47.793+0000] {processor.py:925} INFO - DAG(s) 'dss150p_sales_pipeline' retrieved from /opt/airflow/dags/dss150p_pipeline.py
[2026-09-23T14:30:47.914+0000] {logging_mixin.py:190} INFO - [2026-09-23T14:30:47.914+0000] {dag.py:3239} INFO - Sync 1 DAGs
[2026-09-23T14:30:47.967+0000] {logging_mixin.py:190} INFO - [2026-09-23T14:30:47.966+0000] {dag.py:4180} INFO - Setting next_dagrun for dss150p_sales_pipeline to 2026-09-23 02:00:00+00:00, run_after=2026-09-24 02:00:00+00:00
[2026-09-23T14:30:48.004+0000] {processor.py:208} INFO - Processing /opt/airflow/dags/dss150p_pipeline.py took 0.359 seconds
[2026-09-23T14:31:18.483+0000] {processor.py:186} INFO - Started process (PID=1053) to work on /opt/airflow/dags/dss150p_pipeline.py
[2026-09-23T14:31:18.486+0000] {processor.py:914} INFO - Processing file /opt/airflow/dags/dss150p_pipeline.py for tasks to queue
[2026-09-23T14:31:18.492+0000] {logging_mixin.py:190} INFO - [2026-09-23T14:31:18.491+0000] {dagbag.py:588} INFO - Filling up the DagBag from /opt/airflow/dags/dss150p_pipeline.py
[2026-09-23T14:31:18.529+0000] {processor.py:925} INFO - DAG(s) 'dss150p_sales_pipeline' retrieved from /opt/airflow/dags/dss150p_pipeline.py
[2026-09-23T14:31:18.648+0000] {logging_mixin.py:190} INFO - [2026-09-23T14:31:18.648+0000] {dag.py:3239} INFO - Sync 1 DAGs
[2026-09-23T14:31:18.696+0000] {logging_mixin.py:190} INFO - [2026-09-23T14:31:18.695+0000] {dag.py:4180} INFO - Setting next_dagrun for dss150p_sales_pipeline to 2026-09-23 02:00:00+00:00, run_after=2026-09-24 02:00:00+00:00
[2026-09-23T14:31:18.722+0000] {processor.py:208} INFO - Processing /opt/airflow/dags/dss150p_pipeline.py took 0.297 seconds
[2026-09-23T14:31:49.071+0000] {processor.py:186} INFO - Started process (PID=1058) to work on /opt/airflow/dags/dss150p_pipeline.py
[2026-09-23T14:31:49.073+0000] {processor.py:914} INFO - Processing file /opt/airflow/dags/dss150p_pipeline.py for tasks to queue
[2026-09-23T14:31:49.077+0000] {logging_mixin.py:190} INFO - [2026-09-23T14:31:49.076+0000] {dagbag.py:588} INFO - Filling up the DagBag from /opt/airflow/dags/dss150p_pipeline.py
[2026-09-23T14:31:49.101+0000] {processor.py:925} INFO - DAG(s) 'dss150p_sales_pipeline' retrieved from /opt/airflow/dags/dss150p_pipeline.py
[2026-09-23T14:31:49.162+0000] {logging_mixin.py:190} INFO - [2026-09-23T14:31:49.162+0000] {dag.py:3239} INFO - Sync 1 DAGs
[2026-09-23T14:31:49.207+0000] {logging_mixin.py:190} INFO - [2026-09-23T14:31:49.207+0000] {dag.py:4180} INFO - Setting next_dagrun for dss150p_sales_pipeline to 2026-09-23 02:00:00+00:00, run_after=2026-09-24 02:00:00+00:00
[2026-09-23T14:31:49.248+0000] {processor.py:208} INFO - Processing /opt/airflow/dags/dss150p_pipeline.py took 0.187 seconds
[2026-09-23T14:32:20.223+0000] {processor.py:186} INFO - Started process (PID=1063) to work on /opt/airflow/dags/dss150p_pipeline.py
[2026-09-23T14:32:20.242+0000] {processor.py:914} INFO - Processing file /opt/airflow/dags/dss150p_pipeline.py for tasks to queue
[2026-09-23T14:32:20.296+0000] {logging_mixin.py:190} INFO - [2026-09-23T14:32:20.295+0000] {dagbag.py:588} INFO - Filling up the DagBag from /opt/airflow/dags/dss150p_pipeline.py
[2026-09-23T14:32:20.366+0000] {processor.py:925} INFO - DAG(s) 'dss150p_sales_pipeline' retrieved from /opt/airflow/dags/dss150p_pipeline.py
[2026-09-23T14:32:22.003+0000] {logging_mixin.py:190} INFO - [2026-09-23T14:32:22.000+0000] {dag.py:3239} INFO - Sync 1 DAGs
[2026-09-23T14:32:22.337+0000] {logging_mixin.py:190} INFO - [2026-09-23T14:32:22.336+0000] {dag.py:4180} INFO - Setting next_dagrun for dss150p_sales_pipeline to 2026-09-23 02:00:00+00:00, run_after=2026-09-24 02:00:00+00:00
[2026-09-23T14:32:22.629+0000] {processor.py:208} INFO - Processing /opt/airflow/dags/dss150p_pipeline.py took 2.452 seconds
[2026-09-23T14:32:52.992+0000] {processor.py:186} INFO - Started process (PID=1068) to work on /opt/airflow/dags/dss150p_pipeline.py
[2026-09-23T14:32:53.000+0000] {processor.py:914} INFO - Processing file /opt/airflow/dags/dss150p_pipeline.py for tasks to queue
[2026-09-23T14:32:53.006+0000] {logging_mixin.py:190} INFO - [2026-09-23T14:32:53.005+0000] {dagbag.py:588} INFO - Filling up the DagBag from /opt/airflow/dags/dss150p_pipeline.py
[2026-09-23T14:32:53.046+0000] {processor.py:925} INFO - DAG(s) 'dss150p_sales_pipeline' retrieved from /opt/airflow/dags/dss150p_pipeline.py
[2026-09-23T14:32:53.262+0000] {logging_mixin.py:190} INFO - [2026-09-23T14:32:53.262+0000] {dag.py:3239} INFO - Sync 1 DAGs
[2026-09-23T14:32:53.510+0000] {logging_mixin.py:190} INFO - [2026-09-23T14:32:53.510+0000] {dag.py:4180} INFO - Setting next_dagrun for dss150p_sales_pipeline to 2026-09-23 02:00:00+00:00, run_after=2026-09-24 02:00:00+00:00
[2026-09-23T14:32:53.783+0000] {processor.py:208} INFO - Processing /opt/airflow/dags/dss150p_pipeline.py took 0.812 seconds
[2026-09-23T14:33:24.043+0000] {processor.py:186} INFO - Started process (PID=1089) to work on /opt/airflow/dags/dss150p_pipeline.py
[2026-09-23T14:33:24.046+0000] {processor.py:914} INFO - Processing file /opt/airflow/dags/dss150p_pipeline.py for tasks to queue
[2026-09-23T14:33:24.052+0000] {logging_mixin.py:190} INFO - [2026-09-23T14:33:24.051+0000] {dagbag.py:588} INFO - Filling up the DagBag from /opt/airflow/dags/dss150p_pipeline.py
[2026-09-23T14:33:24.117+0000] {processor.py:925} INFO - DAG(s) 'dss150p_sales_pipeline' retrieved from /opt/airflow/dags/dss150p_pipeline.py
[2026-09-23T14:33:24.303+0000] {logging_mixin.py:190} INFO - [2026-09-23T14:33:24.302+0000] {dag.py:3239} INFO - Sync 1 DAGs
[2026-09-23T14:33:24.407+0000] {logging_mixin.py:190} INFO - [2026-09-23T14:33:24.406+0000] {dag.py:4180} INFO - Setting next_dagrun for dss150p_sales_pipeline to 2026-09-23 02:00:00+00:00, run_after=2026-09-24 02:00:00+00:00
[2026-09-23T14:33:24.473+0000] {processor.py:208} INFO - Processing /opt/airflow/dags/dss150p_pipeline.py took 0.454 seconds
[2026-09-23T14:33:55.050+0000] {processor.py:186} INFO - Started process (PID=1102) to work on /opt/airflow/dags/dss150p_pipeline.py
[2026-09-23T14:33:55.056+0000] {processor.py:914} INFO - Processing file /opt/airflow/dags/dss150p_pipeline.py for tasks to queue
[2026-09-23T14:33:55.063+0000] {logging_mixin.py:190} INFO - [2026-09-23T14:33:55.063+0000] {dagbag.py:588} INFO - Filling up the DagBag from /opt/airflow/dags/dss150p_pipeline.py
[2026-09-23T14:33:55.144+0000] {processor.py:925} INFO - DAG(s) 'dss150p_sales_pipeline' retrieved from /opt/airflow/dags/dss150p_pipeline.py
[2026-09-23T14:33:55.398+0000] {logging_mixin.py:190} INFO - [2026-09-23T14:33:55.398+0000] {dag.py:3239} INFO - Sync 1 DAGs
[2026-09-23T14:33:55.519+0000] {logging_mixin.py:190} INFO - [2026-09-23T14:33:55.517+0000] {dag.py:4180} INFO - Setting next_dagrun for dss150p_sales_pipeline to 2026-09-23 02:00:00+00:00, run_after=2026-09-24 02:00:00+00:00
[2026-09-23T14:33:55.659+0000] {processor.py:208} INFO - Processing /opt/airflow/dags/dss150p_pipeline.py took 0.623 seconds
[2026-09-23T14:34:26.178+0000] {processor.py:186} INFO - Started process (PID=1123) to work on /opt/airflow/dags/dss150p_pipeline.py
[2026-09-23T14:34:26.181+0000] {processor.py:914} INFO - Processing file /opt/airflow/dags/dss150p_pipeline.py for tasks to queue
[2026-09-23T14:34:26.188+0000] {logging_mixin.py:190} INFO - [2026-09-23T14:34:26.188+0000] {dagbag.py:588} INFO - Filling up the DagBag from /opt/airflow/dags/dss150p_pipeline.py
[2026-09-23T14:34:26.267+0000] {processor.py:925} INFO - DAG(s) 'dss150p_sales_pipeline' retrieved from /opt/airflow/dags/dss150p_pipeline.py
[2026-09-23T14:34:26.534+0000] {logging_mixin.py:190} INFO - [2026-09-23T14:34:26.533+0000] {dag.py:3239} INFO - Sync 1 DAGs
[2026-09-23T14:34:26.637+0000] {logging_mixin.py:190} INFO - [2026-09-23T14:34:26.637+0000] {dag.py:4180} INFO - Setting next_dagrun for dss150p_sales_pipeline to 2026-09-23 02:00:00+00:00, run_after=2026-09-24 02:00:00+00:00
[2026-09-23T14:34:26.702+0000] {processor.py:208} INFO - Processing /opt/airflow/dags/dss150p_pipeline.py took 0.538 seconds
[2026-09-23T14:34:57.344+0000] {processor.py:186} INFO - Started process (PID=1136) to work on /opt/airflow/dags/dss150p_pipeline.py
[2026-09-23T14:34:57.355+0000] {processor.py:914} INFO - Processing file /opt/airflow/dags/dss150p_pipeline.py for tasks to queue
[2026-09-23T14:34:57.359+0000] {logging_mixin.py:190} INFO - [2026-09-23T14:34:57.359+0000] {dagbag.py:588} INFO - Filling up the DagBag from /opt/airflow/dags/dss150p_pipeline.py
[2026-09-23T14:34:57.542+0000] {processor.py:925} INFO - DAG(s) 'dss150p_sales_pipeline' retrieved from /opt/airflow/dags/dss150p_pipeline.py
[2026-09-23T14:34:57.809+0000] {logging_mixin.py:190} INFO - [2026-09-23T14:34:57.808+0000] {dag.py:3239} INFO - Sync 1 DAGs
[2026-09-23T14:34:57.917+0000] {logging_mixin.py:190} INFO - [2026-09-23T14:34:57.915+0000] {dag.py:4180} INFO - Setting next_dagrun for dss150p_sales_pipeline to 2026-09-23 02:00:00+00:00, run_after=2026-09-24 02:00:00+00:00
[2026-09-23T14:34:57.976+0000] {processor.py:208} INFO - Processing /opt/airflow/dags/dss150p_pipeline.py took 0.677 seconds
[2026-09-23T14:35:28.563+0000] {processor.py:186} INFO - Started process (PID=1149) to work on /opt/airflow/dags/dss150p_pipeline.py
[2026-09-23T14:35:28.565+0000] {processor.py:914} INFO - Processing file /opt/airflow/dags/dss150p_pipeline.py for tasks to queue
[2026-09-23T14:35:28.573+0000] {logging_mixin.py:190} INFO - [2026-09-23T14:35:28.573+0000] {dagbag.py:588} INFO - Filling up the DagBag from /opt/airflow/dags/dss150p_pipeline.py
[2026-09-23T14:35:28.756+0000] {processor.py:925} INFO - DAG(s) 'dss150p_sales_pipeline' retrieved from /opt/airflow/dags/dss150p_pipeline.py
[2026-09-23T14:35:29.362+0000] {logging_mixin.py:190} INFO - [2026-09-23T14:35:29.362+0000] {dag.py:3239} INFO - Sync 1 DAGs
[2026-09-23T14:35:29.508+0000] {logging_mixin.py:190} INFO - [2026-09-23T14:35:29.507+0000] {dag.py:4180} INFO - Setting next_dagrun for dss150p_sales_pipeline to 2026-09-23 02:00:00+00:00, run_after=2026-09-24 02:00:00+00:00
[2026-09-23T14:35:29.570+0000] {processor.py:208} INFO - Processing /opt/airflow/dags/dss150p_pipeline.py took 1.144 seconds
[2026-09-23T14:36:00.109+0000] {processor.py:186} INFO - Started process (PID=1177) to work on /opt/airflow/dags/dss150p_pipeline.py
[2026-09-23T14:36:00.120+0000] {processor.py:914} INFO - Processing file /opt/airflow/dags/dss150p_pipeline.py for tasks to queue
[2026-09-23T14:36:00.127+0000] {logging_mixin.py:190} INFO - [2026-09-23T14:36:00.126+0000] {dagbag.py:588} INFO - Filling up the DagBag from /opt/airflow/dags/dss150p_pipeline.py
[2026-09-23T14:36:00.168+0000] {processor.py:925} INFO - DAG(s) 'dss150p_sales_pipeline' retrieved from /opt/airflow/dags/dss150p_pipeline.py
[2026-09-23T14:36:00.232+0000] {logging_mixin.py:190} INFO - [2026-09-23T14:36:00.232+0000] {dag.py:3239} INFO - Sync 1 DAGs
[2026-09-23T14:36:00.281+0000] {logging_mixin.py:190} INFO - [2026-09-23T14:36:00.281+0000] {dag.py:4180} INFO - Setting next_dagrun for dss150p_sales_pipeline to 2026-09-23 02:00:00+00:00, run_after=2026-09-24 02:00:00+00:00
[2026-09-23T14:36:00.318+0000] {processor.py:208} INFO - Processing /opt/airflow/dags/dss150p_pipeline.py took 0.234 seconds
[2026-09-23T14:36:30.497+0000] {processor.py:186} INFO - Started process (PID=1183) to work on /opt/airflow/dags/dss150p_pipeline.py
[2026-09-23T14:36:30.502+0000] {processor.py:914} INFO - Processing file /opt/airflow/dags/dss150p_pipeline.py for tasks to queue
[2026-09-23T14:36:30.509+0000] {logging_mixin.py:190} INFO - [2026-09-23T14:36:30.507+0000] {dagbag.py:588} INFO - Filling up the DagBag from /opt/airflow/dags/dss150p_pipeline.py
[2026-09-23T14:36:30.542+0000] {processor.py:925} INFO - DAG(s) 'dss150p_sales_pipeline' retrieved from /opt/airflow/dags/dss150p_pipeline.py
[2026-09-23T14:36:30.614+0000] {logging_mixin.py:190} INFO - [2026-09-23T14:36:30.614+0000] {dag.py:3239} INFO - Sync 1 DAGs
[2026-09-23T14:36:30.663+0000] {logging_mixin.py:190} INFO - [2026-09-23T14:36:30.663+0000] {dag.py:4180} INFO - Setting next_dagrun for dss150p_sales_pipeline to 2026-09-23 02:00:00+00:00, run_after=2026-09-24 02:00:00+00:00
[2026-09-23T14:36:30.695+0000] {processor.py:208} INFO - Processing /opt/airflow/dags/dss150p_pipeline.py took 0.223 seconds
[2026-09-23T14:37:00.956+0000] {processor.py:186} INFO - Started process (PID=1196) to work on /opt/airflow/dags/dss150p_pipeline.py
[2026-09-23T14:37:00.960+0000] {processor.py:914} INFO - Processing file /opt/airflow/dags/dss150p_pipeline.py for tasks to queue
[2026-09-23T14:37:01.037+0000] {logging_mixin.py:190} INFO - [2026-09-23T14:37:01.023+0000] {dagbag.py:588} INFO - Filling up the DagBag from /opt/airflow/dags/dss150p_pipeline.py
[2026-09-23T14:37:01.150+0000] {processor.py:925} INFO - DAG(s) 'dss150p_sales_pipeline' retrieved from /opt/airflow/dags/dss150p_pipeline.py
[2026-09-23T14:37:01.208+0000] {logging_mixin.py:190} INFO - [2026-09-23T14:37:01.207+0000] {dag.py:3239} INFO - Sync 1 DAGs
[2026-09-23T14:37:01.237+0000] {logging_mixin.py:190} INFO - [2026-09-23T14:37:01.237+0000] {dag.py:4180} INFO - Setting next_dagrun for dss150p_sales_pipeline to 2026-09-23 02:00:00+00:00, run_after=2026-09-24 02:00:00+00:00
[2026-09-23T14:37:01.261+0000] {processor.py:208} INFO - Processing /opt/airflow/dags/dss150p_pipeline.py took 0.315 seconds
[2026-09-23T14:37:31.468+0000] {processor.py:186} INFO - Started process (PID=1201) to work on /opt/airflow/dags/dss150p_pipeline.py
[2026-09-23T14:37:31.486+0000] {processor.py:914} INFO - Processing file /opt/airflow/dags/dss150p_pipeline.py for tasks to queue
[2026-09-23T14:37:31.491+0000] {logging_mixin.py:190} INFO - [2026-09-23T14:37:31.490+0000] {dagbag.py:588} INFO - Filling up the DagBag from /opt/airflow/dags/dss150p_pipeline.py
[2026-09-23T14:37:31.523+0000] {processor.py:925} INFO - DAG(s) 'dss150p_sales_pipeline' retrieved from /opt/airflow/dags/dss150p_pipeline.py
[2026-09-23T14:37:31.619+0000] {logging_mixin.py:190} INFO - [2026-09-23T14:37:31.619+0000] {dag.py:3239} INFO - Sync 1 DAGs
[2026-09-23T14:37:31.684+0000] {logging_mixin.py:190} INFO - [2026-09-23T14:37:31.683+0000] {dag.py:4180} INFO - Setting next_dagrun for dss150p_sales_pipeline to 2026-09-23 02:00:00+00:00, run_after=2026-09-24 02:00:00+00:00
[2026-09-23T14:37:31.779+0000] {processor.py:208} INFO - Processing /opt/airflow/dags/dss150p_pipeline.py took 0.322 seconds
[2026-09-23T14:38:02.077+0000] {processor.py:186} INFO - Started process (PID=1214) to work on /opt/airflow/dags/dss150p_pipeline.py
[2026-09-23T14:38:02.081+0000] {processor.py:914} INFO - Processing file /opt/airflow/dags/dss150p_pipeline.py for tasks to queue
[2026-09-23T14:38:02.093+0000] {logging_mixin.py:190} INFO - [2026-09-23T14:38:02.092+0000] {dagbag.py:588} INFO - Filling up the DagBag from /opt/airflow/dags/dss150p_pipeline.py
[2026-09-23T14:38:02.231+0000] {processor.py:925} INFO - DAG(s) 'dss150p_sales_pipeline' retrieved from /opt/airflow/dags/dss150p_pipeline.py
[2026-09-23T14:38:02.417+0000] {logging_mixin.py:190} INFO - [2026-09-23T14:38:02.417+0000] {dag.py:3239} INFO - Sync 1 DAGs
[2026-09-23T14:38:02.497+0000] {logging_mixin.py:190} INFO - [2026-09-23T14:38:02.497+0000] {dag.py:4180} INFO - Setting next_dagrun for dss150p_sales_pipeline to 2026-09-23 02:00:00+00:00, run_after=2026-09-24 02:00:00+00:00
[2026-09-23T14:38:02.541+0000] {processor.py:208} INFO - Processing /opt/airflow/dags/dss150p_pipeline.py took 0.485 seconds
[2026-09-23T14:38:32.727+0000] {processor.py:186} INFO - Started process (PID=1219) to work on /opt/airflow/dags/dss150p_pipeline.py
[2026-09-23T14:38:32.730+0000] {processor.py:914} INFO - Processing file /opt/airflow/dags/dss150p_pipeline.py for tasks to queue
[2026-09-23T14:38:32.738+0000] {logging_mixin.py:190} INFO - [2026-09-23T14:38:32.737+0000] {dagbag.py:588} INFO - Filling up the DagBag from /opt/airflow/dags/dss150p_pipeline.py
[2026-09-23T14:38:32.781+0000] {processor.py:925} INFO - DAG(s) 'dss150p_sales_pipeline' retrieved from /opt/airflow/dags/dss150p_pipeline.py
[2026-09-23T14:38:32.989+0000] {logging_mixin.py:190} INFO - [2026-09-23T14:38:32.989+0000] {dag.py:3239} INFO - Sync 1 DAGs
[2026-09-23T14:38:33.229+0000] {logging_mixin.py:190} INFO - [2026-09-23T14:38:33.228+0000] {dag.py:4180} INFO - Setting next_dagrun for dss150p_sales_pipeline to 2026-09-23 02:00:00+00:00, run_after=2026-09-24 02:00:00+00:00
[2026-09-23T14:38:33.296+0000] {processor.py:208} INFO - Processing /opt/airflow/dags/dss150p_pipeline.py took 0.599 seconds
[2026-09-23T14:39:03.915+0000] {processor.py:186} INFO - Started process (PID=1224) to work on /opt/airflow/dags/dss150p_pipeline.py
[2026-09-23T14:39:03.922+0000] {processor.py:914} INFO - Processing file /opt/airflow/dags/dss150p_pipeline.py for tasks to queue
[2026-09-23T14:39:03.951+0000] {logging_mixin.py:190} INFO - [2026-09-23T14:39:03.950+0000] {dagbag.py:588} INFO - Filling up the DagBag from /opt/airflow/dags/dss150p_pipeline.py
[2026-09-23T14:39:04.094+0000] {processor.py:925} INFO - DAG(s) 'dss150p_sales_pipeline' retrieved from /opt/airflow/dags/dss150p_pipeline.py
[2026-09-23T14:39:04.290+0000] {logging_mixin.py:190} INFO - [2026-09-23T14:39:04.289+0000] {dag.py:3239} INFO - Sync 1 DAGs
[2026-09-23T14:39:04.439+0000] {logging_mixin.py:190} INFO - [2026-09-23T14:39:04.439+0000] {dag.py:4180} INFO - Setting next_dagrun for dss150p_sales_pipeline to 2026-09-23 02:00:00+00:00, run_after=2026-09-24 02:00:00+00:00
[2026-09-23T14:39:04.589+0000] {processor.py:208} INFO - Processing /opt/airflow/dags/dss150p_pipeline.py took 0.788 seconds
[2026-09-23T14:39:34.917+0000] {processor.py:186} INFO - Started process (PID=1229) to work on /opt/airflow/dags/dss150p_pipeline.py
[2026-09-23T14:39:34.974+0000] {processor.py:914} INFO - Processing file /opt/airflow/dags/dss150p_pipeline.py for tasks to queue
[2026-09-23T14:39:34.999+0000] {logging_mixin.py:190} INFO - [2026-09-23T14:39:34.999+0000] {dagbag.py:588} INFO - Filling up the DagBag from /opt/airflow/dags/dss150p_pipeline.py
[2026-09-23T14:39:35.110+0000] {processor.py:925} INFO - DAG(s) 'dss150p_sales_pipeline' retrieved from /opt/airflow/dags/dss150p_pipeline.py
[2026-09-23T14:39:35.266+0000] {logging_mixin.py:190} INFO - [2026-09-23T14:39:35.265+0000] {dag.py:3239} INFO - Sync 1 DAGs
[2026-09-23T14:39:35.318+0000] {logging_mixin.py:190} INFO - [2026-09-23T14:39:35.317+0000] {dag.py:4180} INFO - Setting next_dagrun for dss150p_sales_pipeline to 2026-09-23 02:00:00+00:00, run_after=2026-09-24 02:00:00+00:00
[2026-09-23T14:39:35.433+0000] {processor.py:208} INFO - Processing /opt/airflow/dags/dss150p_pipeline.py took 0.595 seconds
[2026-09-23T14:40:06.247+0000] {processor.py:186} INFO - Started process (PID=1234) to work on /opt/airflow/dags/dss150p_pipeline.py
[2026-09-23T14:40:06.249+0000] {processor.py:914} INFO - Processing file /opt/airflow/dags/dss150p_pipeline.py for tasks to queue
[2026-09-23T14:40:06.253+0000] {logging_mixin.py:190} INFO - [2026-09-23T14:40:06.253+0000] {dagbag.py:588} INFO - Filling up the DagBag from /opt/airflow/dags/dss150p_pipeline.py
[2026-09-23T14:40:06.286+0000] {processor.py:925} INFO - DAG(s) 'dss150p_sales_pipeline' retrieved from /opt/airflow/dags/dss150p_pipeline.py
[2026-09-23T14:40:06.404+0000] {logging_mixin.py:190} INFO - [2026-09-23T14:40:06.404+0000] {dag.py:3239} INFO - Sync 1 DAGs
[2026-09-23T14:40:06.471+0000] {logging_mixin.py:190} INFO - [2026-09-23T14:40:06.471+0000] {dag.py:4180} INFO - Setting next_dagrun for dss150p_sales_pipeline to 2026-09-23 02:00:00+00:00, run_after=2026-09-24 02:00:00+00:00
[2026-09-23T14:40:06.508+0000] {processor.py:208} INFO - Processing /opt/airflow/dags/dss150p_pipeline.py took 0.273 seconds
[2026-09-23T14:40:36.874+0000] {processor.py:186} INFO - Started process (PID=1239) to work on /opt/airflow/dags/dss150p_pipeline.py
[2026-09-23T14:40:38.430+0000] {processor.py:914} INFO - Processing file /opt/airflow/dags/dss150p_pipeline.py for tasks to queue
[2026-09-23T14:40:38.461+0000] {logging_mixin.py:190} INFO - [2026-09-23T14:40:38.460+0000] {dagbag.py:588} INFO - Filling up the DagBag from /opt/airflow/dags/dss150p_pipeline.py
[2026-09-23T14:40:38.768+0000] {processor.py:925} INFO - DAG(s) 'dss150p_sales_pipeline' retrieved from /opt/airflow/dags/dss150p_pipeline.py
[2026-09-23T14:40:39.693+0000] {logging_mixin.py:190} INFO - [2026-09-23T14:40:39.692+0000] {dag.py:3239} INFO - Sync 1 DAGs
[2026-09-23T14:40:40.117+0000] {logging_mixin.py:190} INFO - [2026-09-23T14:40:40.116+0000] {dag.py:4180} INFO - Setting next_dagrun for dss150p_sales_pipeline to 2026-09-23 02:00:00+00:00, run_after=2026-09-24 02:00:00+00:00
[2026-09-23T14:40:40.164+0000] {processor.py:208} INFO - Processing /opt/airflow/dags/dss150p_pipeline.py took 3.303 seconds
[2026-09-23T14:41:10.968+0000] {processor.py:186} INFO - Started process (PID=1244) to work on /opt/airflow/dags/dss150p_pipeline.py
[2026-09-23T14:41:10.976+0000] {processor.py:914} INFO - Processing file /opt/airflow/dags/dss150p_pipeline.py for tasks to queue
[2026-09-23T14:41:10.982+0000] {logging_mixin.py:190} INFO - [2026-09-23T14:41:10.981+0000] {dagbag.py:588} INFO - Filling up the DagBag from /opt/airflow/dags/dss150p_pipeline.py
[2026-09-23T14:41:11.211+0000] {processor.py:925} INFO - DAG(s) 'dss150p_sales_pipeline' retrieved from /opt/airflow/dags/dss150p_pipeline.py
[2026-09-23T14:41:11.545+0000] {logging_mixin.py:190} INFO - [2026-09-23T14:41:11.544+0000] {dag.py:3239} INFO - Sync 1 DAGs
[2026-09-23T14:41:11.637+0000] {logging_mixin.py:190} INFO - [2026-09-23T14:41:11.636+0000] {dag.py:4180} INFO - Setting next_dagrun for dss150p_sales_pipeline to 2026-09-23 02:00:00+00:00, run_after=2026-09-24 02:00:00+00:00
[2026-09-23T14:41:11.677+0000] {processor.py:208} INFO - Processing /opt/airflow/dags/dss150p_pipeline.py took 0.809 seconds
[2026-09-23T14:41:42.397+0000] {processor.py:186} INFO - Started process (PID=1249) to work on /opt/airflow/dags/dss150p_pipeline.py
[2026-09-23T14:41:42.408+0000] {processor.py:914} INFO - Processing file /opt/airflow/dags/dss150p_pipeline.py for tasks to queue
[2026-09-23T14:41:42.413+0000] {logging_mixin.py:190} INFO - [2026-09-23T14:41:42.412+0000] {dagbag.py:588} INFO - Filling up the DagBag from /opt/airflow/dags/dss150p_pipeline.py
[2026-09-23T14:41:42.465+0000] {processor.py:925} INFO - DAG(s) 'dss150p_sales_pipeline' retrieved from /opt/airflow/dags/dss150p_pipeline.py
[2026-09-23T14:41:42.579+0000] {logging_mixin.py:190} INFO - [2026-09-23T14:41:42.579+0000] {dag.py:3239} INFO - Sync 1 DAGs
[2026-09-23T14:41:42.638+0000] {logging_mixin.py:190} INFO - [2026-09-23T14:41:42.637+0000] {dag.py:4180} INFO - Setting next_dagrun for dss150p_sales_pipeline to 2026-09-23 02:00:00+00:00, run_after=2026-09-24 02:00:00+00:00
[2026-09-23T14:41:42.678+0000] {processor.py:208} INFO - Processing /opt/airflow/dags/dss150p_pipeline.py took 0.324 seconds
[2026-09-23T14:42:13.328+0000] {processor.py:186} INFO - Started process (PID=1254) to work on /opt/airflow/dags/dss150p_pipeline.py
[2026-09-23T14:42:13.331+0000] {processor.py:914} INFO - Processing file /opt/airflow/dags/dss150p_pipeline.py for tasks to queue
[2026-09-23T14:42:13.336+0000] {logging_mixin.py:190} INFO - [2026-09-23T14:42:13.336+0000] {dagbag.py:588} INFO - Filling up the DagBag from /opt/airflow/dags/dss150p_pipeline.py
[2026-09-23T14:42:13.548+0000] {processor.py:925} INFO - DAG(s) 'dss150p_sales_pipeline' retrieved from /opt/airflow/dags/dss150p_pipeline.py
[2026-09-23T14:42:13.835+0000] {logging_mixin.py:190} INFO - [2026-09-23T14:42:13.830+0000] {dag.py:3239} INFO - Sync 1 DAGs
[2026-09-23T14:42:13.918+0000] {logging_mixin.py:190} INFO - [2026-09-23T14:42:13.918+0000] {dag.py:4180} INFO - Setting next_dagrun for dss150p_sales_pipeline to 2026-09-23 02:00:00+00:00, run_after=2026-09-24 02:00:00+00:00
[2026-09-23T14:42:13.973+0000] {processor.py:208} INFO - Processing /opt/airflow/dags/dss150p_pipeline.py took 0.657 seconds
[2026-09-23T14:42:50.291+0000] {processor.py:186} INFO - Started process (PID=1259) to work on /opt/airflow/dags/dss150p_pipeline.py
[2026-09-23T14:42:50.336+0000] {processor.py:914} INFO - Processing file /opt/airflow/dags/dss150p_pipeline.py for tasks to queue
[2026-09-23T14:42:50.439+0000] {logging_mixin.py:190} INFO - [2026-09-23T14:42:50.438+0000] {dagbag.py:588} INFO - Filling up the DagBag from /opt/airflow/dags/dss150p_pipeline.py
[2026-09-23T14:42:50.957+0000] {processor.py:925} INFO - DAG(s) 'dss150p_sales_pipeline' retrieved from /opt/airflow/dags/dss150p_pipeline.py
[2026-09-23T14:42:51.790+0000] {logging_mixin.py:190} INFO - [2026-09-23T14:42:51.790+0000] {dag.py:3239} INFO - Sync 1 DAGs
[2026-09-23T14:42:52.128+0000] {logging_mixin.py:190} INFO - [2026-09-23T14:42:52.128+0000] {dag.py:4180} INFO - Setting next_dagrun for dss150p_sales_pipeline to 2026-09-23 02:00:00+00:00, run_after=2026-09-24 02:00:00+00:00
[2026-09-23T14:42:52.208+0000] {processor.py:208} INFO - Processing /opt/airflow/dags/dss150p_pipeline.py took 3.168 seconds
[2026-09-23T14:43:23.565+0000] {processor.py:186} INFO - Started process (PID=1264) to work on /opt/airflow/dags/dss150p_pipeline.py
[2026-09-23T14:43:23.614+0000] {processor.py:914} INFO - Processing file /opt/airflow/dags/dss150p_pipeline.py for tasks to queue
[2026-09-23T14:43:23.645+0000] {logging_mixin.py:190} INFO - [2026-09-23T14:43:23.644+0000] {dagbag.py:588} INFO - Filling up the DagBag from /opt/airflow/dags/dss150p_pipeline.py
[2026-09-23T14:43:23.708+0000] {processor.py:925} INFO - DAG(s) 'dss150p_sales_pipeline' retrieved from /opt/airflow/dags/dss150p_pipeline.py
[2026-09-23T14:43:23.878+0000] {logging_mixin.py:190} INFO - [2026-09-23T14:43:23.878+0000] {dag.py:3239} INFO - Sync 1 DAGs
[2026-09-23T14:43:25.089+0000] {logging_mixin.py:190} INFO - [2026-09-23T14:43:25.087+0000] {dag.py:4180} INFO - Setting next_dagrun for dss150p_sales_pipeline to 2026-09-23 02:00:00+00:00, run_after=2026-09-24 02:00:00+00:00
[2026-09-23T14:43:25.396+0000] {processor.py:208} INFO - Processing /opt/airflow/dags/dss150p_pipeline.py took 2.005 seconds
[2026-09-23T14:43:55.564+0000] {processor.py:186} INFO - Started process (PID=1269) to work on /opt/airflow/dags/dss150p_pipeline.py
[2026-09-23T14:43:55.566+0000] {processor.py:914} INFO - Processing file /opt/airflow/dags/dss150p_pipeline.py for tasks to queue
[2026-09-23T14:43:55.569+0000] {logging_mixin.py:190} INFO - [2026-09-23T14:43:55.569+0000] {dagbag.py:588} INFO - Filling up the DagBag from /opt/airflow/dags/dss150p_pipeline.py
[2026-09-23T14:43:55.601+0000] {processor.py:925} INFO - DAG(s) 'dss150p_sales_pipeline' retrieved from /opt/airflow/dags/dss150p_pipeline.py
[2026-09-23T14:43:55.679+0000] {logging_mixin.py:190} INFO - [2026-09-23T14:43:55.679+0000] {dag.py:3239} INFO - Sync 1 DAGs
[2026-09-23T14:43:55.725+0000] {logging_mixin.py:190} INFO - [2026-09-23T14:43:55.725+0000] {dag.py:4180} INFO - Setting next_dagrun for dss150p_sales_pipeline to 2026-09-23 02:00:00+00:00, run_after=2026-09-24 02:00:00+00:00
[2026-09-23T14:43:55.754+0000] {processor.py:208} INFO - Processing /opt/airflow/dags/dss150p_pipeline.py took 0.204 seconds
[2026-09-23T14:44:26.176+0000] {processor.py:186} INFO - Started process (PID=1274) to work on /opt/airflow/dags/dss150p_pipeline.py
[2026-09-23T14:44:26.179+0000] {processor.py:914} INFO - Processing file /opt/airflow/dags/dss150p_pipeline.py for tasks to queue
[2026-09-23T14:44:26.182+0000] {logging_mixin.py:190} INFO - [2026-09-23T14:44:26.182+0000] {dagbag.py:588} INFO - Filling up the DagBag from /opt/airflow/dags/dss150p_pipeline.py
[2026-09-23T14:44:26.210+0000] {processor.py:925} INFO - DAG(s) 'dss150p_sales_pipeline' retrieved from /opt/airflow/dags/dss150p_pipeline.py
[2026-09-23T14:44:26.277+0000] {logging_mixin.py:190} INFO - [2026-09-23T14:44:26.277+0000] {dag.py:3239} INFO - Sync 1 DAGs
[2026-09-23T14:44:26.316+0000] {logging_mixin.py:190} INFO - [2026-09-23T14:44:26.315+0000] {dag.py:4180} INFO - Setting next_dagrun for dss150p_sales_pipeline to 2026-09-23 02:00:00+00:00, run_after=2026-09-24 02:00:00+00:00
[2026-09-23T14:44:26.356+0000] {processor.py:208} INFO - Processing /opt/airflow/dags/dss150p_pipeline.py took 0.188 seconds
[2026-09-23T14:44:56.741+0000] {processor.py:186} INFO - Started process (PID=1279) to work on /opt/airflow/dags/dss150p_pipeline.py
[2026-09-23T14:44:56.743+0000] {processor.py:914} INFO - Processing file /opt/airflow/dags/dss150p_pipeline.py for tasks to queue
[2026-09-23T14:44:56.749+0000] {logging_mixin.py:190} INFO - [2026-09-23T14:44:56.748+0000] {dagbag.py:588} INFO - Filling up the DagBag from /opt/airflow/dags/dss150p_pipeline.py
[2026-09-23T14:44:56.809+0000] {processor.py:925} INFO - DAG(s) 'dss150p_sales_pipeline' retrieved from /opt/airflow/dags/dss150p_pipeline.py
[2026-09-23T14:44:57.077+0000] {logging_mixin.py:190} INFO - [2026-09-23T14:44:57.075+0000] {dag.py:3239} INFO - Sync 1 DAGs
[2026-09-23T14:44:57.236+0000] {logging_mixin.py:190} INFO - [2026-09-23T14:44:57.236+0000] {dag.py:4180} INFO - Setting next_dagrun for dss150p_sales_pipeline to 2026-09-23 02:00:00+00:00, run_after=2026-09-24 02:00:00+00:00
[2026-09-23T14:44:57.420+0000] {processor.py:208} INFO - Processing /opt/airflow/dags/dss150p_pipeline.py took 0.695 seconds
[2026-09-23T14:45:27.812+0000] {processor.py:186} INFO - Started process (PID=1284) to work on /opt/airflow/dags/dss150p_pipeline.py
[2026-09-23T14:45:27.814+0000] {processor.py:914} INFO - Processing file /opt/airflow/dags/dss150p_pipeline.py for tasks to queue
[2026-09-23T14:45:27.819+0000] {logging_mixin.py:190} INFO - [2026-09-23T14:45:27.818+0000] {dagbag.py:588} INFO - Filling up the DagBag from /opt/airflow/dags/dss150p_pipeline.py
[2026-09-23T14:45:27.853+0000] {processor.py:925} INFO - DAG(s) 'dss150p_sales_pipeline' retrieved from /opt/airflow/dags/dss150p_pipeline.py
[2026-09-23T14:45:27.924+0000] {logging_mixin.py:190} INFO - [2026-09-23T14:45:27.924+0000] {dag.py:3239} INFO - Sync 1 DAGs
[2026-09-23T14:45:27.961+0000] {logging_mixin.py:190} INFO - [2026-09-23T14:45:27.961+0000] {dag.py:4180} INFO - Setting next_dagrun for dss150p_sales_pipeline to 2026-09-23 02:00:00+00:00, run_after=2026-09-24 02:00:00+00:00
[2026-09-23T14:45:27.990+0000] {processor.py:208} INFO - Processing /opt/airflow/dags/dss150p_pipeline.py took 0.192 seconds
[2026-09-23T14:45:58.571+0000] {processor.py:186} INFO - Started process (PID=1289) to work on /opt/airflow/dags/dss150p_pipeline.py
[2026-09-23T14:45:58.579+0000] {processor.py:914} INFO - Processing file /opt/airflow/dags/dss150p_pipeline.py for tasks to queue
[2026-09-23T14:45:58.583+0000] {logging_mixin.py:190} INFO - [2026-09-23T14:45:58.582+0000] {dagbag.py:588} INFO - Filling up the DagBag from /opt/airflow/dags/dss150p_pipeline.py
[2026-09-23T14:45:58.617+0000] {processor.py:925} INFO - DAG(s) 'dss150p_sales_pipeline' retrieved from /opt/airflow/dags/dss150p_pipeline.py
[2026-09-23T14:45:58.690+0000] {logging_mixin.py:190} INFO - [2026-09-23T14:45:58.689+0000] {dag.py:3239} INFO - Sync 1 DAGs
[2026-09-23T14:45:58.723+0000] {logging_mixin.py:190} INFO - [2026-09-23T14:45:58.723+0000] {dag.py:4180} INFO - Setting next_dagrun for dss150p_sales_pipeline to 2026-09-23 02:00:00+00:00, run_after=2026-09-24 02:00:00+00:00
[2026-09-23T14:45:58.748+0000] {processor.py:208} INFO - Processing /opt/airflow/dags/dss150p_pipeline.py took 0.186 seconds
[2026-09-23T14:46:28.949+0000] {processor.py:186} INFO - Started process (PID=1294) to work on /opt/airflow/dags/dss150p_pipeline.py
[2026-09-23T14:46:28.951+0000] {processor.py:914} INFO - Processing file /opt/airflow/dags/dss150p_pipeline.py for tasks to queue
[2026-09-23T14:46:28.955+0000] {logging_mixin.py:190} INFO - [2026-09-23T14:46:28.954+0000] {dagbag.py:588} INFO - Filling up the DagBag from /opt/airflow/dags/dss150p_pipeline.py
[2026-09-23T14:46:28.978+0000] {processor.py:925} INFO - DAG(s) 'dss150p_sales_pipeline' retrieved from /opt/airflow/dags/dss150p_pipeline.py
[2026-09-23T14:46:29.057+0000] {logging_mixin.py:190} INFO - [2026-09-23T14:46:29.057+0000] {dag.py:3239} INFO - Sync 1 DAGs
[2026-09-23T14:46:29.091+0000] {logging_mixin.py:190} INFO - [2026-09-23T14:46:29.091+0000] {dag.py:4180} INFO - Setting next_dagrun for dss150p_sales_pipeline to 2026-09-23 02:00:00+00:00, run_after=2026-09-24 02:00:00+00:00
[2026-09-23T14:46:29.120+0000] {processor.py:208} INFO - Processing /opt/airflow/dags/dss150p_pipeline.py took 0.192 seconds
[2026-09-23T14:47:00.338+0000] {processor.py:186} INFO - Started process (PID=1299) to work on /opt/airflow/dags/dss150p_pipeline.py
[2026-09-23T14:47:00.375+0000] {processor.py:914} INFO - Processing file /opt/airflow/dags/dss150p_pipeline.py for tasks to queue
[2026-09-23T14:47:00.503+0000] {logging_mixin.py:190} INFO - [2026-09-23T14:47:00.501+0000] {dagbag.py:588} INFO - Filling up the DagBag from /opt/airflow/dags/dss150p_pipeline.py
[2026-09-23T14:47:00.761+0000] {processor.py:925} INFO - DAG(s) 'dss150p_sales_pipeline' retrieved from /opt/airflow/dags/dss150p_pipeline.py
[2026-09-23T14:47:02.743+0000] {logging_mixin.py:190} INFO - [2026-09-23T14:47:02.613+0000] {dag.py:3239} INFO - Sync 1 DAGs
[2026-09-23T14:47:03.888+0000] {logging_mixin.py:190} INFO - [2026-09-23T14:47:03.833+0000] {dag.py:4180} INFO - Setting next_dagrun for dss150p_sales_pipeline to 2026-09-23 02:00:00+00:00, run_after=2026-09-24 02:00:00+00:00
[2026-09-23T14:47:04.392+0000] {processor.py:208} INFO - Processing /opt/airflow/dags/dss150p_pipeline.py took 4.109 seconds
[2026-09-23T14:47:35.182+0000] {processor.py:186} INFO - Started process (PID=1304) to work on /opt/airflow/dags/dss150p_pipeline.py
[2026-09-23T14:47:35.230+0000] {processor.py:914} INFO - Processing file /opt/airflow/dags/dss150p_pipeline.py for tasks to queue
[2026-09-23T14:47:35.257+0000] {logging_mixin.py:190} INFO - [2026-09-23T14:47:35.252+0000] {dagbag.py:588} INFO - Filling up the DagBag from /opt/airflow/dags/dss150p_pipeline.py
[2026-09-23T14:47:35.655+0000] {processor.py:925} INFO - DAG(s) 'dss150p_sales_pipeline' retrieved from /opt/airflow/dags/dss150p_pipeline.py
[2026-09-23T14:47:36.280+0000] {logging_mixin.py:190} INFO - [2026-09-23T14:47:36.279+0000] {dag.py:3239} INFO - Sync 1 DAGs
[2026-09-23T14:47:36.402+0000] {logging_mixin.py:190} INFO - [2026-09-23T14:47:36.402+0000] {dag.py:4180} INFO - Setting next_dagrun for dss150p_sales_pipeline to 2026-09-23 02:00:00+00:00, run_after=2026-09-24 02:00:00+00:00
[2026-09-23T14:47:36.458+0000] {processor.py:208} INFO - Processing /opt/airflow/dags/dss150p_pipeline.py took 1.335 seconds
[2026-09-23T14:48:06.986+0000] {processor.py:186} INFO - Started process (PID=1309) to work on /opt/airflow/dags/dss150p_pipeline.py
[2026-09-23T14:48:07.004+0000] {processor.py:914} INFO - Processing file /opt/airflow/dags/dss150p_pipeline.py for tasks to queue
[2026-09-23T14:48:07.008+0000] {logging_mixin.py:190} INFO - [2026-09-23T14:48:07.007+0000] {dagbag.py:588} INFO - Filling up the DagBag from /opt/airflow/dags/dss150p_pipeline.py
[2026-09-23T14:48:07.051+0000] {processor.py:925} INFO - DAG(s) 'dss150p_sales_pipeline' retrieved from /opt/airflow/dags/dss150p_pipeline.py
[2026-09-23T14:48:07.133+0000] {logging_mixin.py:190} INFO - [2026-09-23T14:48:07.132+0000] {dag.py:3239} INFO - Sync 1 DAGs
[2026-09-23T14:48:07.191+0000] {logging_mixin.py:190} INFO - [2026-09-23T14:48:07.191+0000] {dag.py:4180} INFO - Setting next_dagrun for dss150p_sales_pipeline to 2026-09-23 02:00:00+00:00, run_after=2026-09-24 02:00:00+00:00
[2026-09-23T14:48:07.224+0000] {processor.py:208} INFO - Processing /opt/airflow/dags/dss150p_pipeline.py took 0.265 seconds
[2026-09-23T14:48:38.230+0000] {processor.py:186} INFO - Started process (PID=1314) to work on /opt/airflow/dags/dss150p_pipeline.py
[2026-09-23T14:48:38.233+0000] {processor.py:914} INFO - Processing file /opt/airflow/dags/dss150p_pipeline.py for tasks to queue
[2026-09-23T14:48:38.239+0000] {logging_mixin.py:190} INFO - [2026-09-23T14:48:38.239+0000] {dagbag.py:588} INFO - Filling up the DagBag from /opt/airflow/dags/dss150p_pipeline.py
[2026-09-23T14:48:38.266+0000] {processor.py:925} INFO - DAG(s) 'dss150p_sales_pipeline' retrieved from /opt/airflow/dags/dss150p_pipeline.py
[2026-09-23T14:48:38.338+0000] {logging_mixin.py:190} INFO - [2026-09-23T14:48:38.337+0000] {dag.py:3239} INFO - Sync 1 DAGs
[2026-09-23T14:48:38.377+0000] {logging_mixin.py:190} INFO - [2026-09-23T14:48:38.377+0000] {dag.py:4180} INFO - Setting next_dagrun for dss150p_sales_pipeline to 2026-09-23 02:00:00+00:00, run_after=2026-09-24 02:00:00+00:00
[2026-09-23T14:48:38.416+0000] {processor.py:208} INFO - Processing /opt/airflow/dags/dss150p_pipeline.py took 0.195 seconds
[2026-09-23T14:49:09.192+0000] {processor.py:186} INFO - Started process (PID=1319) to work on /opt/airflow/dags/dss150p_pipeline.py
[2026-09-23T14:49:09.196+0000] {processor.py:914} INFO - Processing file /opt/airflow/dags/dss150p_pipeline.py for tasks to queue
[2026-09-23T14:49:09.201+0000] {logging_mixin.py:190} INFO - [2026-09-23T14:49:09.200+0000] {dagbag.py:588} INFO - Filling up the DagBag from /opt/airflow/dags/dss150p_pipeline.py
[2026-09-23T14:49:09.237+0000] {processor.py:925} INFO - DAG(s) 'dss150p_sales_pipeline' retrieved from /opt/airflow/dags/dss150p_pipeline.py
[2026-09-23T14:49:09.361+0000] {logging_mixin.py:190} INFO - [2026-09-23T14:49:09.361+0000] {dag.py:3239} INFO - Sync 1 DAGs
[2026-09-23T14:49:09.416+0000] {logging_mixin.py:190} INFO - [2026-09-23T14:49:09.416+0000] {dag.py:4180} INFO - Setting next_dagrun for dss150p_sales_pipeline to 2026-09-23 02:00:00+00:00, run_after=2026-09-24 02:00:00+00:00
[2026-09-23T14:49:09.504+0000] {processor.py:208} INFO - Processing /opt/airflow/dags/dss150p_pipeline.py took 0.328 seconds
[2026-09-23T14:49:39.771+0000] {processor.py:186} INFO - Started process (PID=1364) to work on /opt/airflow/dags/dss150p_pipeline.py
[2026-09-23T14:49:39.773+0000] {processor.py:914} INFO - Processing file /opt/airflow/dags/dss150p_pipeline.py for tasks to queue
[2026-09-23T14:49:39.777+0000] {logging_mixin.py:190} INFO - [2026-09-23T14:49:39.776+0000] {dagbag.py:588} INFO - Filling up the DagBag from /opt/airflow/dags/dss150p_pipeline.py
[2026-09-23T14:49:39.801+0000] {processor.py:925} INFO - DAG(s) 'dss150p_sales_pipeline' retrieved from /opt/airflow/dags/dss150p_pipeline.py
[2026-09-23T14:49:39.868+0000] {logging_mixin.py:190} INFO - [2026-09-23T14:49:39.867+0000] {dag.py:3239} INFO - Sync 1 DAGs
[2026-09-23T14:49:39.900+0000] {logging_mixin.py:190} INFO - [2026-09-23T14:49:39.900+0000] {dag.py:4180} INFO - Setting next_dagrun for dss150p_sales_pipeline to 2026-09-23 02:00:00+00:00, run_after=2026-09-24 02:00:00+00:00
[2026-09-23T14:49:39.924+0000] {processor.py:208} INFO - Processing /opt/airflow/dags/dss150p_pipeline.py took 0.165 seconds
[2026-09-23T14:50:10.757+0000] {processor.py:186} INFO - Started process (PID=1420) to work on /opt/airflow/dags/dss150p_pipeline.py
[2026-09-23T14:50:10.761+0000] {processor.py:914} INFO - Processing file /opt/airflow/dags/dss150p_pipeline.py for tasks to queue
[2026-09-23T14:50:10.768+0000] {logging_mixin.py:190} INFO - [2026-09-23T14:50:10.767+0000] {dagbag.py:588} INFO - Filling up the DagBag from /opt/airflow/dags/dss150p_pipeline.py
[2026-09-23T14:50:10.903+0000] {processor.py:925} INFO - DAG(s) 'dss150p_sales_pipeline' retrieved from /opt/airflow/dags/dss150p_pipeline.py
[2026-09-23T14:50:11.190+0000] {logging_mixin.py:190} INFO - [2026-09-23T14:50:11.189+0000] {dag.py:3239} INFO - Sync 1 DAGs
[2026-09-23T14:50:11.741+0000] {logging_mixin.py:190} INFO - [2026-09-23T14:50:11.741+0000] {dag.py:4180} INFO - Setting next_dagrun for dss150p_sales_pipeline to 2026-09-23 02:00:00+00:00, run_after=2026-09-24 02:00:00+00:00
[2026-09-23T14:50:12.124+0000] {processor.py:208} INFO - Processing /opt/airflow/dags/dss150p_pipeline.py took 1.383 seconds
[2026-09-23T14:50:42.650+0000] {processor.py:186} INFO - Started process (PID=1494) to work on /opt/airflow/dags/dss150p_pipeline.py
[2026-09-23T14:50:42.653+0000] {processor.py:914} INFO - Processing file /opt/airflow/dags/dss150p_pipeline.py for tasks to queue
[2026-09-23T14:50:42.665+0000] {logging_mixin.py:190} INFO - [2026-09-23T14:50:42.664+0000] {dagbag.py:588} INFO - Filling up the DagBag from /opt/airflow/dags/dss150p_pipeline.py
[2026-09-23T14:50:42.717+0000] {processor.py:925} INFO - DAG(s) 'dss150p_sales_pipeline' retrieved from /opt/airflow/dags/dss150p_pipeline.py
[2026-09-23T14:50:42.797+0000] {logging_mixin.py:190} INFO - [2026-09-23T14:50:42.796+0000] {dag.py:3239} INFO - Sync 1 DAGs
[2026-09-23T14:50:42.841+0000] {logging_mixin.py:190} INFO - [2026-09-23T14:50:42.840+0000] {dag.py:4180} INFO - Setting next_dagrun for dss150p_sales_pipeline to 2026-09-23 02:00:00+00:00, run_after=2026-09-24 02:00:00+00:00
[2026-09-23T14:50:42.867+0000] {processor.py:208} INFO - Processing /opt/airflow/dags/dss150p_pipeline.py took 0.236 seconds
[2026-09-23T14:51:13.806+0000] {processor.py:186} INFO - Started process (PID=1499) to work on /opt/airflow/dags/dss150p_pipeline.py
[2026-09-23T14:51:13.817+0000] {processor.py:914} INFO - Processing file /opt/airflow/dags/dss150p_pipeline.py for tasks to queue
[2026-09-23T14:51:13.848+0000] {logging_mixin.py:190} INFO - [2026-09-23T14:51:13.847+0000] {dagbag.py:588} INFO - Filling up the DagBag from /opt/airflow/dags/dss150p_pipeline.py
[2026-09-23T14:51:13.977+0000] {processor.py:925} INFO - DAG(s) 'dss150p_sales_pipeline' retrieved from /opt/airflow/dags/dss150p_pipeline.py
[2026-09-23T14:51:14.091+0000] {logging_mixin.py:190} INFO - [2026-09-23T14:51:14.091+0000] {dag.py:3239} INFO - Sync 1 DAGs
[2026-09-23T14:51:14.157+0000] {logging_mixin.py:190} INFO - [2026-09-23T14:51:14.156+0000] {dag.py:4180} INFO - Setting next_dagrun for dss150p_sales_pipeline to 2026-09-23 02:00:00+00:00, run_after=2026-09-24 02:00:00+00:00
[2026-09-23T14:51:14.225+0000] {processor.py:208} INFO - Processing /opt/airflow/dags/dss150p_pipeline.py took 0.477 seconds
[2026-09-23T14:51:45.026+0000] {processor.py:186} INFO - Started process (PID=1504) to work on /opt/airflow/dags/dss150p_pipeline.py
[2026-09-23T14:51:45.077+0000] {processor.py:914} INFO - Processing file /opt/airflow/dags/dss150p_pipeline.py for tasks to queue
[2026-09-23T14:51:45.197+0000] {logging_mixin.py:190} INFO - [2026-09-23T14:51:45.192+0000] {dagbag.py:588} INFO - Filling up the DagBag from /opt/airflow/dags/dss150p_pipeline.py
[2026-09-23T14:51:45.428+0000] {processor.py:925} INFO - DAG(s) 'dss150p_sales_pipeline' retrieved from /opt/airflow/dags/dss150p_pipeline.py
[2026-09-23T14:51:46.050+0000] {logging_mixin.py:190} INFO - [2026-09-23T14:51:46.050+0000] {dag.py:3239} INFO - Sync 1 DAGs
[2026-09-23T14:51:46.357+0000] {logging_mixin.py:190} INFO - [2026-09-23T14:51:46.356+0000] {dag.py:4180} INFO - Setting next_dagrun for dss150p_sales_pipeline to 2026-09-23 02:00:00+00:00, run_after=2026-09-24 02:00:00+00:00
[2026-09-23T14:51:46.542+0000] {processor.py:208} INFO - Processing /opt/airflow/dags/dss150p_pipeline.py took 2.054 seconds
[2026-09-23T14:52:17.448+0000] {processor.py:186} INFO - Started process (PID=1509) to work on /opt/airflow/dags/dss150p_pipeline.py
[2026-09-23T14:52:17.450+0000] {processor.py:914} INFO - Processing file /opt/airflow/dags/dss150p_pipeline.py for tasks to queue
[2026-09-23T14:52:17.453+0000] {logging_mixin.py:190} INFO - [2026-09-23T14:52:17.453+0000] {dagbag.py:588} INFO - Filling up the DagBag from /opt/airflow/dags/dss150p_pipeline.py
[2026-09-23T14:52:17.484+0000] {processor.py:925} INFO - DAG(s) 'dss150p_sales_pipeline' retrieved from /opt/airflow/dags/dss150p_pipeline.py
[2026-09-23T14:52:17.772+0000] {logging_mixin.py:190} INFO - [2026-09-23T14:52:17.772+0000] {dag.py:3239} INFO - Sync 1 DAGs
[2026-09-23T14:52:17.916+0000] {logging_mixin.py:190} INFO - [2026-09-23T14:52:17.916+0000] {dag.py:4180} INFO - Setting next_dagrun for dss150p_sales_pipeline to 2026-09-23 02:00:00+00:00, run_after=2026-09-24 02:00:00+00:00
[2026-09-23T14:52:17.949+0000] {processor.py:208} INFO - Processing /opt/airflow/dags/dss150p_pipeline.py took 0.525 seconds
[2026-09-23T14:52:48.143+0000] {processor.py:186} INFO - Started process (PID=1514) to work on /opt/airflow/dags/dss150p_pipeline.py
[2026-09-23T14:52:48.146+0000] {processor.py:914} INFO - Processing file /opt/airflow/dags/dss150p_pipeline.py for tasks to queue
[2026-09-23T14:52:48.152+0000] {logging_mixin.py:190} INFO - [2026-09-23T14:52:48.151+0000] {dagbag.py:588} INFO - Filling up the DagBag from /opt/airflow/dags/dss150p_pipeline.py
[2026-09-23T14:52:48.198+0000] {processor.py:925} INFO - DAG(s) 'dss150p_sales_pipeline' retrieved from /opt/airflow/dags/dss150p_pipeline.py
[2026-09-23T14:52:48.311+0000] {logging_mixin.py:190} INFO - [2026-09-23T14:52:48.311+0000] {dag.py:3239} INFO - Sync 1 DAGs
[2026-09-23T14:52:48.529+0000] {logging_mixin.py:190} INFO - [2026-09-23T14:52:48.529+0000] {dag.py:4180} INFO - Setting next_dagrun for dss150p_sales_pipeline to 2026-09-23 02:00:00+00:00, run_after=2026-09-24 02:00:00+00:00
[2026-09-23T14:52:48.851+0000] {processor.py:208} INFO - Processing /opt/airflow/dags/dss150p_pipeline.py took 0.737 seconds
[2026-09-23T14:53:19.081+0000] {processor.py:186} INFO - Started process (PID=1519) to work on /opt/airflow/dags/dss150p_pipeline.py
[2026-09-23T14:53:19.084+0000] {processor.py:914} INFO - Processing file /opt/airflow/dags/dss150p_pipeline.py for tasks to queue
[2026-09-23T14:53:19.089+0000] {logging_mixin.py:190} INFO - [2026-09-23T14:53:19.088+0000] {dagbag.py:588} INFO - Filling up the DagBag from /opt/airflow/dags/dss150p_pipeline.py
[2026-09-23T14:53:19.120+0000] {processor.py:925} INFO - DAG(s) 'dss150p_sales_pipeline' retrieved from /opt/airflow/dags/dss150p_pipeline.py
[2026-09-23T14:53:19.224+0000] {logging_mixin.py:190} INFO - [2026-09-23T14:53:19.224+0000] {dag.py:3239} INFO - Sync 1 DAGs
[2026-09-23T14:53:19.276+0000] {logging_mixin.py:190} INFO - [2026-09-23T14:53:19.276+0000] {dag.py:4180} INFO - Setting next_dagrun for dss150p_sales_pipeline to 2026-09-23 02:00:00+00:00, run_after=2026-09-24 02:00:00+00:00
[2026-09-23T14:53:19.318+0000] {processor.py:208} INFO - Processing /opt/airflow/dags/dss150p_pipeline.py took 0.247 seconds
[2026-09-23T14:53:49.576+0000] {processor.py:186} INFO - Started process (PID=1524) to work on /opt/airflow/dags/dss150p_pipeline.py
[2026-09-23T14:53:49.579+0000] {processor.py:914} INFO - Processing file /opt/airflow/dags/dss150p_pipeline.py for tasks to queue
[2026-09-23T14:53:49.585+0000] {logging_mixin.py:190} INFO - [2026-09-23T14:53:49.584+0000] {dagbag.py:588} INFO - Filling up the DagBag from /opt/airflow/dags/dss150p_pipeline.py
[2026-09-23T14:53:49.612+0000] {processor.py:925} INFO - DAG(s) 'dss150p_sales_pipeline' retrieved from /opt/airflow/dags/dss150p_pipeline.py
[2026-09-23T14:53:49.702+0000] {logging_mixin.py:190} INFO - [2026-09-23T14:53:49.702+0000] {dag.py:3239} INFO - Sync 1 DAGs
[2026-09-23T14:53:49.977+0000] {logging_mixin.py:190} INFO - [2026-09-23T14:53:49.976+0000] {dag.py:4180} INFO - Setting next_dagrun for dss150p_sales_pipeline to 2026-09-23 02:00:00+00:00, run_after=2026-09-24 02:00:00+00:00
[2026-09-23T14:53:50.041+0000] {processor.py:208} INFO - Processing /opt/airflow/dags/dss150p_pipeline.py took 0.486 seconds
[2026-09-23T14:54:20.452+0000] {processor.py:186} INFO - Started process (PID=1529) to work on /opt/airflow/dags/dss150p_pipeline.py
[2026-09-23T14:54:20.455+0000] {processor.py:914} INFO - Processing file /opt/airflow/dags/dss150p_pipeline.py for tasks to queue
[2026-09-23T14:54:20.458+0000] {logging_mixin.py:190} INFO - [2026-09-23T14:54:20.457+0000] {dagbag.py:588} INFO - Filling up the DagBag from /opt/airflow/dags/dss150p_pipeline.py
[2026-09-23T14:54:20.500+0000] {processor.py:925} INFO - DAG(s) 'dss150p_sales_pipeline' retrieved from /opt/airflow/dags/dss150p_pipeline.py
[2026-09-23T14:54:20.584+0000] {logging_mixin.py:190} INFO - [2026-09-23T14:54:20.584+0000] {dag.py:3239} INFO - Sync 1 DAGs
[2026-09-23T14:54:20.640+0000] {logging_mixin.py:190} INFO - [2026-09-23T14:54:20.639+0000] {dag.py:4180} INFO - Setting next_dagrun for dss150p_sales_pipeline to 2026-09-23 02:00:00+00:00, run_after=2026-09-24 02:00:00+00:00
[2026-09-23T14:54:20.668+0000] {processor.py:208} INFO - Processing /opt/airflow/dags/dss150p_pipeline.py took 0.227 seconds
[2026-09-23T14:54:51.623+0000] {processor.py:186} INFO - Started process (PID=1534) to work on /opt/airflow/dags/dss150p_pipeline.py
[2026-09-23T14:54:51.633+0000] {processor.py:914} INFO - Processing file /opt/airflow/dags/dss150p_pipeline.py for tasks to queue
[2026-09-23T14:54:51.638+0000] {logging_mixin.py:190} INFO - [2026-09-23T14:54:51.638+0000] {dagbag.py:588} INFO - Filling up the DagBag from /opt/airflow/dags/dss150p_pipeline.py
[2026-09-23T14:54:51.696+0000] {processor.py:925} INFO - DAG(s) 'dss150p_sales_pipeline' retrieved from /opt/airflow/dags/dss150p_pipeline.py
[2026-09-23T14:54:51.893+0000] {logging_mixin.py:190} INFO - [2026-09-23T14:54:51.892+0000] {dag.py:3239} INFO - Sync 1 DAGs
[2026-09-23T14:54:51.963+0000] {logging_mixin.py:190} INFO - [2026-09-23T14:54:51.962+0000] {dag.py:4180} INFO - Setting next_dagrun for dss150p_sales_pipeline to 2026-09-23 02:00:00+00:00, run_after=2026-09-24 02:00:00+00:00
[2026-09-23T14:54:52.008+0000] {processor.py:208} INFO - Processing /opt/airflow/dags/dss150p_pipeline.py took 0.401 seconds
[2026-09-23T14:55:22.298+0000] {processor.py:186} INFO - Started process (PID=1539) to work on /opt/airflow/dags/dss150p_pipeline.py
[2026-09-23T14:55:22.301+0000] {processor.py:914} INFO - Processing file /opt/airflow/dags/dss150p_pipeline.py for tasks to queue
[2026-09-23T14:55:22.305+0000] {logging_mixin.py:190} INFO - [2026-09-23T14:55:22.304+0000] {dagbag.py:588} INFO - Filling up the DagBag from /opt/airflow/dags/dss150p_pipeline.py
[2026-09-23T14:55:22.331+0000] {processor.py:925} INFO - DAG(s) 'dss150p_sales_pipeline' retrieved from /opt/airflow/dags/dss150p_pipeline.py
[2026-09-23T14:55:22.408+0000] {logging_mixin.py:190} INFO - [2026-09-23T14:55:22.407+0000] {dag.py:3239} INFO - Sync 1 DAGs
[2026-09-23T14:55:22.453+0000] {logging_mixin.py:190} INFO - [2026-09-23T14:55:22.452+0000] {dag.py:4180} INFO - Setting next_dagrun for dss150p_sales_pipeline to 2026-09-23 02:00:00+00:00, run_after=2026-09-24 02:00:00+00:00
[2026-09-23T14:55:22.578+0000] {processor.py:208} INFO - Processing /opt/airflow/dags/dss150p_pipeline.py took 0.291 seconds
[2026-09-23T14:55:52.830+0000] {processor.py:186} INFO - Started process (PID=1552) to work on /opt/airflow/dags/dss150p_pipeline.py
[2026-09-23T14:55:52.837+0000] {processor.py:914} INFO - Processing file /opt/airflow/dags/dss150p_pipeline.py for tasks to queue
[2026-09-23T14:55:52.848+0000] {logging_mixin.py:190} INFO - [2026-09-23T14:55:52.847+0000] {dagbag.py:588} INFO - Filling up the DagBag from /opt/airflow/dags/dss150p_pipeline.py
[2026-09-23T14:55:52.909+0000] {processor.py:925} INFO - DAG(s) 'dss150p_sales_pipeline' retrieved from /opt/airflow/dags/dss150p_pipeline.py
[2026-09-23T14:55:53.055+0000] {logging_mixin.py:190} INFO - [2026-09-23T14:55:53.055+0000] {dag.py:3239} INFO - Sync 1 DAGs
[2026-09-23T14:55:53.247+0000] {logging_mixin.py:190} INFO - [2026-09-23T14:55:53.246+0000] {dag.py:4180} INFO - Setting next_dagrun for dss150p_sales_pipeline to 2026-09-23 02:00:00+00:00, run_after=2026-09-24 02:00:00+00:00
[2026-09-23T14:55:53.632+0000] {processor.py:208} INFO - Processing /opt/airflow/dags/dss150p_pipeline.py took 0.822 seconds
[2026-09-23T14:56:24.082+0000] {processor.py:186} INFO - Started process (PID=1557) to work on /opt/airflow/dags/dss150p_pipeline.py
[2026-09-23T14:56:24.085+0000] {processor.py:914} INFO - Processing file /opt/airflow/dags/dss150p_pipeline.py for tasks to queue
[2026-09-23T14:56:24.092+0000] {logging_mixin.py:190} INFO - [2026-09-23T14:56:24.091+0000] {dagbag.py:588} INFO - Filling up the DagBag from /opt/airflow/dags/dss150p_pipeline.py
[2026-09-23T14:56:24.139+0000] {processor.py:925} INFO - DAG(s) 'dss150p_sales_pipeline' retrieved from /opt/airflow/dags/dss150p_pipeline.py
[2026-09-23T14:56:24.280+0000] {logging_mixin.py:190} INFO - [2026-09-23T14:56:24.279+0000] {dag.py:3239} INFO - Sync 1 DAGs
[2026-09-23T14:56:24.479+0000] {logging_mixin.py:190} INFO - [2026-09-23T14:56:24.477+0000] {dag.py:4180} INFO - Setting next_dagrun for dss150p_sales_pipeline to 2026-09-23 02:00:00+00:00, run_after=2026-09-24 02:00:00+00:00
[2026-09-23T14:56:24.652+0000] {processor.py:208} INFO - Processing /opt/airflow/dags/dss150p_pipeline.py took 0.771 seconds
[2026-09-23T14:56:55.129+0000] {processor.py:186} INFO - Started process (PID=1570) to work on /opt/airflow/dags/dss150p_pipeline.py
[2026-09-23T14:56:55.131+0000] {processor.py:914} INFO - Processing file /opt/airflow/dags/dss150p_pipeline.py for tasks to queue
[2026-09-23T14:56:55.138+0000] {logging_mixin.py:190} INFO - [2026-09-23T14:56:55.137+0000] {dagbag.py:588} INFO - Filling up the DagBag from /opt/airflow/dags/dss150p_pipeline.py
[2026-09-23T14:56:55.169+0000] {processor.py:925} INFO - DAG(s) 'dss150p_sales_pipeline' retrieved from /opt/airflow/dags/dss150p_pipeline.py
[2026-09-23T14:56:55.268+0000] {logging_mixin.py:190} INFO - [2026-09-23T14:56:55.267+0000] {dag.py:3239} INFO - Sync 1 DAGs
[2026-09-23T14:56:55.360+0000] {logging_mixin.py:190} INFO - [2026-09-23T14:56:55.359+0000] {dag.py:4180} INFO - Setting next_dagrun for dss150p_sales_pipeline to 2026-09-23 02:00:00+00:00, run_after=2026-09-24 02:00:00+00:00
[2026-09-23T14:56:55.414+0000] {processor.py:208} INFO - Processing /opt/airflow/dags/dss150p_pipeline.py took 0.297 seconds
[2026-09-23T14:57:26.496+0000] {processor.py:186} INFO - Started process (PID=1575) to work on /opt/airflow/dags/dss150p_pipeline.py
[2026-09-23T14:57:26.507+0000] {processor.py:914} INFO - Processing file /opt/airflow/dags/dss150p_pipeline.py for tasks to queue
[2026-09-23T14:57:26.529+0000] {logging_mixin.py:190} INFO - [2026-09-23T14:57:26.525+0000] {dagbag.py:588} INFO - Filling up the DagBag from /opt/airflow/dags/dss150p_pipeline.py
[2026-09-23T14:57:26.776+0000] {processor.py:925} INFO - DAG(s) 'dss150p_sales_pipeline' retrieved from /opt/airflow/dags/dss150p_pipeline.py
[2026-09-23T14:57:27.690+0000] {logging_mixin.py:190} INFO - [2026-09-23T14:57:27.685+0000] {dag.py:3239} INFO - Sync 1 DAGs
[2026-09-23T14:57:28.080+0000] {logging_mixin.py:190} INFO - [2026-09-23T14:57:28.080+0000] {dag.py:4180} INFO - Setting next_dagrun for dss150p_sales_pipeline to 2026-09-23 02:00:00+00:00, run_after=2026-09-24 02:00:00+00:00
[2026-09-23T14:57:28.188+0000] {processor.py:208} INFO - Processing /opt/airflow/dags/dss150p_pipeline.py took 1.738 seconds
[2026-09-23T14:57:58.984+0000] {processor.py:186} INFO - Started process (PID=1583) to work on /opt/airflow/dags/dss150p_pipeline.py
[2026-09-23T14:57:59.005+0000] {processor.py:914} INFO - Processing file /opt/airflow/dags/dss150p_pipeline.py for tasks to queue
[2026-09-23T14:57:59.018+0000] {logging_mixin.py:190} INFO - [2026-09-23T14:57:59.017+0000] {dagbag.py:588} INFO - Filling up the DagBag from /opt/airflow/dags/dss150p_pipeline.py
[2026-09-23T14:57:59.096+0000] {processor.py:925} INFO - DAG(s) 'dss150p_sales_pipeline' retrieved from /opt/airflow/dags/dss150p_pipeline.py
[2026-09-23T14:57:59.299+0000] {logging_mixin.py:190} INFO - [2026-09-23T14:57:59.298+0000] {dag.py:3239} INFO - Sync 1 DAGs
[2026-09-23T14:57:59.412+0000] {logging_mixin.py:190} INFO - [2026-09-23T14:57:59.411+0000] {dag.py:4180} INFO - Setting next_dagrun for dss150p_sales_pipeline to 2026-09-23 02:00:00+00:00, run_after=2026-09-24 02:00:00+00:00
[2026-09-23T14:57:59.476+0000] {processor.py:208} INFO - Processing /opt/airflow/dags/dss150p_pipeline.py took 0.543 seconds
[2026-09-23T14:58:30.022+0000] {processor.py:186} INFO - Started process (PID=1593) to work on /opt/airflow/dags/dss150p_pipeline.py
[2026-09-23T14:58:30.045+0000] {processor.py:914} INFO - Processing file /opt/airflow/dags/dss150p_pipeline.py for tasks to queue
[2026-09-23T14:58:30.054+0000] {logging_mixin.py:190} INFO - [2026-09-23T14:58:30.053+0000] {dagbag.py:588} INFO - Filling up the DagBag from /opt/airflow/dags/dss150p_pipeline.py
[2026-09-23T14:58:30.121+0000] {processor.py:925} INFO - DAG(s) 'dss150p_sales_pipeline' retrieved from /opt/airflow/dags/dss150p_pipeline.py
[2026-09-23T14:58:30.233+0000] {logging_mixin.py:190} INFO - [2026-09-23T14:58:30.233+0000] {dag.py:3239} INFO - Sync 1 DAGs
[2026-09-23T14:58:30.291+0000] {logging_mixin.py:190} INFO - [2026-09-23T14:58:30.291+0000] {dag.py:4180} INFO - Setting next_dagrun for dss150p_sales_pipeline to 2026-09-23 02:00:00+00:00, run_after=2026-09-24 02:00:00+00:00
[2026-09-23T14:58:30.330+0000] {processor.py:208} INFO - Processing /opt/airflow/dags/dss150p_pipeline.py took 0.328 seconds
[2026-09-23T14:59:01.151+0000] {processor.py:186} INFO - Started process (PID=1598) to work on /opt/airflow/dags/dss150p_pipeline.py
[2026-09-23T14:59:01.165+0000] {processor.py:914} INFO - Processing file /opt/airflow/dags/dss150p_pipeline.py for tasks to queue
[2026-09-23T14:59:01.195+0000] {logging_mixin.py:190} INFO - [2026-09-23T14:59:01.192+0000] {dagbag.py:588} INFO - Filling up the DagBag from /opt/airflow/dags/dss150p_pipeline.py
[2026-09-23T14:59:01.871+0000] {processor.py:925} INFO - DAG(s) 'dss150p_sales_pipeline' retrieved from /opt/airflow/dags/dss150p_pipeline.py
[2026-09-23T14:59:02.347+0000] {logging_mixin.py:190} INFO - [2026-09-23T14:59:02.347+0000] {dag.py:3239} INFO - Sync 1 DAGs
[2026-09-23T14:59:02.450+0000] {logging_mixin.py:190} INFO - [2026-09-23T14:59:02.449+0000] {dag.py:4180} INFO - Setting next_dagrun for dss150p_sales_pipeline to 2026-09-23 02:00:00+00:00, run_after=2026-09-24 02:00:00+00:00
[2026-09-23T14:59:02.495+0000] {processor.py:208} INFO - Processing /opt/airflow/dags/dss150p_pipeline.py took 1.746 seconds
[2026-09-23T14:59:33.054+0000] {processor.py:186} INFO - Started process (PID=1603) to work on /opt/airflow/dags/dss150p_pipeline.py
[2026-09-23T14:59:33.089+0000] {processor.py:914} INFO - Processing file /opt/airflow/dags/dss150p_pipeline.py for tasks to queue
[2026-09-23T14:59:33.130+0000] {logging_mixin.py:190} INFO - [2026-09-23T14:59:33.128+0000] {dagbag.py:588} INFO - Filling up the DagBag from /opt/airflow/dags/dss150p_pipeline.py
[2026-09-23T14:59:33.467+0000] {processor.py:925} INFO - DAG(s) 'dss150p_sales_pipeline' retrieved from /opt/airflow/dags/dss150p_pipeline.py
[2026-09-23T14:59:34.122+0000] {logging_mixin.py:190} INFO - [2026-09-23T14:59:34.121+0000] {dag.py:3239} INFO - Sync 1 DAGs
[2026-09-23T14:59:34.516+0000] {logging_mixin.py:190} INFO - [2026-09-23T14:59:34.516+0000] {dag.py:4180} INFO - Setting next_dagrun for dss150p_sales_pipeline to 2026-09-23 02:00:00+00:00, run_after=2026-09-24 02:00:00+00:00
[2026-09-23T14:59:34.656+0000] {processor.py:208} INFO - Processing /opt/airflow/dags/dss150p_pipeline.py took 1.773 seconds
[2026-09-23T15:00:05.039+0000] {processor.py:186} INFO - Started process (PID=1608) to work on /opt/airflow/dags/dss150p_pipeline.py
[2026-09-23T15:00:05.042+0000] {processor.py:914} INFO - Processing file /opt/airflow/dags/dss150p_pipeline.py for tasks to queue
[2026-09-23T15:00:05.054+0000] {logging_mixin.py:190} INFO - [2026-09-23T15:00:05.053+0000] {dagbag.py:588} INFO - Filling up the DagBag from /opt/airflow/dags/dss150p_pipeline.py
[2026-09-23T15:00:05.407+0000] {processor.py:925} INFO - DAG(s) 'dss150p_sales_pipeline' retrieved from /opt/airflow/dags/dss150p_pipeline.py
[2026-09-23T15:00:05.655+0000] {logging_mixin.py:190} INFO - [2026-09-23T15:00:05.655+0000] {dag.py:3239} INFO - Sync 1 DAGs
[2026-09-23T15:00:05.781+0000] {logging_mixin.py:190} INFO - [2026-09-23T15:00:05.781+0000] {dag.py:4180} INFO - Setting next_dagrun for dss150p_sales_pipeline to 2026-09-23 02:00:00+00:00, run_after=2026-09-24 02:00:00+00:00
[2026-09-23T15:00:06.093+0000] {processor.py:208} INFO - Processing /opt/airflow/dags/dss150p_pipeline.py took 1.098 seconds
[2026-09-23T15:00:36.624+0000] {processor.py:186} INFO - Started process (PID=1613) to work on /opt/airflow/dags/dss150p_pipeline.py
[2026-09-23T15:00:36.681+0000] {processor.py:914} INFO - Processing file /opt/airflow/dags/dss150p_pipeline.py for tasks to queue
[2026-09-23T15:00:36.695+0000] {logging_mixin.py:190} INFO - [2026-09-23T15:00:36.694+0000] {dagbag.py:588} INFO - Filling up the DagBag from /opt/airflow/dags/dss150p_pipeline.py
[2026-09-23T15:00:36.818+0000] {processor.py:925} INFO - DAG(s) 'dss150p_sales_pipeline' retrieved from /opt/airflow/dags/dss150p_pipeline.py
[2026-09-23T15:00:37.341+0000] {logging_mixin.py:190} INFO - [2026-09-23T15:00:37.340+0000] {dag.py:3239} INFO - Sync 1 DAGs
[2026-09-23T15:00:37.992+0000] {logging_mixin.py:190} INFO - [2026-09-23T15:00:37.991+0000] {dag.py:4180} INFO - Setting next_dagrun for dss150p_sales_pipeline to 2026-09-23 02:00:00+00:00, run_after=2026-09-24 02:00:00+00:00
[2026-09-23T15:00:38.127+0000] {processor.py:208} INFO - Processing /opt/airflow/dags/dss150p_pipeline.py took 1.541 seconds
[2026-09-23T15:01:08.851+0000] {processor.py:186} INFO - Started process (PID=1637) to work on /opt/airflow/dags/dss150p_pipeline.py
[2026-09-23T15:01:09.024+0000] {processor.py:914} INFO - Processing file /opt/airflow/dags/dss150p_pipeline.py for tasks to queue
[2026-09-23T15:01:09.285+0000] {logging_mixin.py:190} INFO - [2026-09-23T15:01:09.284+0000] {dagbag.py:588} INFO - Filling up the DagBag from /opt/airflow/dags/dss150p_pipeline.py
[2026-09-23T15:01:09.904+0000] {processor.py:925} INFO - DAG(s) 'dss150p_sales_pipeline' retrieved from /opt/airflow/dags/dss150p_pipeline.py
[2026-09-23T15:01:11.080+0000] {logging_mixin.py:190} INFO - [2026-09-23T15:01:11.079+0000] {dag.py:3239} INFO - Sync 1 DAGs
[2026-09-23T15:01:12.811+0000] {logging_mixin.py:190} INFO - [2026-09-23T15:01:12.808+0000] {dag.py:4180} INFO - Setting next_dagrun for dss150p_sales_pipeline to 2026-09-23 02:00:00+00:00, run_after=2026-09-24 02:00:00+00:00
[2026-09-23T15:01:14.739+0000] {processor.py:208} INFO - Processing /opt/airflow/dags/dss150p_pipeline.py took 6.224 seconds
[2026-09-23T15:01:45.252+0000] {processor.py:186} INFO - Started process (PID=1663) to work on /opt/airflow/dags/dss150p_pipeline.py
[2026-09-23T15:01:45.261+0000] {processor.py:914} INFO - Processing file /opt/airflow/dags/dss150p_pipeline.py for tasks to queue
[2026-09-23T15:01:45.274+0000] {logging_mixin.py:190} INFO - [2026-09-23T15:01:45.272+0000] {dagbag.py:588} INFO - Filling up the DagBag from /opt/airflow/dags/dss150p_pipeline.py
[2026-09-23T15:01:45.330+0000] {processor.py:925} INFO - DAG(s) 'dss150p_sales_pipeline' retrieved from /opt/airflow/dags/dss150p_pipeline.py
[2026-09-23T15:01:45.473+0000] {logging_mixin.py:190} INFO - [2026-09-23T15:01:45.473+0000] {dag.py:3239} INFO - Sync 1 DAGs
[2026-09-23T15:01:45.514+0000] {logging_mixin.py:190} INFO - [2026-09-23T15:01:45.514+0000] {dag.py:4180} INFO - Setting next_dagrun for dss150p_sales_pipeline to 2026-09-23 02:00:00+00:00, run_after=2026-09-24 02:00:00+00:00
[2026-09-23T15:01:45.538+0000] {processor.py:208} INFO - Processing /opt/airflow/dags/dss150p_pipeline.py took 0.307 seconds
[2026-09-23T15:02:15.717+0000] {processor.py:186} INFO - Started process (PID=1668) to work on /opt/airflow/dags/dss150p_pipeline.py
[2026-09-23T15:02:15.759+0000] {processor.py:914} INFO - Processing file /opt/airflow/dags/dss150p_pipeline.py for tasks to queue
[2026-09-23T15:02:15.764+0000] {logging_mixin.py:190} INFO - [2026-09-23T15:02:15.763+0000] {dagbag.py:588} INFO - Filling up the DagBag from /opt/airflow/dags/dss150p_pipeline.py
[2026-09-23T15:02:15.844+0000] {processor.py:925} INFO - DAG(s) 'dss150p_sales_pipeline' retrieved from /opt/airflow/dags/dss150p_pipeline.py
[2026-09-23T15:02:16.058+0000] {logging_mixin.py:190} INFO - [2026-09-23T15:02:16.056+0000] {dag.py:3239} INFO - Sync 1 DAGs
[2026-09-23T15:02:16.157+0000] {logging_mixin.py:190} INFO - [2026-09-23T15:02:16.157+0000] {dag.py:4180} INFO - Setting next_dagrun for dss150p_sales_pipeline to 2026-09-23 02:00:00+00:00, run_after=2026-09-24 02:00:00+00:00
[2026-09-23T15:02:16.220+0000] {processor.py:208} INFO - Processing /opt/airflow/dags/dss150p_pipeline.py took 0.531 seconds
[2026-09-23T15:02:46.746+0000] {processor.py:186} INFO - Started process (PID=1673) to work on /opt/airflow/dags/dss150p_pipeline.py
[2026-09-23T15:02:46.927+0000] {processor.py:914} INFO - Processing file /opt/airflow/dags/dss150p_pipeline.py for tasks to queue
[2026-09-23T15:02:46.977+0000] {logging_mixin.py:190} INFO - [2026-09-23T15:02:46.974+0000] {dagbag.py:588} INFO - Filling up the DagBag from /opt/airflow/dags/dss150p_pipeline.py
[2026-09-23T15:02:47.206+0000] {processor.py:925} INFO - DAG(s) 'dss150p_sales_pipeline' retrieved from /opt/airflow/dags/dss150p_pipeline.py
[2026-09-23T15:02:48.114+0000] {logging_mixin.py:190} INFO - [2026-09-23T15:02:48.113+0000] {dag.py:3239} INFO - Sync 1 DAGs
[2026-09-23T15:02:48.289+0000] {logging_mixin.py:190} INFO - [2026-09-23T15:02:48.288+0000] {dag.py:4180} INFO - Setting next_dagrun for dss150p_sales_pipeline to 2026-09-23 02:00:00+00:00, run_after=2026-09-24 02:00:00+00:00
[2026-09-23T15:02:48.368+0000] {processor.py:208} INFO - Processing /opt/airflow/dags/dss150p_pipeline.py took 1.660 seconds
[2026-09-23T15:03:18.625+0000] {processor.py:186} INFO - Started process (PID=1678) to work on /opt/airflow/dags/dss150p_pipeline.py
[2026-09-23T15:03:18.627+0000] {processor.py:914} INFO - Processing file /opt/airflow/dags/dss150p_pipeline.py for tasks to queue
[2026-09-23T15:03:18.630+0000] {logging_mixin.py:190} INFO - [2026-09-23T15:03:18.630+0000] {dagbag.py:588} INFO - Filling up the DagBag from /opt/airflow/dags/dss150p_pipeline.py
[2026-09-23T15:03:18.701+0000] {processor.py:925} INFO - DAG(s) 'dss150p_sales_pipeline' retrieved from /opt/airflow/dags/dss150p_pipeline.py
[2026-09-23T15:03:18.883+0000] {logging_mixin.py:190} INFO - [2026-09-23T15:03:18.883+0000] {dag.py:3239} INFO - Sync 1 DAGs
[2026-09-23T15:03:18.958+0000] {logging_mixin.py:190} INFO - [2026-09-23T15:03:18.958+0000] {dag.py:4180} INFO - Setting next_dagrun for dss150p_sales_pipeline to 2026-09-23 02:00:00+00:00, run_after=2026-09-24 02:00:00+00:00
[2026-09-23T15:03:19.009+0000] {processor.py:208} INFO - Processing /opt/airflow/dags/dss150p_pipeline.py took 0.405 seconds
[2026-09-23T15:03:49.453+0000] {processor.py:186} INFO - Started process (PID=1683) to work on /opt/airflow/dags/dss150p_pipeline.py
[2026-09-23T15:03:49.460+0000] {processor.py:914} INFO - Processing file /opt/airflow/dags/dss150p_pipeline.py for tasks to queue
[2026-09-23T15:03:49.470+0000] {logging_mixin.py:190} INFO - [2026-09-23T15:03:49.468+0000] {dagbag.py:588} INFO - Filling up the DagBag from /opt/airflow/dags/dss150p_pipeline.py
[2026-09-23T15:03:49.518+0000] {processor.py:925} INFO - DAG(s) 'dss150p_sales_pipeline' retrieved from /opt/airflow/dags/dss150p_pipeline.py
[2026-09-23T15:03:49.715+0000] {logging_mixin.py:190} INFO - [2026-09-23T15:03:49.714+0000] {dag.py:3239} INFO - Sync 1 DAGs
[2026-09-23T15:03:49.848+0000] {logging_mixin.py:190} INFO - [2026-09-23T15:03:49.846+0000] {dag.py:4180} INFO - Setting next_dagrun for dss150p_sales_pipeline to 2026-09-23 02:00:00+00:00, run_after=2026-09-24 02:00:00+00:00
[2026-09-23T15:03:49.913+0000] {processor.py:208} INFO - Processing /opt/airflow/dags/dss150p_pipeline.py took 0.477 seconds
[2026-09-23T15:04:20.435+0000] {processor.py:186} INFO - Started process (PID=1688) to work on /opt/airflow/dags/dss150p_pipeline.py
[2026-09-23T15:04:20.531+0000] {processor.py:914} INFO - Processing file /opt/airflow/dags/dss150p_pipeline.py for tasks to queue
[2026-09-23T15:04:20.540+0000] {logging_mixin.py:190} INFO - [2026-09-23T15:04:20.539+0000] {dagbag.py:588} INFO - Filling up the DagBag from /opt/airflow/dags/dss150p_pipeline.py
[2026-09-23T15:04:20.579+0000] {processor.py:925} INFO - DAG(s) 'dss150p_sales_pipeline' retrieved from /opt/airflow/dags/dss150p_pipeline.py
[2026-09-23T15:04:20.776+0000] {logging_mixin.py:190} INFO - [2026-09-23T15:04:20.776+0000] {dag.py:3239} INFO - Sync 1 DAGs
[2026-09-23T15:04:20.897+0000] {logging_mixin.py:190} INFO - [2026-09-23T15:04:20.897+0000] {dag.py:4180} INFO - Setting next_dagrun for dss150p_sales_pipeline to 2026-09-23 02:00:00+00:00, run_after=2026-09-24 02:00:00+00:00
[2026-09-23T15:04:20.958+0000] {processor.py:208} INFO - Processing /opt/airflow/dags/dss150p_pipeline.py took 0.585 seconds
[2026-09-23T15:04:52.038+0000] {processor.py:186} INFO - Started process (PID=1693) to work on /opt/airflow/dags/dss150p_pipeline.py
[2026-09-23T15:04:52.124+0000] {processor.py:914} INFO - Processing file /opt/airflow/dags/dss150p_pipeline.py for tasks to queue
[2026-09-23T15:04:52.149+0000] {logging_mixin.py:190} INFO - [2026-09-23T15:04:52.148+0000] {dagbag.py:588} INFO - Filling up the DagBag from /opt/airflow/dags/dss150p_pipeline.py
[2026-09-23T15:04:52.442+0000] {processor.py:925} INFO - DAG(s) 'dss150p_sales_pipeline' retrieved from /opt/airflow/dags/dss150p_pipeline.py
[2026-09-23T15:04:54.752+0000] {logging_mixin.py:190} INFO - [2026-09-23T15:04:54.750+0000] {dag.py:3239} INFO - Sync 1 DAGs
[2026-09-23T15:04:56.492+0000] {logging_mixin.py:190} INFO - [2026-09-23T15:04:56.490+0000] {dag.py:4180} INFO - Setting next_dagrun for dss150p_sales_pipeline to 2026-09-23 02:00:00+00:00, run_after=2026-09-24 02:00:00+00:00
[2026-09-23T15:04:56.669+0000] {processor.py:208} INFO - Processing /opt/airflow/dags/dss150p_pipeline.py took 5.082 seconds
[2026-09-23T15:05:27.303+0000] {processor.py:186} INFO - Started process (PID=1698) to work on /opt/airflow/dags/dss150p_pipeline.py
[2026-09-23T15:05:27.305+0000] {processor.py:914} INFO - Processing file /opt/airflow/dags/dss150p_pipeline.py for tasks to queue
[2026-09-23T15:05:27.315+0000] {logging_mixin.py:190} INFO - [2026-09-23T15:05:27.314+0000] {dagbag.py:588} INFO - Filling up the DagBag from /opt/airflow/dags/dss150p_pipeline.py
[2026-09-23T15:05:27.362+0000] {processor.py:925} INFO - DAG(s) 'dss150p_sales_pipeline' retrieved from /opt/airflow/dags/dss150p_pipeline.py
[2026-09-23T15:05:27.829+0000] {logging_mixin.py:190} INFO - [2026-09-23T15:05:27.829+0000] {dag.py:3239} INFO - Sync 1 DAGs
[2026-09-23T15:05:28.224+0000] {logging_mixin.py:190} INFO - [2026-09-23T15:05:28.223+0000] {dag.py:4180} INFO - Setting next_dagrun for dss150p_sales_pipeline to 2026-09-23 02:00:00+00:00, run_after=2026-09-24 02:00:00+00:00
[2026-09-23T15:05:28.433+0000] {processor.py:208} INFO - Processing /opt/airflow/dags/dss150p_pipeline.py took 1.143 seconds
[2026-09-23T15:05:59.449+0000] {processor.py:186} INFO - Started process (PID=1703) to work on /opt/airflow/dags/dss150p_pipeline.py
[2026-09-23T15:05:59.474+0000] {processor.py:914} INFO - Processing file /opt/airflow/dags/dss150p_pipeline.py for tasks to queue
[2026-09-23T15:05:59.507+0000] {logging_mixin.py:190} INFO - [2026-09-23T15:05:59.505+0000] {dagbag.py:588} INFO - Filling up the DagBag from /opt/airflow/dags/dss150p_pipeline.py
[2026-09-23T15:05:59.821+0000] {processor.py:925} INFO - DAG(s) 'dss150p_sales_pipeline' retrieved from /opt/airflow/dags/dss150p_pipeline.py
[2026-09-23T15:05:59.990+0000] {logging_mixin.py:190} INFO - [2026-09-23T15:05:59.989+0000] {dag.py:3239} INFO - Sync 1 DAGs
[2026-09-23T15:06:00.346+0000] {logging_mixin.py:190} INFO - [2026-09-23T15:06:00.346+0000] {dag.py:4180} INFO - Setting next_dagrun for dss150p_sales_pipeline to 2026-09-23 02:00:00+00:00, run_after=2026-09-24 02:00:00+00:00
[2026-09-23T15:06:00.447+0000] {processor.py:208} INFO - Processing /opt/airflow/dags/dss150p_pipeline.py took 1.300 seconds
[2026-09-23T15:06:31.040+0000] {processor.py:186} INFO - Started process (PID=1708) to work on /opt/airflow/dags/dss150p_pipeline.py
[2026-09-23T15:06:31.043+0000] {processor.py:914} INFO - Processing file /opt/airflow/dags/dss150p_pipeline.py for tasks to queue
[2026-09-23T15:06:31.054+0000] {logging_mixin.py:190} INFO - [2026-09-23T15:06:31.052+0000] {dagbag.py:588} INFO - Filling up the DagBag from /opt/airflow/dags/dss150p_pipeline.py
[2026-09-23T15:06:31.106+0000] {processor.py:925} INFO - DAG(s) 'dss150p_sales_pipeline' retrieved from /opt/airflow/dags/dss150p_pipeline.py
[2026-09-23T15:06:31.188+0000] {logging_mixin.py:190} INFO - [2026-09-23T15:06:31.188+0000] {dag.py:3239} INFO - Sync 1 DAGs
[2026-09-23T15:06:31.298+0000] {logging_mixin.py:190} INFO - [2026-09-23T15:06:31.297+0000] {dag.py:4180} INFO - Setting next_dagrun for dss150p_sales_pipeline to 2026-09-23 02:00:00+00:00, run_after=2026-09-24 02:00:00+00:00
[2026-09-23T15:06:31.338+0000] {processor.py:208} INFO - Processing /opt/airflow/dags/dss150p_pipeline.py took 0.309 seconds
[2026-09-23T15:07:02.302+0000] {processor.py:186} INFO - Started process (PID=1713) to work on /opt/airflow/dags/dss150p_pipeline.py
[2026-09-23T15:07:02.362+0000] {processor.py:914} INFO - Processing file /opt/airflow/dags/dss150p_pipeline.py for tasks to queue
[2026-09-23T15:07:02.408+0000] {logging_mixin.py:190} INFO - [2026-09-23T15:07:02.403+0000] {dagbag.py:588} INFO - Filling up the DagBag from /opt/airflow/dags/dss150p_pipeline.py
[2026-09-23T15:07:02.633+0000] {processor.py:925} INFO - DAG(s) 'dss150p_sales_pipeline' retrieved from /opt/airflow/dags/dss150p_pipeline.py
[2026-09-23T15:07:03.160+0000] {logging_mixin.py:190} INFO - [2026-09-23T15:07:03.157+0000] {dag.py:3239} INFO - Sync 1 DAGs
[2026-09-23T15:07:05.355+0000] {logging_mixin.py:190} INFO - [2026-09-23T15:07:05.354+0000] {dag.py:4180} INFO - Setting next_dagrun for dss150p_sales_pipeline to 2026-09-23 02:00:00+00:00, run_after=2026-09-24 02:00:00+00:00
[2026-09-23T15:07:06.798+0000] {processor.py:208} INFO - Processing /opt/airflow/dags/dss150p_pipeline.py took 4.731 seconds
[2026-09-23T15:07:38.122+0000] {processor.py:186} INFO - Started process (PID=1718) to work on /opt/airflow/dags/dss150p_pipeline.py
[2026-09-23T15:07:38.127+0000] {processor.py:914} INFO - Processing file /opt/airflow/dags/dss150p_pipeline.py for tasks to queue
[2026-09-23T15:07:38.142+0000] {logging_mixin.py:190} INFO - [2026-09-23T15:07:38.140+0000] {dagbag.py:588} INFO - Filling up the DagBag from /opt/airflow/dags/dss150p_pipeline.py
[2026-09-23T15:07:38.212+0000] {processor.py:925} INFO - DAG(s) 'dss150p_sales_pipeline' retrieved from /opt/airflow/dags/dss150p_pipeline.py
[2026-09-23T15:07:38.369+0000] {logging_mixin.py:190} INFO - [2026-09-23T15:07:38.368+0000] {dag.py:3239} INFO - Sync 1 DAGs
[2026-09-23T15:07:38.459+0000] {logging_mixin.py:190} INFO - [2026-09-23T15:07:38.459+0000] {dag.py:4180} INFO - Setting next_dagrun for dss150p_sales_pipeline to 2026-09-23 02:00:00+00:00, run_after=2026-09-24 02:00:00+00:00
[2026-09-23T15:07:38.496+0000] {processor.py:208} INFO - Processing /opt/airflow/dags/dss150p_pipeline.py took 0.391 seconds
[2026-09-23T15:08:08.598+0000] {processor.py:186} INFO - Started process (PID=1723) to work on /opt/airflow/dags/dss150p_pipeline.py
[2026-09-23T15:08:08.602+0000] {processor.py:914} INFO - Processing file /opt/airflow/dags/dss150p_pipeline.py for tasks to queue
[2026-09-23T15:08:08.608+0000] {logging_mixin.py:190} INFO - [2026-09-23T15:08:08.607+0000] {dagbag.py:588} INFO - Filling up the DagBag from /opt/airflow/dags/dss150p_pipeline.py
[2026-09-23T15:08:08.657+0000] {processor.py:925} INFO - DAG(s) 'dss150p_sales_pipeline' retrieved from /opt/airflow/dags/dss150p_pipeline.py
[2026-09-23T15:08:08.754+0000] {logging_mixin.py:190} INFO - [2026-09-23T15:08:08.750+0000] {dag.py:3239} INFO - Sync 1 DAGs
[2026-09-23T15:08:08.819+0000] {logging_mixin.py:190} INFO - [2026-09-23T15:08:08.819+0000] {dag.py:4180} INFO - Setting next_dagrun for dss150p_sales_pipeline to 2026-09-23 02:00:00+00:00, run_after=2026-09-24 02:00:00+00:00
[2026-09-23T15:08:08.874+0000] {processor.py:208} INFO - Processing /opt/airflow/dags/dss150p_pipeline.py took 0.298 seconds
[2026-09-23T15:08:39.313+0000] {processor.py:186} INFO - Started process (PID=1728) to work on /opt/airflow/dags/dss150p_pipeline.py
[2026-09-23T15:08:39.316+0000] {processor.py:914} INFO - Processing file /opt/airflow/dags/dss150p_pipeline.py for tasks to queue
[2026-09-23T15:08:39.319+0000] {logging_mixin.py:190} INFO - [2026-09-23T15:08:39.319+0000] {dagbag.py:588} INFO - Filling up the DagBag from /opt/airflow/dags/dss150p_pipeline.py
[2026-09-23T15:08:39.341+0000] {processor.py:925} INFO - DAG(s) 'dss150p_sales_pipeline' retrieved from /opt/airflow/dags/dss150p_pipeline.py
[2026-09-23T15:08:39.422+0000] {logging_mixin.py:190} INFO - [2026-09-23T15:08:39.422+0000] {dag.py:3239} INFO - Sync 1 DAGs
[2026-09-23T15:08:39.462+0000] {logging_mixin.py:190} INFO - [2026-09-23T15:08:39.461+0000] {dag.py:4180} INFO - Setting next_dagrun for dss150p_sales_pipeline to 2026-09-23 02:00:00+00:00, run_after=2026-09-24 02:00:00+00:00
[2026-09-23T15:08:39.493+0000] {processor.py:208} INFO - Processing /opt/airflow/dags/dss150p_pipeline.py took 0.188 seconds
[2026-09-23T15:09:09.791+0000] {processor.py:186} INFO - Started process (PID=1733) to work on /opt/airflow/dags/dss150p_pipeline.py
[2026-09-23T15:09:09.814+0000] {processor.py:914} INFO - Processing file /opt/airflow/dags/dss150p_pipeline.py for tasks to queue
[2026-09-23T15:09:09.822+0000] {logging_mixin.py:190} INFO - [2026-09-23T15:09:09.822+0000] {dagbag.py:588} INFO - Filling up the DagBag from /opt/airflow/dags/dss150p_pipeline.py
[2026-09-23T15:09:09.861+0000] {processor.py:925} INFO - DAG(s) 'dss150p_sales_pipeline' retrieved from /opt/airflow/dags/dss150p_pipeline.py
[2026-09-23T15:09:10.046+0000] {logging_mixin.py:190} INFO - [2026-09-23T15:09:10.035+0000] {dag.py:3239} INFO - Sync 1 DAGs
[2026-09-23T15:09:10.151+0000] {logging_mixin.py:190} INFO - [2026-09-23T15:09:10.147+0000] {dag.py:4180} INFO - Setting next_dagrun for dss150p_sales_pipeline to 2026-09-23 02:00:00+00:00, run_after=2026-09-24 02:00:00+00:00
[2026-09-23T15:09:10.209+0000] {processor.py:208} INFO - Processing /opt/airflow/dags/dss150p_pipeline.py took 0.451 seconds
[2026-09-23T15:09:40.603+0000] {processor.py:186} INFO - Started process (PID=1738) to work on /opt/airflow/dags/dss150p_pipeline.py
[2026-09-23T15:09:40.613+0000] {processor.py:914} INFO - Processing file /opt/airflow/dags/dss150p_pipeline.py for tasks to queue
[2026-09-23T15:09:40.617+0000] {logging_mixin.py:190} INFO - [2026-09-23T15:09:40.616+0000] {dagbag.py:588} INFO - Filling up the DagBag from /opt/airflow/dags/dss150p_pipeline.py
[2026-09-23T15:09:40.639+0000] {processor.py:925} INFO - DAG(s) 'dss150p_sales_pipeline' retrieved from /opt/airflow/dags/dss150p_pipeline.py
[2026-09-23T15:09:40.976+0000] {logging_mixin.py:190} INFO - [2026-09-23T15:09:40.976+0000] {dag.py:3239} INFO - Sync 1 DAGs
[2026-09-23T15:09:41.329+0000] {logging_mixin.py:190} INFO - [2026-09-23T15:09:41.329+0000] {dag.py:4180} INFO - Setting next_dagrun for dss150p_sales_pipeline to 2026-09-23 02:00:00+00:00, run_after=2026-09-24 02:00:00+00:00
[2026-09-23T15:09:41.429+0000] {processor.py:208} INFO - Processing /opt/airflow/dags/dss150p_pipeline.py took 0.838 seconds
[2026-09-23T15:10:11.854+0000] {processor.py:186} INFO - Started process (PID=1743) to work on /opt/airflow/dags/dss150p_pipeline.py
[2026-09-23T15:10:11.856+0000] {processor.py:914} INFO - Processing file /opt/airflow/dags/dss150p_pipeline.py for tasks to queue
[2026-09-23T15:10:11.860+0000] {logging_mixin.py:190} INFO - [2026-09-23T15:10:11.860+0000] {dagbag.py:588} INFO - Filling up the DagBag from /opt/airflow/dags/dss150p_pipeline.py
[2026-09-23T15:10:11.887+0000] {processor.py:925} INFO - DAG(s) 'dss150p_sales_pipeline' retrieved from /opt/airflow/dags/dss150p_pipeline.py
[2026-09-23T15:10:12.080+0000] {logging_mixin.py:190} INFO - [2026-09-23T15:10:12.080+0000] {dag.py:3239} INFO - Sync 1 DAGs
[2026-09-23T15:10:12.130+0000] {logging_mixin.py:190} INFO - [2026-09-23T15:10:12.130+0000] {dag.py:4180} INFO - Setting next_dagrun for dss150p_sales_pipeline to 2026-09-23 02:00:00+00:00, run_after=2026-09-24 02:00:00+00:00
[2026-09-23T15:10:12.178+0000] {processor.py:208} INFO - Processing /opt/airflow/dags/dss150p_pipeline.py took 0.338 seconds
[2026-09-23T15:10:42.983+0000] {processor.py:186} INFO - Started process (PID=1748) to work on /opt/airflow/dags/dss150p_pipeline.py
[2026-09-23T15:10:42.987+0000] {processor.py:914} INFO - Processing file /opt/airflow/dags/dss150p_pipeline.py for tasks to queue
[2026-09-23T15:10:43.022+0000] {logging_mixin.py:190} INFO - [2026-09-23T15:10:43.021+0000] {dagbag.py:588} INFO - Filling up the DagBag from /opt/airflow/dags/dss150p_pipeline.py
[2026-09-23T15:10:44.327+0000] {processor.py:925} INFO - DAG(s) 'dss150p_sales_pipeline' retrieved from /opt/airflow/dags/dss150p_pipeline.py
[2026-09-23T15:10:45.839+0000] {logging_mixin.py:190} INFO - [2026-09-23T15:10:45.838+0000] {dag.py:3239} INFO - Sync 1 DAGs
[2026-09-23T15:10:47.330+0000] {logging_mixin.py:190} INFO - [2026-09-23T15:10:47.330+0000] {dag.py:4180} INFO - Setting next_dagrun for dss150p_sales_pipeline to 2026-09-23 02:00:00+00:00, run_after=2026-09-24 02:00:00+00:00
[2026-09-23T15:10:47.635+0000] {processor.py:208} INFO - Processing /opt/airflow/dags/dss150p_pipeline.py took 4.670 seconds
[2026-09-23T15:11:17.738+0000] {processor.py:186} INFO - Started process (PID=1753) to work on /opt/airflow/dags/dss150p_pipeline.py
[2026-09-23T15:11:17.740+0000] {processor.py:914} INFO - Processing file /opt/airflow/dags/dss150p_pipeline.py for tasks to queue
[2026-09-23T15:11:17.743+0000] {logging_mixin.py:190} INFO - [2026-09-23T15:11:17.743+0000] {dagbag.py:588} INFO - Filling up the DagBag from /opt/airflow/dags/dss150p_pipeline.py
[2026-09-23T15:11:17.776+0000] {processor.py:925} INFO - DAG(s) 'dss150p_sales_pipeline' retrieved from /opt/airflow/dags/dss150p_pipeline.py
[2026-09-23T15:11:17.870+0000] {logging_mixin.py:190} INFO - [2026-09-23T15:11:17.870+0000] {dag.py:3239} INFO - Sync 1 DAGs
[2026-09-23T15:11:17.920+0000] {logging_mixin.py:190} INFO - [2026-09-23T15:11:17.920+0000] {dag.py:4180} INFO - Setting next_dagrun for dss150p_sales_pipeline to 2026-09-23 02:00:00+00:00, run_after=2026-09-24 02:00:00+00:00
[2026-09-23T15:11:17.963+0000] {processor.py:208} INFO - Processing /opt/airflow/dags/dss150p_pipeline.py took 0.237 seconds
[2026-09-23T15:11:48.407+0000] {processor.py:186} INFO - Started process (PID=1758) to work on /opt/airflow/dags/dss150p_pipeline.py
[2026-09-23T15:11:48.420+0000] {processor.py:914} INFO - Processing file /opt/airflow/dags/dss150p_pipeline.py for tasks to queue
[2026-09-23T15:11:48.430+0000] {logging_mixin.py:190} INFO - [2026-09-23T15:11:48.429+0000] {dagbag.py:588} INFO - Filling up the DagBag from /opt/airflow/dags/dss150p_pipeline.py
[2026-09-23T15:11:48.488+0000] {processor.py:925} INFO - DAG(s) 'dss150p_sales_pipeline' retrieved from /opt/airflow/dags/dss150p_pipeline.py
[2026-09-23T15:11:48.990+0000] {logging_mixin.py:190} INFO - [2026-09-23T15:11:48.990+0000] {dag.py:3239} INFO - Sync 1 DAGs
[2026-09-23T15:11:49.400+0000] {logging_mixin.py:190} INFO - [2026-09-23T15:11:49.400+0000] {dag.py:4180} INFO - Setting next_dagrun for dss150p_sales_pipeline to 2026-09-23 02:00:00+00:00, run_after=2026-09-24 02:00:00+00:00
[2026-09-23T15:11:49.612+0000] {processor.py:208} INFO - Processing /opt/airflow/dags/dss150p_pipeline.py took 1.273 seconds
[2026-09-23T15:12:19.918+0000] {processor.py:186} INFO - Started process (PID=1763) to work on /opt/airflow/dags/dss150p_pipeline.py
[2026-09-23T15:12:19.924+0000] {processor.py:914} INFO - Processing file /opt/airflow/dags/dss150p_pipeline.py for tasks to queue
[2026-09-23T15:12:19.939+0000] {logging_mixin.py:190} INFO - [2026-09-23T15:12:19.938+0000] {dagbag.py:588} INFO - Filling up the DagBag from /opt/airflow/dags/dss150p_pipeline.py
[2026-09-23T15:12:19.983+0000] {processor.py:925} INFO - DAG(s) 'dss150p_sales_pipeline' retrieved from /opt/airflow/dags/dss150p_pipeline.py
[2026-09-23T15:12:20.715+0000] {logging_mixin.py:190} INFO - [2026-09-23T15:12:20.710+0000] {dag.py:3239} INFO - Sync 1 DAGs
[2026-09-23T15:12:21.027+0000] {logging_mixin.py:190} INFO - [2026-09-23T15:12:21.026+0000] {dag.py:4180} INFO - Setting next_dagrun for dss150p_sales_pipeline to 2026-09-23 02:00:00+00:00, run_after=2026-09-24 02:00:00+00:00
[2026-09-23T15:12:21.339+0000] {processor.py:208} INFO - Processing /opt/airflow/dags/dss150p_pipeline.py took 1.450 seconds
[2026-09-23T15:12:52.139+0000] {processor.py:186} INFO - Started process (PID=1768) to work on /opt/airflow/dags/dss150p_pipeline.py
[2026-09-23T15:12:52.159+0000] {processor.py:914} INFO - Processing file /opt/airflow/dags/dss150p_pipeline.py for tasks to queue
[2026-09-23T15:12:52.173+0000] {logging_mixin.py:190} INFO - [2026-09-23T15:12:52.172+0000] {dagbag.py:588} INFO - Filling up the DagBag from /opt/airflow/dags/dss150p_pipeline.py
[2026-09-23T15:12:52.233+0000] {processor.py:925} INFO - DAG(s) 'dss150p_sales_pipeline' retrieved from /opt/airflow/dags/dss150p_pipeline.py
[2026-09-23T15:12:52.363+0000] {logging_mixin.py:190} INFO - [2026-09-23T15:12:52.362+0000] {dag.py:3239} INFO - Sync 1 DAGs
[2026-09-23T15:12:52.551+0000] {logging_mixin.py:190} INFO - [2026-09-23T15:12:52.550+0000] {dag.py:4180} INFO - Setting next_dagrun for dss150p_sales_pipeline to 2026-09-23 02:00:00+00:00, run_after=2026-09-24 02:00:00+00:00
[2026-09-23T15:12:52.900+0000] {processor.py:208} INFO - Processing /opt/airflow/dags/dss150p_pipeline.py took 0.782 seconds
[2026-09-23T15:13:23.416+0000] {processor.py:186} INFO - Started process (PID=1773) to work on /opt/airflow/dags/dss150p_pipeline.py
[2026-09-23T15:13:23.424+0000] {processor.py:914} INFO - Processing file /opt/airflow/dags/dss150p_pipeline.py for tasks to queue
[2026-09-23T15:13:23.431+0000] {logging_mixin.py:190} INFO - [2026-09-23T15:13:23.431+0000] {dagbag.py:588} INFO - Filling up the DagBag from /opt/airflow/dags/dss150p_pipeline.py
[2026-09-23T15:13:23.697+0000] {processor.py:925} INFO - DAG(s) 'dss150p_sales_pipeline' retrieved from /opt/airflow/dags/dss150p_pipeline.py
[2026-09-23T15:13:24.740+0000] {logging_mixin.py:190} INFO - [2026-09-23T15:13:24.740+0000] {dag.py:3239} INFO - Sync 1 DAGs
[2026-09-23T15:13:25.440+0000] {logging_mixin.py:190} INFO - [2026-09-23T15:13:25.439+0000] {dag.py:4180} INFO - Setting next_dagrun for dss150p_sales_pipeline to 2026-09-23 02:00:00+00:00, run_after=2026-09-24 02:00:00+00:00
[2026-09-23T15:13:25.593+0000] {processor.py:208} INFO - Processing /opt/airflow/dags/dss150p_pipeline.py took 2.384 seconds
[2026-09-23T15:13:56.451+0000] {processor.py:186} INFO - Started process (PID=1778) to work on /opt/airflow/dags/dss150p_pipeline.py
[2026-09-23T15:13:56.456+0000] {processor.py:914} INFO - Processing file /opt/airflow/dags/dss150p_pipeline.py for tasks to queue
[2026-09-23T15:13:56.463+0000] {logging_mixin.py:190} INFO - [2026-09-23T15:13:56.462+0000] {dagbag.py:588} INFO - Filling up the DagBag from /opt/airflow/dags/dss150p_pipeline.py
[2026-09-23T15:13:56.507+0000] {processor.py:925} INFO - DAG(s) 'dss150p_sales_pipeline' retrieved from /opt/airflow/dags/dss150p_pipeline.py
[2026-09-23T15:13:56.589+0000] {logging_mixin.py:190} INFO - [2026-09-23T15:13:56.589+0000] {dag.py:3239} INFO - Sync 1 DAGs
[2026-09-23T15:13:56.639+0000] {logging_mixin.py:190} INFO - [2026-09-23T15:13:56.638+0000] {dag.py:4180} INFO - Setting next_dagrun for dss150p_sales_pipeline to 2026-09-23 02:00:00+00:00, run_after=2026-09-24 02:00:00+00:00
[2026-09-23T15:13:56.726+0000] {processor.py:208} INFO - Processing /opt/airflow/dags/dss150p_pipeline.py took 0.290 seconds
[2026-09-23T15:14:28.180+0000] {processor.py:186} INFO - Started process (PID=1783) to work on /opt/airflow/dags/dss150p_pipeline.py
[2026-09-23T15:14:28.189+0000] {processor.py:914} INFO - Processing file /opt/airflow/dags/dss150p_pipeline.py for tasks to queue
[2026-09-23T15:14:28.381+0000] {logging_mixin.py:190} INFO - [2026-09-23T15:14:28.379+0000] {dagbag.py:588} INFO - Filling up the DagBag from /opt/airflow/dags/dss150p_pipeline.py
[2026-09-23T15:14:29.001+0000] {processor.py:925} INFO - DAG(s) 'dss150p_sales_pipeline' retrieved from /opt/airflow/dags/dss150p_pipeline.py
[2026-09-23T15:14:29.548+0000] {logging_mixin.py:190} INFO - [2026-09-23T15:14:29.546+0000] {dag.py:3239} INFO - Sync 1 DAGs
[2026-09-23T15:14:30.143+0000] {logging_mixin.py:190} INFO - [2026-09-23T15:14:30.143+0000] {dag.py:4180} INFO - Setting next_dagrun for dss150p_sales_pipeline to 2026-09-23 02:00:00+00:00, run_after=2026-09-24 02:00:00+00:00
[2026-09-23T15:14:30.494+0000] {processor.py:208} INFO - Processing /opt/airflow/dags/dss150p_pipeline.py took 2.601 seconds
[2026-09-23T15:15:01.126+0000] {processor.py:186} INFO - Started process (PID=1788) to work on /opt/airflow/dags/dss150p_pipeline.py
[2026-09-23T15:15:01.256+0000] {processor.py:914} INFO - Processing file /opt/airflow/dags/dss150p_pipeline.py for tasks to queue
[2026-09-23T15:15:01.293+0000] {logging_mixin.py:190} INFO - [2026-09-23T15:15:01.286+0000] {dagbag.py:588} INFO - Filling up the DagBag from /opt/airflow/dags/dss150p_pipeline.py
[2026-09-23T15:15:01.426+0000] {processor.py:925} INFO - DAG(s) 'dss150p_sales_pipeline' retrieved from /opt/airflow/dags/dss150p_pipeline.py
[2026-09-23T15:15:01.580+0000] {logging_mixin.py:190} INFO - [2026-09-23T15:15:01.580+0000] {dag.py:3239} INFO - Sync 1 DAGs
[2026-09-23T15:15:01.622+0000] {logging_mixin.py:190} INFO - [2026-09-23T15:15:01.621+0000] {dag.py:4180} INFO - Setting next_dagrun for dss150p_sales_pipeline to 2026-09-23 02:00:00+00:00, run_after=2026-09-24 02:00:00+00:00
[2026-09-23T15:15:01.649+0000] {processor.py:208} INFO - Processing /opt/airflow/dags/dss150p_pipeline.py took 0.711 seconds
[2026-09-23T15:15:31.843+0000] {processor.py:186} INFO - Started process (PID=1793) to work on /opt/airflow/dags/dss150p_pipeline.py
[2026-09-23T15:15:31.847+0000] {processor.py:914} INFO - Processing file /opt/airflow/dags/dss150p_pipeline.py for tasks to queue
[2026-09-23T15:15:31.853+0000] {logging_mixin.py:190} INFO - [2026-09-23T15:15:31.852+0000] {dagbag.py:588} INFO - Filling up the DagBag from /opt/airflow/dags/dss150p_pipeline.py
[2026-09-23T15:15:31.895+0000] {processor.py:925} INFO - DAG(s) 'dss150p_sales_pipeline' retrieved from /opt/airflow/dags/dss150p_pipeline.py
[2026-09-23T15:15:32.856+0000] {logging_mixin.py:190} INFO - [2026-09-23T15:15:32.855+0000] {dag.py:3239} INFO - Sync 1 DAGs
[2026-09-23T15:15:33.111+0000] {logging_mixin.py:190} INFO - [2026-09-23T15:15:33.110+0000] {dag.py:4180} INFO - Setting next_dagrun for dss150p_sales_pipeline to 2026-09-23 02:00:00+00:00, run_after=2026-09-24 02:00:00+00:00
[2026-09-23T15:15:33.149+0000] {processor.py:208} INFO - Processing /opt/airflow/dags/dss150p_pipeline.py took 1.316 seconds
[2026-09-23T15:16:03.637+0000] {processor.py:186} INFO - Started process (PID=1798) to work on /opt/airflow/dags/dss150p_pipeline.py
[2026-09-23T15:16:03.645+0000] {processor.py:914} INFO - Processing file /opt/airflow/dags/dss150p_pipeline.py for tasks to queue
[2026-09-23T15:16:03.650+0000] {logging_mixin.py:190} INFO - [2026-09-23T15:16:03.649+0000] {dagbag.py:588} INFO - Filling up the DagBag from /opt/airflow/dags/dss150p_pipeline.py
[2026-09-23T15:16:03.895+0000] {processor.py:925} INFO - DAG(s) 'dss150p_sales_pipeline' retrieved from /opt/airflow/dags/dss150p_pipeline.py
[2026-09-23T15:16:04.405+0000] {logging_mixin.py:190} INFO - [2026-09-23T15:16:04.402+0000] {dag.py:3239} INFO - Sync 1 DAGs
[2026-09-23T15:16:04.502+0000] {logging_mixin.py:190} INFO - [2026-09-23T15:16:04.502+0000] {dag.py:4180} INFO - Setting next_dagrun for dss150p_sales_pipeline to 2026-09-23 02:00:00+00:00, run_after=2026-09-24 02:00:00+00:00
[2026-09-23T15:16:04.613+0000] {processor.py:208} INFO - Processing /opt/airflow/dags/dss150p_pipeline.py took 1.098 seconds
[2026-09-23T15:16:35.104+0000] {processor.py:186} INFO - Started process (PID=1803) to work on /opt/airflow/dags/dss150p_pipeline.py
[2026-09-23T15:16:35.106+0000] {processor.py:914} INFO - Processing file /opt/airflow/dags/dss150p_pipeline.py for tasks to queue
[2026-09-23T15:16:35.116+0000] {logging_mixin.py:190} INFO - [2026-09-23T15:16:35.116+0000] {dagbag.py:588} INFO - Filling up the DagBag from /opt/airflow/dags/dss150p_pipeline.py
[2026-09-23T15:16:35.166+0000] {processor.py:925} INFO - DAG(s) 'dss150p_sales_pipeline' retrieved from /opt/airflow/dags/dss150p_pipeline.py
[2026-09-23T15:16:35.239+0000] {logging_mixin.py:190} INFO - [2026-09-23T15:16:35.238+0000] {dag.py:3239} INFO - Sync 1 DAGs
[2026-09-23T15:16:35.298+0000] {logging_mixin.py:190} INFO - [2026-09-23T15:16:35.298+0000] {dag.py:4180} INFO - Setting next_dagrun for dss150p_sales_pipeline to 2026-09-23 02:00:00+00:00, run_after=2026-09-24 02:00:00+00:00
[2026-09-23T15:16:35.414+0000] {processor.py:208} INFO - Processing /opt/airflow/dags/dss150p_pipeline.py took 0.328 seconds
[2026-09-23T15:17:06.314+0000] {processor.py:186} INFO - Started process (PID=1808) to work on /opt/airflow/dags/dss150p_pipeline.py
[2026-09-23T15:17:06.316+0000] {processor.py:914} INFO - Processing file /opt/airflow/dags/dss150p_pipeline.py for tasks to queue
[2026-09-23T15:17:06.322+0000] {logging_mixin.py:190} INFO - [2026-09-23T15:17:06.319+0000] {dagbag.py:588} INFO - Filling up the DagBag from /opt/airflow/dags/dss150p_pipeline.py
[2026-09-23T15:17:06.353+0000] {processor.py:925} INFO - DAG(s) 'dss150p_sales_pipeline' retrieved from /opt/airflow/dags/dss150p_pipeline.py
[2026-09-23T15:17:06.446+0000] {logging_mixin.py:190} INFO - [2026-09-23T15:17:06.446+0000] {dag.py:3239} INFO - Sync 1 DAGs
[2026-09-23T15:17:06.494+0000] {logging_mixin.py:190} INFO - [2026-09-23T15:17:06.491+0000] {dag.py:4180} INFO - Setting next_dagrun for dss150p_sales_pipeline to 2026-09-23 02:00:00+00:00, run_after=2026-09-24 02:00:00+00:00
[2026-09-23T15:17:06.524+0000] {processor.py:208} INFO - Processing /opt/airflow/dags/dss150p_pipeline.py took 0.223 seconds
[2026-09-23T15:17:36.917+0000] {processor.py:186} INFO - Started process (PID=1813) to work on /opt/airflow/dags/dss150p_pipeline.py
[2026-09-23T15:17:36.941+0000] {processor.py:914} INFO - Processing file /opt/airflow/dags/dss150p_pipeline.py for tasks to queue
[2026-09-23T15:17:36.961+0000] {logging_mixin.py:190} INFO - [2026-09-23T15:17:36.960+0000] {dagbag.py:588} INFO - Filling up the DagBag from /opt/airflow/dags/dss150p_pipeline.py
[2026-09-23T15:17:37.160+0000] {processor.py:925} INFO - DAG(s) 'dss150p_sales_pipeline' retrieved from /opt/airflow/dags/dss150p_pipeline.py
[2026-09-23T15:17:37.853+0000] {logging_mixin.py:190} INFO - [2026-09-23T15:17:37.851+0000] {dag.py:3239} INFO - Sync 1 DAGs
[2026-09-23T15:17:38.001+0000] {logging_mixin.py:190} INFO - [2026-09-23T15:17:38.000+0000] {dag.py:4180} INFO - Setting next_dagrun for dss150p_sales_pipeline to 2026-09-23 02:00:00+00:00, run_after=2026-09-24 02:00:00+00:00
[2026-09-23T15:17:38.058+0000] {processor.py:208} INFO - Processing /opt/airflow/dags/dss150p_pipeline.py took 1.217 seconds
[2026-09-23T15:18:08.415+0000] {processor.py:186} INFO - Started process (PID=1818) to work on /opt/airflow/dags/dss150p_pipeline.py
[2026-09-23T15:18:08.417+0000] {processor.py:914} INFO - Processing file /opt/airflow/dags/dss150p_pipeline.py for tasks to queue
[2026-09-23T15:18:08.422+0000] {logging_mixin.py:190} INFO - [2026-09-23T15:18:08.421+0000] {dagbag.py:588} INFO - Filling up the DagBag from /opt/airflow/dags/dss150p_pipeline.py
[2026-09-23T15:18:08.461+0000] {processor.py:925} INFO - DAG(s) 'dss150p_sales_pipeline' retrieved from /opt/airflow/dags/dss150p_pipeline.py
[2026-09-23T15:18:08.614+0000] {logging_mixin.py:190} INFO - [2026-09-23T15:18:08.613+0000] {dag.py:3239} INFO - Sync 1 DAGs
[2026-09-23T15:18:08.682+0000] {logging_mixin.py:190} INFO - [2026-09-23T15:18:08.681+0000] {dag.py:4180} INFO - Setting next_dagrun for dss150p_sales_pipeline to 2026-09-23 02:00:00+00:00, run_after=2026-09-24 02:00:00+00:00
[2026-09-23T15:18:08.763+0000] {processor.py:208} INFO - Processing /opt/airflow/dags/dss150p_pipeline.py took 0.365 seconds
[2026-09-23T15:18:39.423+0000] {processor.py:186} INFO - Started process (PID=1823) to work on /opt/airflow/dags/dss150p_pipeline.py
[2026-09-23T15:18:39.444+0000] {processor.py:914} INFO - Processing file /opt/airflow/dags/dss150p_pipeline.py for tasks to queue
[2026-09-23T15:18:39.453+0000] {logging_mixin.py:190} INFO - [2026-09-23T15:18:39.453+0000] {dagbag.py:588} INFO - Filling up the DagBag from /opt/airflow/dags/dss150p_pipeline.py
[2026-09-23T15:18:39.530+0000] {processor.py:925} INFO - DAG(s) 'dss150p_sales_pipeline' retrieved from /opt/airflow/dags/dss150p_pipeline.py
[2026-09-23T15:18:40.736+0000] {logging_mixin.py:190} INFO - [2026-09-23T15:18:40.734+0000] {dag.py:3239} INFO - Sync 1 DAGs
[2026-09-23T15:18:41.358+0000] {logging_mixin.py:190} INFO - [2026-09-23T15:18:41.348+0000] {dag.py:4180} INFO - Setting next_dagrun for dss150p_sales_pipeline to 2026-09-23 02:00:00+00:00, run_after=2026-09-24 02:00:00+00:00
[2026-09-23T15:18:41.590+0000] {processor.py:208} INFO - Processing /opt/airflow/dags/dss150p_pipeline.py took 2.192 seconds
[2026-09-23T15:19:12.434+0000] {processor.py:186} INFO - Started process (PID=1828) to work on /opt/airflow/dags/dss150p_pipeline.py
[2026-09-23T15:19:12.440+0000] {processor.py:914} INFO - Processing file /opt/airflow/dags/dss150p_pipeline.py for tasks to queue
[2026-09-23T15:19:12.460+0000] {logging_mixin.py:190} INFO - [2026-09-23T15:19:12.458+0000] {dagbag.py:588} INFO - Filling up the DagBag from /opt/airflow/dags/dss150p_pipeline.py
[2026-09-23T15:19:12.577+0000] {processor.py:925} INFO - DAG(s) 'dss150p_sales_pipeline' retrieved from /opt/airflow/dags/dss150p_pipeline.py
[2026-09-23T15:19:13.080+0000] {logging_mixin.py:190} INFO - [2026-09-23T15:19:13.080+0000] {dag.py:3239} INFO - Sync 1 DAGs
[2026-09-23T15:19:13.344+0000] {logging_mixin.py:190} INFO - [2026-09-23T15:19:13.343+0000] {dag.py:4180} INFO - Setting next_dagrun for dss150p_sales_pipeline to 2026-09-23 02:00:00+00:00, run_after=2026-09-24 02:00:00+00:00
[2026-09-23T15:19:13.467+0000] {processor.py:208} INFO - Processing /opt/airflow/dags/dss150p_pipeline.py took 1.067 seconds
[2026-09-23T15:19:44.360+0000] {processor.py:186} INFO - Started process (PID=1833) to work on /opt/airflow/dags/dss150p_pipeline.py
[2026-09-23T15:19:44.364+0000] {processor.py:914} INFO - Processing file /opt/airflow/dags/dss150p_pipeline.py for tasks to queue
[2026-09-23T15:19:44.373+0000] {logging_mixin.py:190} INFO - [2026-09-23T15:19:44.371+0000] {dagbag.py:588} INFO - Filling up the DagBag from /opt/airflow/dags/dss150p_pipeline.py
[2026-09-23T15:19:44.449+0000] {processor.py:925} INFO - DAG(s) 'dss150p_sales_pipeline' retrieved from /opt/airflow/dags/dss150p_pipeline.py
[2026-09-23T15:19:44.627+0000] {logging_mixin.py:190} INFO - [2026-09-23T15:19:44.626+0000] {dag.py:3239} INFO - Sync 1 DAGs
[2026-09-23T15:19:44.768+0000] {logging_mixin.py:190} INFO - [2026-09-23T15:19:44.766+0000] {dag.py:4180} INFO - Setting next_dagrun for dss150p_sales_pipeline to 2026-09-23 02:00:00+00:00, run_after=2026-09-24 02:00:00+00:00
[2026-09-23T15:19:44.868+0000] {processor.py:208} INFO - Processing /opt/airflow/dags/dss150p_pipeline.py took 0.531 seconds
[2026-09-23T15:20:15.201+0000] {processor.py:186} INFO - Started process (PID=1838) to work on /opt/airflow/dags/dss150p_pipeline.py
[2026-09-23T15:20:15.209+0000] {processor.py:914} INFO - Processing file /opt/airflow/dags/dss150p_pipeline.py for tasks to queue
[2026-09-23T15:20:15.219+0000] {logging_mixin.py:190} INFO - [2026-09-23T15:20:15.218+0000] {dagbag.py:588} INFO - Filling up the DagBag from /opt/airflow/dags/dss150p_pipeline.py
[2026-09-23T15:20:15.310+0000] {processor.py:925} INFO - DAG(s) 'dss150p_sales_pipeline' retrieved from /opt/airflow/dags/dss150p_pipeline.py
[2026-09-23T15:20:15.462+0000] {logging_mixin.py:190} INFO - [2026-09-23T15:20:15.460+0000] {dag.py:3239} INFO - Sync 1 DAGs
[2026-09-23T15:20:15.770+0000] {logging_mixin.py:190} INFO - [2026-09-23T15:20:15.770+0000] {dag.py:4180} INFO - Setting next_dagrun for dss150p_sales_pipeline to 2026-09-23 02:00:00+00:00, run_after=2026-09-24 02:00:00+00:00
[2026-09-23T15:20:15.963+0000] {processor.py:208} INFO - Processing /opt/airflow/dags/dss150p_pipeline.py took 0.777 seconds
[2026-09-23T15:20:47.029+0000] {processor.py:186} INFO - Started process (PID=1843) to work on /opt/airflow/dags/dss150p_pipeline.py
[2026-09-23T15:20:47.032+0000] {processor.py:914} INFO - Processing file /opt/airflow/dags/dss150p_pipeline.py for tasks to queue
[2026-09-23T15:20:47.045+0000] {logging_mixin.py:190} INFO - [2026-09-23T15:20:47.044+0000] {dagbag.py:588} INFO - Filling up the DagBag from /opt/airflow/dags/dss150p_pipeline.py
[2026-09-23T15:20:47.109+0000] {processor.py:925} INFO - DAG(s) 'dss150p_sales_pipeline' retrieved from /opt/airflow/dags/dss150p_pipeline.py
[2026-09-23T15:20:47.272+0000] {logging_mixin.py:190} INFO - [2026-09-23T15:20:47.271+0000] {dag.py:3239} INFO - Sync 1 DAGs
[2026-09-23T15:20:47.464+0000] {logging_mixin.py:190} INFO - [2026-09-23T15:20:47.464+0000] {dag.py:4180} INFO - Setting next_dagrun for dss150p_sales_pipeline to 2026-09-23 02:00:00+00:00, run_after=2026-09-24 02:00:00+00:00
[2026-09-23T15:20:47.583+0000] {processor.py:208} INFO - Processing /opt/airflow/dags/dss150p_pipeline.py took 0.577 seconds
[2026-09-23T15:21:18.143+0000] {processor.py:186} INFO - Started process (PID=1848) to work on /opt/airflow/dags/dss150p_pipeline.py
[2026-09-23T15:21:18.189+0000] {processor.py:914} INFO - Processing file /opt/airflow/dags/dss150p_pipeline.py for tasks to queue
[2026-09-23T15:21:18.200+0000] {logging_mixin.py:190} INFO - [2026-09-23T15:21:18.199+0000] {dagbag.py:588} INFO - Filling up the DagBag from /opt/airflow/dags/dss150p_pipeline.py
[2026-09-23T15:21:18.267+0000] {processor.py:925} INFO - DAG(s) 'dss150p_sales_pipeline' retrieved from /opt/airflow/dags/dss150p_pipeline.py
[2026-09-23T15:21:18.668+0000] {logging_mixin.py:190} INFO - [2026-09-23T15:21:18.668+0000] {dag.py:3239} INFO - Sync 1 DAGs
[2026-09-23T15:21:18.795+0000] {logging_mixin.py:190} INFO - [2026-09-23T15:21:18.795+0000] {dag.py:4180} INFO - Setting next_dagrun for dss150p_sales_pipeline to 2026-09-23 02:00:00+00:00, run_after=2026-09-24 02:00:00+00:00
[2026-09-23T15:21:18.854+0000] {processor.py:208} INFO - Processing /opt/airflow/dags/dss150p_pipeline.py took 0.729 seconds
[2026-09-23T15:21:49.404+0000] {processor.py:186} INFO - Started process (PID=1853) to work on /opt/airflow/dags/dss150p_pipeline.py
[2026-09-23T15:21:49.407+0000] {processor.py:914} INFO - Processing file /opt/airflow/dags/dss150p_pipeline.py for tasks to queue
[2026-09-23T15:21:50.678+0000] {logging_mixin.py:190} INFO - [2026-09-23T15:21:50.678+0000] {dagbag.py:588} INFO - Filling up the DagBag from /opt/airflow/dags/dss150p_pipeline.py
[2026-09-23T15:21:51.177+0000] {processor.py:925} INFO - DAG(s) 'dss150p_sales_pipeline' retrieved from /opt/airflow/dags/dss150p_pipeline.py
[2026-09-23T15:21:51.809+0000] {logging_mixin.py:190} INFO - [2026-09-23T15:21:51.809+0000] {dag.py:3239} INFO - Sync 1 DAGs
[2026-09-23T15:21:51.917+0000] {logging_mixin.py:190} INFO - [2026-09-23T15:21:51.916+0000] {dag.py:4180} INFO - Setting next_dagrun for dss150p_sales_pipeline to 2026-09-23 02:00:00+00:00, run_after=2026-09-24 02:00:00+00:00
[2026-09-23T15:21:52.114+0000] {processor.py:208} INFO - Processing /opt/airflow/dags/dss150p_pipeline.py took 2.747 seconds
[2026-09-23T15:22:23.821+0000] {processor.py:186} INFO - Started process (PID=1858) to work on /opt/airflow/dags/dss150p_pipeline.py
[2026-09-23T15:22:23.826+0000] {processor.py:914} INFO - Processing file /opt/airflow/dags/dss150p_pipeline.py for tasks to queue
[2026-09-23T15:22:23.842+0000] {logging_mixin.py:190} INFO - [2026-09-23T15:22:23.841+0000] {dagbag.py:588} INFO - Filling up the DagBag from /opt/airflow/dags/dss150p_pipeline.py
[2026-09-23T15:22:23.936+0000] {processor.py:925} INFO - DAG(s) 'dss150p_sales_pipeline' retrieved from /opt/airflow/dags/dss150p_pipeline.py
[2026-09-23T15:22:24.770+0000] {logging_mixin.py:190} INFO - [2026-09-23T15:22:24.770+0000] {dag.py:3239} INFO - Sync 1 DAGs
[2026-09-23T15:22:25.248+0000] {logging_mixin.py:190} INFO - [2026-09-23T15:22:25.248+0000] {dag.py:4180} INFO - Setting next_dagrun for dss150p_sales_pipeline to 2026-09-23 02:00:00+00:00, run_after=2026-09-24 02:00:00+00:00
[2026-09-23T15:22:25.307+0000] {processor.py:208} INFO - Processing /opt/airflow/dags/dss150p_pipeline.py took 1.703 seconds
[2026-09-23T15:22:56.134+0000] {processor.py:186} INFO - Started process (PID=1863) to work on /opt/airflow/dags/dss150p_pipeline.py
[2026-09-23T15:22:56.136+0000] {processor.py:914} INFO - Processing file /opt/airflow/dags/dss150p_pipeline.py for tasks to queue
[2026-09-23T15:22:56.143+0000] {logging_mixin.py:190} INFO - [2026-09-23T15:22:56.142+0000] {dagbag.py:588} INFO - Filling up the DagBag from /opt/airflow/dags/dss150p_pipeline.py
[2026-09-23T15:22:56.180+0000] {processor.py:925} INFO - DAG(s) 'dss150p_sales_pipeline' retrieved from /opt/airflow/dags/dss150p_pipeline.py
[2026-09-23T15:22:56.327+0000] {logging_mixin.py:190} INFO - [2026-09-23T15:22:56.326+0000] {dag.py:3239} INFO - Sync 1 DAGs
[2026-09-23T15:22:56.431+0000] {logging_mixin.py:190} INFO - [2026-09-23T15:22:56.431+0000] {dag.py:4180} INFO - Setting next_dagrun for dss150p_sales_pipeline to 2026-09-23 02:00:00+00:00, run_after=2026-09-24 02:00:00+00:00
[2026-09-23T15:22:57.850+0000] {processor.py:208} INFO - Processing /opt/airflow/dags/dss150p_pipeline.py took 1.731 seconds
[2026-09-23T15:23:28.454+0000] {processor.py:186} INFO - Started process (PID=1868) to work on /opt/airflow/dags/dss150p_pipeline.py
[2026-09-23T15:23:28.457+0000] {processor.py:914} INFO - Processing file /opt/airflow/dags/dss150p_pipeline.py for tasks to queue
[2026-09-23T15:23:28.464+0000] {logging_mixin.py:190} INFO - [2026-09-23T15:23:28.463+0000] {dagbag.py:588} INFO - Filling up the DagBag from /opt/airflow/dags/dss150p_pipeline.py
[2026-09-23T15:23:28.500+0000] {processor.py:925} INFO - DAG(s) 'dss150p_sales_pipeline' retrieved from /opt/airflow/dags/dss150p_pipeline.py
[2026-09-23T15:23:28.640+0000] {logging_mixin.py:190} INFO - [2026-09-23T15:23:28.638+0000] {dag.py:3239} INFO - Sync 1 DAGs
[2026-09-23T15:23:28.839+0000] {logging_mixin.py:190} INFO - [2026-09-23T15:23:28.838+0000] {dag.py:4180} INFO - Setting next_dagrun for dss150p_sales_pipeline to 2026-09-23 02:00:00+00:00, run_after=2026-09-24 02:00:00+00:00
[2026-09-23T15:23:28.953+0000] {processor.py:208} INFO - Processing /opt/airflow/dags/dss150p_pipeline.py took 0.536 seconds
[2026-09-23T15:23:59.908+0000] {processor.py:186} INFO - Started process (PID=1873) to work on /opt/airflow/dags/dss150p_pipeline.py
[2026-09-23T15:23:59.912+0000] {processor.py:914} INFO - Processing file /opt/airflow/dags/dss150p_pipeline.py for tasks to queue
[2026-09-23T15:23:59.919+0000] {logging_mixin.py:190} INFO - [2026-09-23T15:23:59.919+0000] {dagbag.py:588} INFO - Filling up the DagBag from /opt/airflow/dags/dss150p_pipeline.py
[2026-09-23T15:23:59.971+0000] {processor.py:925} INFO - DAG(s) 'dss150p_sales_pipeline' retrieved from /opt/airflow/dags/dss150p_pipeline.py
[2026-09-23T15:24:00.167+0000] {logging_mixin.py:190} INFO - [2026-09-23T15:24:00.166+0000] {dag.py:3239} INFO - Sync 1 DAGs
[2026-09-23T15:24:00.261+0000] {logging_mixin.py:190} INFO - [2026-09-23T15:24:00.261+0000] {dag.py:4180} INFO - Setting next_dagrun for dss150p_sales_pipeline to 2026-09-23 02:00:00+00:00, run_after=2026-09-24 02:00:00+00:00
[2026-09-23T15:24:00.302+0000] {processor.py:208} INFO - Processing /opt/airflow/dags/dss150p_pipeline.py took 0.413 seconds
[2026-09-23T15:24:30.721+0000] {processor.py:186} INFO - Started process (PID=1878) to work on /opt/airflow/dags/dss150p_pipeline.py
[2026-09-23T15:24:30.813+0000] {processor.py:914} INFO - Processing file /opt/airflow/dags/dss150p_pipeline.py for tasks to queue
[2026-09-23T15:24:30.952+0000] {logging_mixin.py:190} INFO - [2026-09-23T15:24:30.952+0000] {dagbag.py:588} INFO - Filling up the DagBag from /opt/airflow/dags/dss150p_pipeline.py
[2026-09-23T15:24:31.152+0000] {processor.py:925} INFO - DAG(s) 'dss150p_sales_pipeline' retrieved from /opt/airflow/dags/dss150p_pipeline.py
[2026-09-23T15:24:31.444+0000] {logging_mixin.py:190} INFO - [2026-09-23T15:24:31.443+0000] {dag.py:3239} INFO - Sync 1 DAGs
[2026-09-23T15:24:31.600+0000] {logging_mixin.py:190} INFO - [2026-09-23T15:24:31.600+0000] {dag.py:4180} INFO - Setting next_dagrun for dss150p_sales_pipeline to 2026-09-23 02:00:00+00:00, run_after=2026-09-24 02:00:00+00:00
[2026-09-23T15:24:31.943+0000] {processor.py:208} INFO - Processing /opt/airflow/dags/dss150p_pipeline.py took 1.250 seconds
[2026-09-23T15:25:02.384+0000] {processor.py:186} INFO - Started process (PID=1883) to work on /opt/airflow/dags/dss150p_pipeline.py
[2026-09-23T15:25:02.387+0000] {processor.py:914} INFO - Processing file /opt/airflow/dags/dss150p_pipeline.py for tasks to queue
[2026-09-23T15:25:02.401+0000] {logging_mixin.py:190} INFO - [2026-09-23T15:25:02.400+0000] {dagbag.py:588} INFO - Filling up the DagBag from /opt/airflow/dags/dss150p_pipeline.py
[2026-09-23T15:25:02.484+0000] {processor.py:925} INFO - DAG(s) 'dss150p_sales_pipeline' retrieved from /opt/airflow/dags/dss150p_pipeline.py
[2026-09-23T15:25:02.604+0000] {logging_mixin.py:190} INFO - [2026-09-23T15:25:02.603+0000] {dag.py:3239} INFO - Sync 1 DAGs
[2026-09-23T15:25:02.667+0000] {logging_mixin.py:190} INFO - [2026-09-23T15:25:02.666+0000] {dag.py:4180} INFO - Setting next_dagrun for dss150p_sales_pipeline to 2026-09-23 02:00:00+00:00, run_after=2026-09-24 02:00:00+00:00
[2026-09-23T15:25:02.738+0000] {processor.py:208} INFO - Processing /opt/airflow/dags/dss150p_pipeline.py took 0.388 seconds
[2026-09-23T15:25:34.173+0000] {processor.py:186} INFO - Started process (PID=1888) to work on /opt/airflow/dags/dss150p_pipeline.py
[2026-09-23T15:25:34.227+0000] {processor.py:914} INFO - Processing file /opt/airflow/dags/dss150p_pipeline.py for tasks to queue
[2026-09-23T15:25:34.267+0000] {logging_mixin.py:190} INFO - [2026-09-23T15:25:34.266+0000] {dagbag.py:588} INFO - Filling up the DagBag from /opt/airflow/dags/dss150p_pipeline.py
[2026-09-23T15:25:34.823+0000] {processor.py:925} INFO - DAG(s) 'dss150p_sales_pipeline' retrieved from /opt/airflow/dags/dss150p_pipeline.py
[2026-09-23T15:25:37.449+0000] {logging_mixin.py:190} INFO - [2026-09-23T15:25:37.447+0000] {dag.py:3239} INFO - Sync 1 DAGs
[2026-09-23T15:25:39.190+0000] {logging_mixin.py:190} INFO - [2026-09-23T15:25:39.189+0000] {dag.py:4180} INFO - Setting next_dagrun for dss150p_sales_pipeline to 2026-09-23 02:00:00+00:00, run_after=2026-09-24 02:00:00+00:00
[2026-09-23T15:25:39.495+0000] {processor.py:208} INFO - Processing /opt/airflow/dags/dss150p_pipeline.py took 5.876 seconds
[2026-09-23T15:26:10.388+0000] {processor.py:186} INFO - Started process (PID=1893) to work on /opt/airflow/dags/dss150p_pipeline.py
[2026-09-23T15:26:10.391+0000] {processor.py:914} INFO - Processing file /opt/airflow/dags/dss150p_pipeline.py for tasks to queue
[2026-09-23T15:26:10.399+0000] {logging_mixin.py:190} INFO - [2026-09-23T15:26:10.398+0000] {dagbag.py:588} INFO - Filling up the DagBag from /opt/airflow/dags/dss150p_pipeline.py
[2026-09-23T15:26:10.487+0000] {processor.py:925} INFO - DAG(s) 'dss150p_sales_pipeline' retrieved from /opt/airflow/dags/dss150p_pipeline.py
[2026-09-23T15:26:10.603+0000] {logging_mixin.py:190} INFO - [2026-09-23T15:26:10.603+0000] {dag.py:3239} INFO - Sync 1 DAGs
[2026-09-23T15:26:10.684+0000] {logging_mixin.py:190} INFO - [2026-09-23T15:26:10.683+0000] {dag.py:4180} INFO - Setting next_dagrun for dss150p_sales_pipeline to 2026-09-23 02:00:00+00:00, run_after=2026-09-24 02:00:00+00:00
[2026-09-23T15:26:10.724+0000] {processor.py:208} INFO - Processing /opt/airflow/dags/dss150p_pipeline.py took 0.353 seconds
[2026-09-23T15:26:40.839+0000] {processor.py:186} INFO - Started process (PID=1898) to work on /opt/airflow/dags/dss150p_pipeline.py
[2026-09-23T15:26:40.842+0000] {processor.py:914} INFO - Processing file /opt/airflow/dags/dss150p_pipeline.py for tasks to queue
[2026-09-23T15:26:40.850+0000] {logging_mixin.py:190} INFO - [2026-09-23T15:26:40.849+0000] {dagbag.py:588} INFO - Filling up the DagBag from /opt/airflow/dags/dss150p_pipeline.py
[2026-09-23T15:26:40.909+0000] {processor.py:925} INFO - DAG(s) 'dss150p_sales_pipeline' retrieved from /opt/airflow/dags/dss150p_pipeline.py
[2026-09-23T15:26:41.064+0000] {logging_mixin.py:190} INFO - [2026-09-23T15:26:41.064+0000] {dag.py:3239} INFO - Sync 1 DAGs
[2026-09-23T15:26:41.183+0000] {logging_mixin.py:190} INFO - [2026-09-23T15:26:41.182+0000] {dag.py:4180} INFO - Setting next_dagrun for dss150p_sales_pipeline to 2026-09-23 02:00:00+00:00, run_after=2026-09-24 02:00:00+00:00
[2026-09-23T15:26:41.272+0000] {processor.py:208} INFO - Processing /opt/airflow/dags/dss150p_pipeline.py took 0.453 seconds
[2026-09-23T15:27:11.916+0000] {processor.py:186} INFO - Started process (PID=1903) to work on /opt/airflow/dags/dss150p_pipeline.py
[2026-09-23T15:27:11.918+0000] {processor.py:914} INFO - Processing file /opt/airflow/dags/dss150p_pipeline.py for tasks to queue
[2026-09-23T15:27:11.925+0000] {logging_mixin.py:190} INFO - [2026-09-23T15:27:11.924+0000] {dagbag.py:588} INFO - Filling up the DagBag from /opt/airflow/dags/dss150p_pipeline.py
[2026-09-23T15:27:12.026+0000] {processor.py:925} INFO - DAG(s) 'dss150p_sales_pipeline' retrieved from /opt/airflow/dags/dss150p_pipeline.py
[2026-09-23T15:27:12.509+0000] {logging_mixin.py:190} INFO - [2026-09-23T15:27:12.508+0000] {dag.py:3239} INFO - Sync 1 DAGs
[2026-09-23T15:27:12.649+0000] {logging_mixin.py:190} INFO - [2026-09-23T15:27:12.623+0000] {dag.py:4180} INFO - Setting next_dagrun for dss150p_sales_pipeline to 2026-09-23 02:00:00+00:00, run_after=2026-09-24 02:00:00+00:00
[2026-09-23T15:27:12.819+0000] {processor.py:208} INFO - Processing /opt/airflow/dags/dss150p_pipeline.py took 0.925 seconds
[2026-09-23T15:27:43.554+0000] {processor.py:186} INFO - Started process (PID=1908) to work on /opt/airflow/dags/dss150p_pipeline.py
[2026-09-23T15:27:43.556+0000] {processor.py:914} INFO - Processing file /opt/airflow/dags/dss150p_pipeline.py for tasks to queue
[2026-09-23T15:27:43.588+0000] {logging_mixin.py:190} INFO - [2026-09-23T15:27:43.571+0000] {dagbag.py:588} INFO - Filling up the DagBag from /opt/airflow/dags/dss150p_pipeline.py
[2026-09-23T15:27:43.658+0000] {processor.py:925} INFO - DAG(s) 'dss150p_sales_pipeline' retrieved from /opt/airflow/dags/dss150p_pipeline.py
[2026-09-23T15:27:43.778+0000] {logging_mixin.py:190} INFO - [2026-09-23T15:27:43.778+0000] {dag.py:3239} INFO - Sync 1 DAGs
[2026-09-23T15:27:43.830+0000] {logging_mixin.py:190} INFO - [2026-09-23T15:27:43.830+0000] {dag.py:4180} INFO - Setting next_dagrun for dss150p_sales_pipeline to 2026-09-23 02:00:00+00:00, run_after=2026-09-24 02:00:00+00:00
[2026-09-23T15:27:43.901+0000] {processor.py:208} INFO - Processing /opt/airflow/dags/dss150p_pipeline.py took 0.371 seconds
[2026-09-23T15:28:14.049+0000] {processor.py:186} INFO - Started process (PID=1913) to work on /opt/airflow/dags/dss150p_pipeline.py
[2026-09-23T15:28:14.054+0000] {processor.py:914} INFO - Processing file /opt/airflow/dags/dss150p_pipeline.py for tasks to queue
[2026-09-23T15:28:14.057+0000] {logging_mixin.py:190} INFO - [2026-09-23T15:28:14.057+0000] {dagbag.py:588} INFO - Filling up the DagBag from /opt/airflow/dags/dss150p_pipeline.py
[2026-09-23T15:28:14.098+0000] {processor.py:925} INFO - DAG(s) 'dss150p_sales_pipeline' retrieved from /opt/airflow/dags/dss150p_pipeline.py
[2026-09-23T15:28:14.200+0000] {logging_mixin.py:190} INFO - [2026-09-23T15:28:14.200+0000] {dag.py:3239} INFO - Sync 1 DAGs
[2026-09-23T15:28:14.294+0000] {logging_mixin.py:190} INFO - [2026-09-23T15:28:14.294+0000] {dag.py:4180} INFO - Setting next_dagrun for dss150p_sales_pipeline to 2026-09-23 02:00:00+00:00, run_after=2026-09-24 02:00:00+00:00
[2026-09-23T15:28:14.527+0000] {processor.py:208} INFO - Processing /opt/airflow/dags/dss150p_pipeline.py took 0.500 seconds
[2026-09-23T15:28:45.048+0000] {processor.py:186} INFO - Started process (PID=1918) to work on /opt/airflow/dags/dss150p_pipeline.py
[2026-09-23T15:28:45.050+0000] {processor.py:914} INFO - Processing file /opt/airflow/dags/dss150p_pipeline.py for tasks to queue
[2026-09-23T15:28:45.058+0000] {logging_mixin.py:190} INFO - [2026-09-23T15:28:45.057+0000] {dagbag.py:588} INFO - Filling up the DagBag from /opt/airflow/dags/dss150p_pipeline.py
[2026-09-23T15:28:45.106+0000] {processor.py:925} INFO - DAG(s) 'dss150p_sales_pipeline' retrieved from /opt/airflow/dags/dss150p_pipeline.py
[2026-09-23T15:28:45.341+0000] {logging_mixin.py:190} INFO - [2026-09-23T15:28:45.340+0000] {dag.py:3239} INFO - Sync 1 DAGs
[2026-09-23T15:28:45.442+0000] {logging_mixin.py:190} INFO - [2026-09-23T15:28:45.441+0000] {dag.py:4180} INFO - Setting next_dagrun for dss150p_sales_pipeline to 2026-09-23 02:00:00+00:00, run_after=2026-09-24 02:00:00+00:00
[2026-09-23T15:28:45.513+0000] {processor.py:208} INFO - Processing /opt/airflow/dags/dss150p_pipeline.py took 0.483 seconds
[2026-09-23T15:29:16.105+0000] {processor.py:186} INFO - Started process (PID=1923) to work on /opt/airflow/dags/dss150p_pipeline.py
[2026-09-23T15:29:16.117+0000] {processor.py:914} INFO - Processing file /opt/airflow/dags/dss150p_pipeline.py for tasks to queue
[2026-09-23T15:29:16.123+0000] {logging_mixin.py:190} INFO - [2026-09-23T15:29:16.122+0000] {dagbag.py:588} INFO - Filling up the DagBag from /opt/airflow/dags/dss150p_pipeline.py
[2026-09-23T15:29:16.216+0000] {processor.py:925} INFO - DAG(s) 'dss150p_sales_pipeline' retrieved from /opt/airflow/dags/dss150p_pipeline.py
[2026-09-23T15:29:16.390+0000] {logging_mixin.py:190} INFO - [2026-09-23T15:29:16.389+0000] {dag.py:3239} INFO - Sync 1 DAGs
[2026-09-23T15:29:16.594+0000] {logging_mixin.py:190} INFO - [2026-09-23T15:29:16.594+0000] {dag.py:4180} INFO - Setting next_dagrun for dss150p_sales_pipeline to 2026-09-23 02:00:00+00:00, run_after=2026-09-24 02:00:00+00:00
[2026-09-23T15:29:16.976+0000] {processor.py:208} INFO - Processing /opt/airflow/dags/dss150p_pipeline.py took 0.898 seconds
[2026-09-23T15:29:47.742+0000] {processor.py:186} INFO - Started process (PID=1928) to work on /opt/airflow/dags/dss150p_pipeline.py
[2026-09-23T15:29:47.756+0000] {processor.py:914} INFO - Processing file /opt/airflow/dags/dss150p_pipeline.py for tasks to queue
[2026-09-23T15:29:47.765+0000] {logging_mixin.py:190} INFO - [2026-09-23T15:29:47.764+0000] {dagbag.py:588} INFO - Filling up the DagBag from /opt/airflow/dags/dss150p_pipeline.py
[2026-09-23T15:29:47.995+0000] {processor.py:925} INFO - DAG(s) 'dss150p_sales_pipeline' retrieved from /opt/airflow/dags/dss150p_pipeline.py
[2026-09-23T15:29:48.492+0000] {logging_mixin.py:190} INFO - [2026-09-23T15:29:48.492+0000] {dag.py:3239} INFO - Sync 1 DAGs
[2026-09-23T15:29:48.601+0000] {logging_mixin.py:190} INFO - [2026-09-23T15:29:48.601+0000] {dag.py:4180} INFO - Setting next_dagrun for dss150p_sales_pipeline to 2026-09-23 02:00:00+00:00, run_after=2026-09-24 02:00:00+00:00
[2026-09-23T15:29:48.660+0000] {processor.py:208} INFO - Processing /opt/airflow/dags/dss150p_pipeline.py took 0.941 seconds
[2026-09-23T15:30:19.346+0000] {processor.py:186} INFO - Started process (PID=1933) to work on /opt/airflow/dags/dss150p_pipeline.py
[2026-09-23T15:30:19.413+0000] {processor.py:914} INFO - Processing file /opt/airflow/dags/dss150p_pipeline.py for tasks to queue
[2026-09-23T15:30:19.424+0000] {logging_mixin.py:190} INFO - [2026-09-23T15:30:19.424+0000] {dagbag.py:588} INFO - Filling up the DagBag from /opt/airflow/dags/dss150p_pipeline.py
[2026-09-23T15:30:19.507+0000] {processor.py:925} INFO - DAG(s) 'dss150p_sales_pipeline' retrieved from /opt/airflow/dags/dss150p_pipeline.py
[2026-09-23T15:30:20.106+0000] {logging_mixin.py:190} INFO - [2026-09-23T15:30:20.105+0000] {dag.py:3239} INFO - Sync 1 DAGs
[2026-09-23T15:30:20.294+0000] {logging_mixin.py:190} INFO - [2026-09-23T15:30:20.293+0000] {dag.py:4180} INFO - Setting next_dagrun for dss150p_sales_pipeline to 2026-09-23 02:00:00+00:00, run_after=2026-09-24 02:00:00+00:00
[2026-09-23T15:30:20.619+0000] {processor.py:208} INFO - Processing /opt/airflow/dags/dss150p_pipeline.py took 1.290 seconds
[2026-09-23T15:30:51.257+0000] {processor.py:186} INFO - Started process (PID=1938) to work on /opt/airflow/dags/dss150p_pipeline.py
[2026-09-23T15:30:51.261+0000] {processor.py:914} INFO - Processing file /opt/airflow/dags/dss150p_pipeline.py for tasks to queue
[2026-09-23T15:30:51.280+0000] {logging_mixin.py:190} INFO - [2026-09-23T15:30:51.274+0000] {dagbag.py:588} INFO - Filling up the DagBag from /opt/airflow/dags/dss150p_pipeline.py
[2026-09-23T15:30:52.139+0000] {processor.py:925} INFO - DAG(s) 'dss150p_sales_pipeline' retrieved from /opt/airflow/dags/dss150p_pipeline.py
[2026-09-23T15:30:53.219+0000] {logging_mixin.py:190} INFO - [2026-09-23T15:30:53.218+0000] {dag.py:3239} INFO - Sync 1 DAGs
[2026-09-23T15:30:54.762+0000] {logging_mixin.py:190} INFO - [2026-09-23T15:30:54.760+0000] {dag.py:4180} INFO - Setting next_dagrun for dss150p_sales_pipeline to 2026-09-23 02:00:00+00:00, run_after=2026-09-24 02:00:00+00:00
[2026-09-23T15:30:54.899+0000] {processor.py:208} INFO - Processing /opt/airflow/dags/dss150p_pipeline.py took 3.683 seconds
[2026-09-23T15:31:26.119+0000] {processor.py:186} INFO - Started process (PID=1943) to work on /opt/airflow/dags/dss150p_pipeline.py
[2026-09-23T15:31:26.121+0000] {processor.py:914} INFO - Processing file /opt/airflow/dags/dss150p_pipeline.py for tasks to queue
[2026-09-23T15:31:26.135+0000] {logging_mixin.py:190} INFO - [2026-09-23T15:31:26.134+0000] {dagbag.py:588} INFO - Filling up the DagBag from /opt/airflow/dags/dss150p_pipeline.py
[2026-09-23T15:31:26.188+0000] {processor.py:925} INFO - DAG(s) 'dss150p_sales_pipeline' retrieved from /opt/airflow/dags/dss150p_pipeline.py
[2026-09-23T15:31:26.341+0000] {logging_mixin.py:190} INFO - [2026-09-23T15:31:26.340+0000] {dag.py:3239} INFO - Sync 1 DAGs
[2026-09-23T15:31:26.557+0000] {logging_mixin.py:190} INFO - [2026-09-23T15:31:26.557+0000] {dag.py:4180} INFO - Setting next_dagrun for dss150p_sales_pipeline to 2026-09-23 02:00:00+00:00, run_after=2026-09-24 02:00:00+00:00
[2026-09-23T15:31:26.666+0000] {processor.py:208} INFO - Processing /opt/airflow/dags/dss150p_pipeline.py took 0.562 seconds
[2026-09-23T15:31:57.446+0000] {processor.py:186} INFO - Started process (PID=1948) to work on /opt/airflow/dags/dss150p_pipeline.py
[2026-09-23T15:31:57.448+0000] {processor.py:914} INFO - Processing file /opt/airflow/dags/dss150p_pipeline.py for tasks to queue
[2026-09-23T15:31:57.464+0000] {logging_mixin.py:190} INFO - [2026-09-23T15:31:57.462+0000] {dagbag.py:588} INFO - Filling up the DagBag from /opt/airflow/dags/dss150p_pipeline.py
[2026-09-23T15:31:57.545+0000] {processor.py:925} INFO - DAG(s) 'dss150p_sales_pipeline' retrieved from /opt/airflow/dags/dss150p_pipeline.py
[2026-09-23T15:31:57.848+0000] {logging_mixin.py:190} INFO - [2026-09-23T15:31:57.847+0000] {dag.py:3239} INFO - Sync 1 DAGs
[2026-09-23T15:31:57.945+0000] {logging_mixin.py:190} INFO - [2026-09-23T15:31:57.945+0000] {dag.py:4180} INFO - Setting next_dagrun for dss150p_sales_pipeline to 2026-09-23 02:00:00+00:00, run_after=2026-09-24 02:00:00+00:00
[2026-09-23T15:31:57.999+0000] {processor.py:208} INFO - Processing /opt/airflow/dags/dss150p_pipeline.py took 0.586 seconds
[2026-09-23T15:32:28.353+0000] {processor.py:186} INFO - Started process (PID=1953) to work on /opt/airflow/dags/dss150p_pipeline.py
[2026-09-23T15:32:28.356+0000] {processor.py:914} INFO - Processing file /opt/airflow/dags/dss150p_pipeline.py for tasks to queue
[2026-09-23T15:32:28.366+0000] {logging_mixin.py:190} INFO - [2026-09-23T15:32:28.365+0000] {dagbag.py:588} INFO - Filling up the DagBag from /opt/airflow/dags/dss150p_pipeline.py
[2026-09-23T15:32:28.415+0000] {processor.py:925} INFO - DAG(s) 'dss150p_sales_pipeline' retrieved from /opt/airflow/dags/dss150p_pipeline.py
[2026-09-23T15:32:28.599+0000] {logging_mixin.py:190} INFO - [2026-09-23T15:32:28.599+0000] {dag.py:3239} INFO - Sync 1 DAGs
[2026-09-23T15:32:28.866+0000] {logging_mixin.py:190} INFO - [2026-09-23T15:32:28.864+0000] {dag.py:4180} INFO - Setting next_dagrun for dss150p_sales_pipeline to 2026-09-23 02:00:00+00:00, run_after=2026-09-24 02:00:00+00:00
[2026-09-23T15:32:29.029+0000] {processor.py:208} INFO - Processing /opt/airflow/dags/dss150p_pipeline.py took 0.695 seconds
[2026-09-23T15:32:59.919+0000] {processor.py:186} INFO - Started process (PID=1958) to work on /opt/airflow/dags/dss150p_pipeline.py
[2026-09-23T15:32:59.924+0000] {processor.py:914} INFO - Processing file /opt/airflow/dags/dss150p_pipeline.py for tasks to queue
[2026-09-23T15:32:59.932+0000] {logging_mixin.py:190} INFO - [2026-09-23T15:32:59.931+0000] {dagbag.py:588} INFO - Filling up the DagBag from /opt/airflow/dags/dss150p_pipeline.py
[2026-09-23T15:33:00.003+0000] {processor.py:925} INFO - DAG(s) 'dss150p_sales_pipeline' retrieved from /opt/airflow/dags/dss150p_pipeline.py
[2026-09-23T15:33:00.270+0000] {logging_mixin.py:190} INFO - [2026-09-23T15:33:00.270+0000] {dag.py:3239} INFO - Sync 1 DAGs
[2026-09-23T15:33:00.486+0000] {logging_mixin.py:190} INFO - [2026-09-23T15:33:00.484+0000] {dag.py:4180} INFO - Setting next_dagrun for dss150p_sales_pipeline to 2026-09-23 02:00:00+00:00, run_after=2026-09-24 02:00:00+00:00
[2026-09-23T15:33:00.612+0000] {processor.py:208} INFO - Processing /opt/airflow/dags/dss150p_pipeline.py took 0.713 seconds
[2026-09-23T15:33:31.403+0000] {processor.py:186} INFO - Started process (PID=1963) to work on /opt/airflow/dags/dss150p_pipeline.py
[2026-09-23T15:33:31.408+0000] {processor.py:914} INFO - Processing file /opt/airflow/dags/dss150p_pipeline.py for tasks to queue
[2026-09-23T15:33:31.434+0000] {logging_mixin.py:190} INFO - [2026-09-23T15:33:31.434+0000] {dagbag.py:588} INFO - Filling up the DagBag from /opt/airflow/dags/dss150p_pipeline.py
[2026-09-23T15:33:31.665+0000] {processor.py:925} INFO - DAG(s) 'dss150p_sales_pipeline' retrieved from /opt/airflow/dags/dss150p_pipeline.py
[2026-09-23T15:33:32.032+0000] {logging_mixin.py:190} INFO - [2026-09-23T15:33:32.032+0000] {dag.py:3239} INFO - Sync 1 DAGs
[2026-09-23T15:33:32.291+0000] {logging_mixin.py:190} INFO - [2026-09-23T15:33:32.290+0000] {dag.py:4180} INFO - Setting next_dagrun for dss150p_sales_pipeline to 2026-09-23 02:00:00+00:00, run_after=2026-09-24 02:00:00+00:00
[2026-09-23T15:33:32.353+0000] {processor.py:208} INFO - Processing /opt/airflow/dags/dss150p_pipeline.py took 0.982 seconds
[2026-09-23T15:34:03.542+0000] {processor.py:186} INFO - Started process (PID=1968) to work on /opt/airflow/dags/dss150p_pipeline.py
[2026-09-23T15:34:03.798+0000] {processor.py:914} INFO - Processing file /opt/airflow/dags/dss150p_pipeline.py for tasks to queue
[2026-09-23T15:34:03.805+0000] {logging_mixin.py:190} INFO - [2026-09-23T15:34:03.804+0000] {dagbag.py:588} INFO - Filling up the DagBag from /opt/airflow/dags/dss150p_pipeline.py
[2026-09-23T15:34:03.883+0000] {processor.py:925} INFO - DAG(s) 'dss150p_sales_pipeline' retrieved from /opt/airflow/dags/dss150p_pipeline.py
[2026-09-23T15:34:04.775+0000] {logging_mixin.py:190} INFO - [2026-09-23T15:34:04.774+0000] {dag.py:3239} INFO - Sync 1 DAGs
[2026-09-23T15:34:05.444+0000] {logging_mixin.py:190} INFO - [2026-09-23T15:34:05.404+0000] {dag.py:4180} INFO - Setting next_dagrun for dss150p_sales_pipeline to 2026-09-23 02:00:00+00:00, run_after=2026-09-24 02:00:00+00:00
[2026-09-23T15:34:05.521+0000] {processor.py:208} INFO - Processing /opt/airflow/dags/dss150p_pipeline.py took 1.999 seconds
[2026-09-23T15:34:36.645+0000] {processor.py:186} INFO - Started process (PID=1973) to work on /opt/airflow/dags/dss150p_pipeline.py
[2026-09-23T15:34:36.648+0000] {processor.py:914} INFO - Processing file /opt/airflow/dags/dss150p_pipeline.py for tasks to queue
[2026-09-23T15:34:36.663+0000] {logging_mixin.py:190} INFO - [2026-09-23T15:34:36.661+0000] {dagbag.py:588} INFO - Filling up the DagBag from /opt/airflow/dags/dss150p_pipeline.py
[2026-09-23T15:34:36.805+0000] {processor.py:925} INFO - DAG(s) 'dss150p_sales_pipeline' retrieved from /opt/airflow/dags/dss150p_pipeline.py
[2026-09-23T15:34:37.047+0000] {logging_mixin.py:190} INFO - [2026-09-23T15:34:37.047+0000] {dag.py:3239} INFO - Sync 1 DAGs
[2026-09-23T15:34:37.205+0000] {logging_mixin.py:190} INFO - [2026-09-23T15:34:37.202+0000] {dag.py:4180} INFO - Setting next_dagrun for dss150p_sales_pipeline to 2026-09-23 02:00:00+00:00, run_after=2026-09-24 02:00:00+00:00
[2026-09-23T15:34:37.350+0000] {processor.py:208} INFO - Processing /opt/airflow/dags/dss150p_pipeline.py took 0.726 seconds
[2026-09-23T15:35:07.707+0000] {processor.py:186} INFO - Started process (PID=1978) to work on /opt/airflow/dags/dss150p_pipeline.py
[2026-09-23T15:35:07.736+0000] {processor.py:914} INFO - Processing file /opt/airflow/dags/dss150p_pipeline.py for tasks to queue
[2026-09-23T15:35:07.771+0000] {logging_mixin.py:190} INFO - [2026-09-23T15:35:07.769+0000] {dagbag.py:588} INFO - Filling up the DagBag from /opt/airflow/dags/dss150p_pipeline.py
[2026-09-23T15:35:07.924+0000] {processor.py:925} INFO - DAG(s) 'dss150p_sales_pipeline' retrieved from /opt/airflow/dags/dss150p_pipeline.py
[2026-09-23T15:35:08.371+0000] {logging_mixin.py:190} INFO - [2026-09-23T15:35:08.369+0000] {dag.py:3239} INFO - Sync 1 DAGs
[2026-09-23T15:35:08.537+0000] {logging_mixin.py:190} INFO - [2026-09-23T15:35:08.536+0000] {dag.py:4180} INFO - Setting next_dagrun for dss150p_sales_pipeline to 2026-09-23 02:00:00+00:00, run_after=2026-09-24 02:00:00+00:00
[2026-09-23T15:35:08.637+0000] {processor.py:208} INFO - Processing /opt/airflow/dags/dss150p_pipeline.py took 0.974 seconds
[2026-09-23T15:35:40.506+0000] {processor.py:186} INFO - Started process (PID=1983) to work on /opt/airflow/dags/dss150p_pipeline.py
[2026-09-23T15:35:40.626+0000] {processor.py:914} INFO - Processing file /opt/airflow/dags/dss150p_pipeline.py for tasks to queue
[2026-09-23T15:35:40.637+0000] {logging_mixin.py:190} INFO - [2026-09-23T15:35:40.636+0000] {dagbag.py:588} INFO - Filling up the DagBag from /opt/airflow/dags/dss150p_pipeline.py
[2026-09-23T15:35:40.853+0000] {processor.py:925} INFO - DAG(s) 'dss150p_sales_pipeline' retrieved from /opt/airflow/dags/dss150p_pipeline.py
[2026-09-23T15:35:41.845+0000] {logging_mixin.py:190} INFO - [2026-09-23T15:35:41.842+0000] {dag.py:3239} INFO - Sync 1 DAGs
[2026-09-23T15:35:41.975+0000] {logging_mixin.py:190} INFO - [2026-09-23T15:35:41.974+0000] {dag.py:4180} INFO - Setting next_dagrun for dss150p_sales_pipeline to 2026-09-23 02:00:00+00:00, run_after=2026-09-24 02:00:00+00:00
[2026-09-23T15:35:42.365+0000] {processor.py:208} INFO - Processing /opt/airflow/dags/dss150p_pipeline.py took 2.107 seconds
[2026-09-23T15:36:13.288+0000] {processor.py:186} INFO - Started process (PID=1988) to work on /opt/airflow/dags/dss150p_pipeline.py
[2026-09-23T15:36:13.291+0000] {processor.py:914} INFO - Processing file /opt/airflow/dags/dss150p_pipeline.py for tasks to queue
[2026-09-23T15:36:13.298+0000] {logging_mixin.py:190} INFO - [2026-09-23T15:36:13.297+0000] {dagbag.py:588} INFO - Filling up the DagBag from /opt/airflow/dags/dss150p_pipeline.py
[2026-09-23T15:36:13.335+0000] {processor.py:925} INFO - DAG(s) 'dss150p_sales_pipeline' retrieved from /opt/airflow/dags/dss150p_pipeline.py
[2026-09-23T15:36:13.642+0000] {logging_mixin.py:190} INFO - [2026-09-23T15:36:13.641+0000] {dag.py:3239} INFO - Sync 1 DAGs
[2026-09-23T15:36:13.765+0000] {logging_mixin.py:190} INFO - [2026-09-23T15:36:13.765+0000] {dag.py:4180} INFO - Setting next_dagrun for dss150p_sales_pipeline to 2026-09-23 02:00:00+00:00, run_after=2026-09-24 02:00:00+00:00
[2026-09-23T15:36:13.811+0000] {processor.py:208} INFO - Processing /opt/airflow/dags/dss150p_pipeline.py took 0.544 seconds
[2026-09-23T15:36:44.205+0000] {processor.py:186} INFO - Started process (PID=1993) to work on /opt/airflow/dags/dss150p_pipeline.py
[2026-09-23T15:36:44.252+0000] {processor.py:914} INFO - Processing file /opt/airflow/dags/dss150p_pipeline.py for tasks to queue
[2026-09-23T15:36:44.262+0000] {logging_mixin.py:190} INFO - [2026-09-23T15:36:44.259+0000] {dagbag.py:588} INFO - Filling up the DagBag from /opt/airflow/dags/dss150p_pipeline.py
[2026-09-23T15:36:44.425+0000] {processor.py:925} INFO - DAG(s) 'dss150p_sales_pipeline' retrieved from /opt/airflow/dags/dss150p_pipeline.py
[2026-09-23T15:36:44.896+0000] {logging_mixin.py:190} INFO - [2026-09-23T15:36:44.895+0000] {dag.py:3239} INFO - Sync 1 DAGs
[2026-09-23T15:36:45.066+0000] {logging_mixin.py:190} INFO - [2026-09-23T15:36:45.066+0000] {dag.py:4180} INFO - Setting next_dagrun for dss150p_sales_pipeline to 2026-09-23 02:00:00+00:00, run_after=2026-09-24 02:00:00+00:00
[2026-09-23T15:36:45.116+0000] {processor.py:208} INFO - Processing /opt/airflow/dags/dss150p_pipeline.py took 0.939 seconds
[2026-09-23T15:37:16.120+0000] {processor.py:186} INFO - Started process (PID=1998) to work on /opt/airflow/dags/dss150p_pipeline.py
[2026-09-23T15:37:16.168+0000] {processor.py:914} INFO - Processing file /opt/airflow/dags/dss150p_pipeline.py for tasks to queue
[2026-09-23T15:37:16.182+0000] {logging_mixin.py:190} INFO - [2026-09-23T15:37:16.176+0000] {dagbag.py:588} INFO - Filling up the DagBag from /opt/airflow/dags/dss150p_pipeline.py
[2026-09-23T15:37:16.297+0000] {processor.py:925} INFO - DAG(s) 'dss150p_sales_pipeline' retrieved from /opt/airflow/dags/dss150p_pipeline.py
[2026-09-23T15:37:16.541+0000] {logging_mixin.py:190} INFO - [2026-09-23T15:37:16.540+0000] {dag.py:3239} INFO - Sync 1 DAGs
[2026-09-23T15:37:16.628+0000] {logging_mixin.py:190} INFO - [2026-09-23T15:37:16.627+0000] {dag.py:4180} INFO - Setting next_dagrun for dss150p_sales_pipeline to 2026-09-23 02:00:00+00:00, run_after=2026-09-24 02:00:00+00:00
[2026-09-23T15:37:16.722+0000] {processor.py:208} INFO - Processing /opt/airflow/dags/dss150p_pipeline.py took 0.757 seconds
[2026-09-23T15:37:47.285+0000] {processor.py:186} INFO - Started process (PID=2003) to work on /opt/airflow/dags/dss150p_pipeline.py
[2026-09-23T15:37:47.288+0000] {processor.py:914} INFO - Processing file /opt/airflow/dags/dss150p_pipeline.py for tasks to queue
[2026-09-23T15:37:47.296+0000] {logging_mixin.py:190} INFO - [2026-09-23T15:37:47.295+0000] {dagbag.py:588} INFO - Filling up the DagBag from /opt/airflow/dags/dss150p_pipeline.py
[2026-09-23T15:37:47.324+0000] {processor.py:925} INFO - DAG(s) 'dss150p_sales_pipeline' retrieved from /opt/airflow/dags/dss150p_pipeline.py
[2026-09-23T15:37:47.421+0000] {logging_mixin.py:190} INFO - [2026-09-23T15:37:47.420+0000] {dag.py:3239} INFO - Sync 1 DAGs
[2026-09-23T15:37:47.488+0000] {logging_mixin.py:190} INFO - [2026-09-23T15:37:47.488+0000] {dag.py:4180} INFO - Setting next_dagrun for dss150p_sales_pipeline to 2026-09-23 02:00:00+00:00, run_after=2026-09-24 02:00:00+00:00
[2026-09-23T15:37:47.527+0000] {processor.py:208} INFO - Processing /opt/airflow/dags/dss150p_pipeline.py took 0.255 seconds
[2026-09-23T15:38:17.915+0000] {processor.py:186} INFO - Started process (PID=2008) to work on /opt/airflow/dags/dss150p_pipeline.py
[2026-09-23T15:38:17.919+0000] {processor.py:914} INFO - Processing file /opt/airflow/dags/dss150p_pipeline.py for tasks to queue
[2026-09-23T15:38:17.924+0000] {logging_mixin.py:190} INFO - [2026-09-23T15:38:17.924+0000] {dagbag.py:588} INFO - Filling up the DagBag from /opt/airflow/dags/dss150p_pipeline.py
[2026-09-23T15:38:17.972+0000] {processor.py:925} INFO - DAG(s) 'dss150p_sales_pipeline' retrieved from /opt/airflow/dags/dss150p_pipeline.py
[2026-09-23T15:38:18.218+0000] {logging_mixin.py:190} INFO - [2026-09-23T15:38:18.217+0000] {dag.py:3239} INFO - Sync 1 DAGs
[2026-09-23T15:38:18.492+0000] {logging_mixin.py:190} INFO - [2026-09-23T15:38:18.492+0000] {dag.py:4180} INFO - Setting next_dagrun for dss150p_sales_pipeline to 2026-09-23 02:00:00+00:00, run_after=2026-09-24 02:00:00+00:00
[2026-09-23T15:38:18.598+0000] {processor.py:208} INFO - Processing /opt/airflow/dags/dss150p_pipeline.py took 0.698 seconds
[2026-09-23T15:38:49.025+0000] {processor.py:186} INFO - Started process (PID=2013) to work on /opt/airflow/dags/dss150p_pipeline.py
[2026-09-23T15:38:49.093+0000] {processor.py:914} INFO - Processing file /opt/airflow/dags/dss150p_pipeline.py for tasks to queue
[2026-09-23T15:38:49.159+0000] {logging_mixin.py:190} INFO - [2026-09-23T15:38:49.105+0000] {dagbag.py:588} INFO - Filling up the DagBag from /opt/airflow/dags/dss150p_pipeline.py
[2026-09-23T15:38:49.211+0000] {processor.py:925} INFO - DAG(s) 'dss150p_sales_pipeline' retrieved from /opt/airflow/dags/dss150p_pipeline.py
[2026-09-23T15:38:49.368+0000] {logging_mixin.py:190} INFO - [2026-09-23T15:38:49.368+0000] {dag.py:3239} INFO - Sync 1 DAGs
[2026-09-23T15:38:49.478+0000] {logging_mixin.py:190} INFO - [2026-09-23T15:38:49.478+0000] {dag.py:4180} INFO - Setting next_dagrun for dss150p_sales_pipeline to 2026-09-23 02:00:00+00:00, run_after=2026-09-24 02:00:00+00:00
[2026-09-23T15:38:49.536+0000] {processor.py:208} INFO - Processing /opt/airflow/dags/dss150p_pipeline.py took 0.614 seconds
[2026-09-23T15:39:20.007+0000] {processor.py:186} INFO - Started process (PID=2018) to work on /opt/airflow/dags/dss150p_pipeline.py
[2026-09-23T15:39:20.010+0000] {processor.py:914} INFO - Processing file /opt/airflow/dags/dss150p_pipeline.py for tasks to queue
[2026-09-23T15:39:20.014+0000] {logging_mixin.py:190} INFO - [2026-09-23T15:39:20.013+0000] {dagbag.py:588} INFO - Filling up the DagBag from /opt/airflow/dags/dss150p_pipeline.py
[2026-09-23T15:39:20.073+0000] {processor.py:925} INFO - DAG(s) 'dss150p_sales_pipeline' retrieved from /opt/airflow/dags/dss150p_pipeline.py
[2026-09-23T15:39:20.306+0000] {logging_mixin.py:190} INFO - [2026-09-23T15:39:20.306+0000] {dag.py:3239} INFO - Sync 1 DAGs
[2026-09-23T15:39:20.467+0000] {logging_mixin.py:190} INFO - [2026-09-23T15:39:20.461+0000] {dag.py:4180} INFO - Setting next_dagrun for dss150p_sales_pipeline to 2026-09-23 02:00:00+00:00, run_after=2026-09-24 02:00:00+00:00
[2026-09-23T15:39:20.806+0000] {processor.py:208} INFO - Processing /opt/airflow/dags/dss150p_pipeline.py took 0.813 seconds
[2026-09-23T15:39:51.043+0000] {processor.py:186} INFO - Started process (PID=2023) to work on /opt/airflow/dags/dss150p_pipeline.py
[2026-09-23T15:39:51.046+0000] {processor.py:914} INFO - Processing file /opt/airflow/dags/dss150p_pipeline.py for tasks to queue
[2026-09-23T15:39:51.060+0000] {logging_mixin.py:190} INFO - [2026-09-23T15:39:51.056+0000] {dagbag.py:588} INFO - Filling up the DagBag from /opt/airflow/dags/dss150p_pipeline.py
[2026-09-23T15:39:51.388+0000] {processor.py:925} INFO - DAG(s) 'dss150p_sales_pipeline' retrieved from /opt/airflow/dags/dss150p_pipeline.py
[2026-09-23T15:39:52.244+0000] {logging_mixin.py:190} INFO - [2026-09-23T15:39:52.243+0000] {dag.py:3239} INFO - Sync 1 DAGs
[2026-09-23T15:39:52.684+0000] {logging_mixin.py:190} INFO - [2026-09-23T15:39:52.683+0000] {dag.py:4180} INFO - Setting next_dagrun for dss150p_sales_pipeline to 2026-09-23 02:00:00+00:00, run_after=2026-09-24 02:00:00+00:00
[2026-09-23T15:39:52.844+0000] {processor.py:208} INFO - Processing /opt/airflow/dags/dss150p_pipeline.py took 1.879 seconds
[2026-09-23T15:40:23.046+0000] {processor.py:186} INFO - Started process (PID=2028) to work on /opt/airflow/dags/dss150p_pipeline.py
[2026-09-23T15:40:23.050+0000] {processor.py:914} INFO - Processing file /opt/airflow/dags/dss150p_pipeline.py for tasks to queue
[2026-09-23T15:40:23.055+0000] {logging_mixin.py:190} INFO - [2026-09-23T15:40:23.055+0000] {dagbag.py:588} INFO - Filling up the DagBag from /opt/airflow/dags/dss150p_pipeline.py
[2026-09-23T15:40:23.110+0000] {processor.py:925} INFO - DAG(s) 'dss150p_sales_pipeline' retrieved from /opt/airflow/dags/dss150p_pipeline.py
[2026-09-23T15:40:23.569+0000] {logging_mixin.py:190} INFO - [2026-09-23T15:40:23.569+0000] {dag.py:3239} INFO - Sync 1 DAGs
[2026-09-23T15:40:23.804+0000] {logging_mixin.py:190} INFO - [2026-09-23T15:40:23.804+0000] {dag.py:4180} INFO - Setting next_dagrun for dss150p_sales_pipeline to 2026-09-23 02:00:00+00:00, run_after=2026-09-24 02:00:00+00:00
[2026-09-23T15:40:23.969+0000] {processor.py:208} INFO - Processing /opt/airflow/dags/dss150p_pipeline.py took 0.938 seconds
[2026-09-23T15:40:54.554+0000] {processor.py:186} INFO - Started process (PID=2033) to work on /opt/airflow/dags/dss150p_pipeline.py
[2026-09-23T15:40:54.559+0000] {processor.py:914} INFO - Processing file /opt/airflow/dags/dss150p_pipeline.py for tasks to queue
[2026-09-23T15:40:54.577+0000] {logging_mixin.py:190} INFO - [2026-09-23T15:40:54.576+0000] {dagbag.py:588} INFO - Filling up the DagBag from /opt/airflow/dags/dss150p_pipeline.py
[2026-09-23T15:40:55.116+0000] {processor.py:925} INFO - DAG(s) 'dss150p_sales_pipeline' retrieved from /opt/airflow/dags/dss150p_pipeline.py
[2026-09-23T15:40:55.657+0000] {logging_mixin.py:190} INFO - [2026-09-23T15:40:55.657+0000] {dag.py:3239} INFO - Sync 1 DAGs
[2026-09-23T15:40:55.880+0000] {logging_mixin.py:190} INFO - [2026-09-23T15:40:55.879+0000] {dag.py:4180} INFO - Setting next_dagrun for dss150p_sales_pipeline to 2026-09-23 02:00:00+00:00, run_after=2026-09-24 02:00:00+00:00
[2026-09-23T15:40:55.944+0000] {processor.py:208} INFO - Processing /opt/airflow/dags/dss150p_pipeline.py took 1.419 seconds
[2026-09-23T15:41:26.635+0000] {processor.py:186} INFO - Started process (PID=2038) to work on /opt/airflow/dags/dss150p_pipeline.py
[2026-09-23T15:41:26.638+0000] {processor.py:914} INFO - Processing file /opt/airflow/dags/dss150p_pipeline.py for tasks to queue
[2026-09-23T15:41:26.643+0000] {logging_mixin.py:190} INFO - [2026-09-23T15:41:26.643+0000] {dagbag.py:588} INFO - Filling up the DagBag from /opt/airflow/dags/dss150p_pipeline.py
[2026-09-23T15:41:26.685+0000] {processor.py:925} INFO - DAG(s) 'dss150p_sales_pipeline' retrieved from /opt/airflow/dags/dss150p_pipeline.py
[2026-09-23T15:41:27.125+0000] {logging_mixin.py:190} INFO - [2026-09-23T15:41:27.125+0000] {dag.py:3239} INFO - Sync 1 DAGs
[2026-09-23T15:41:27.195+0000] {logging_mixin.py:190} INFO - [2026-09-23T15:41:27.194+0000] {dag.py:4180} INFO - Setting next_dagrun for dss150p_sales_pipeline to 2026-09-23 02:00:00+00:00, run_after=2026-09-24 02:00:00+00:00
[2026-09-23T15:41:27.288+0000] {processor.py:208} INFO - Processing /opt/airflow/dags/dss150p_pipeline.py took 0.674 seconds
[2026-09-23T15:41:57.659+0000] {processor.py:186} INFO - Started process (PID=2043) to work on /opt/airflow/dags/dss150p_pipeline.py
[2026-09-23T15:41:57.662+0000] {processor.py:914} INFO - Processing file /opt/airflow/dags/dss150p_pipeline.py for tasks to queue
[2026-09-23T15:41:57.667+0000] {logging_mixin.py:190} INFO - [2026-09-23T15:41:57.667+0000] {dagbag.py:588} INFO - Filling up the DagBag from /opt/airflow/dags/dss150p_pipeline.py
[2026-09-23T15:41:57.704+0000] {processor.py:925} INFO - DAG(s) 'dss150p_sales_pipeline' retrieved from /opt/airflow/dags/dss150p_pipeline.py
[2026-09-23T15:41:57.797+0000] {logging_mixin.py:190} INFO - [2026-09-23T15:41:57.797+0000] {dag.py:3239} INFO - Sync 1 DAGs
[2026-09-23T15:41:57.844+0000] {logging_mixin.py:190} INFO - [2026-09-23T15:41:57.844+0000] {dag.py:4180} INFO - Setting next_dagrun for dss150p_sales_pipeline to 2026-09-23 02:00:00+00:00, run_after=2026-09-24 02:00:00+00:00
[2026-09-23T15:41:57.882+0000] {processor.py:208} INFO - Processing /opt/airflow/dags/dss150p_pipeline.py took 0.236 seconds
[2026-09-23T15:42:28.184+0000] {processor.py:186} INFO - Started process (PID=2048) to work on /opt/airflow/dags/dss150p_pipeline.py
[2026-09-23T15:42:28.194+0000] {processor.py:914} INFO - Processing file /opt/airflow/dags/dss150p_pipeline.py for tasks to queue
[2026-09-23T15:42:28.200+0000] {logging_mixin.py:190} INFO - [2026-09-23T15:42:28.200+0000] {dagbag.py:588} INFO - Filling up the DagBag from /opt/airflow/dags/dss150p_pipeline.py
[2026-09-23T15:42:28.243+0000] {processor.py:925} INFO - DAG(s) 'dss150p_sales_pipeline' retrieved from /opt/airflow/dags/dss150p_pipeline.py
[2026-09-23T15:42:28.360+0000] {logging_mixin.py:190} INFO - [2026-09-23T15:42:28.359+0000] {dag.py:3239} INFO - Sync 1 DAGs
[2026-09-23T15:42:28.441+0000] {logging_mixin.py:190} INFO - [2026-09-23T15:42:28.441+0000] {dag.py:4180} INFO - Setting next_dagrun for dss150p_sales_pipeline to 2026-09-23 02:00:00+00:00, run_after=2026-09-24 02:00:00+00:00
[2026-09-23T15:42:28.477+0000] {processor.py:208} INFO - Processing /opt/airflow/dags/dss150p_pipeline.py took 0.309 seconds
[2026-09-23T15:42:58.767+0000] {processor.py:186} INFO - Started process (PID=2053) to work on /opt/airflow/dags/dss150p_pipeline.py
[2026-09-23T15:42:58.770+0000] {processor.py:914} INFO - Processing file /opt/airflow/dags/dss150p_pipeline.py for tasks to queue
[2026-09-23T15:42:58.775+0000] {logging_mixin.py:190} INFO - [2026-09-23T15:42:58.774+0000] {dagbag.py:588} INFO - Filling up the DagBag from /opt/airflow/dags/dss150p_pipeline.py
[2026-09-23T15:42:58.823+0000] {processor.py:925} INFO - DAG(s) 'dss150p_sales_pipeline' retrieved from /opt/airflow/dags/dss150p_pipeline.py
[2026-09-23T15:42:59.043+0000] {logging_mixin.py:190} INFO - [2026-09-23T15:42:59.039+0000] {dag.py:3239} INFO - Sync 1 DAGs
[2026-09-23T15:42:59.155+0000] {logging_mixin.py:190} INFO - [2026-09-23T15:42:59.153+0000] {dag.py:4180} INFO - Setting next_dagrun for dss150p_sales_pipeline to 2026-09-23 02:00:00+00:00, run_after=2026-09-24 02:00:00+00:00
[2026-09-23T15:42:59.282+0000] {processor.py:208} INFO - Processing /opt/airflow/dags/dss150p_pipeline.py took 0.541 seconds
[2026-09-23T15:43:30.847+0000] {processor.py:186} INFO - Started process (PID=2058) to work on /opt/airflow/dags/dss150p_pipeline.py
[2026-09-23T15:43:30.936+0000] {processor.py:914} INFO - Processing file /opt/airflow/dags/dss150p_pipeline.py for tasks to queue
[2026-09-23T15:43:30.943+0000] {logging_mixin.py:190} INFO - [2026-09-23T15:43:30.942+0000] {dagbag.py:588} INFO - Filling up the DagBag from /opt/airflow/dags/dss150p_pipeline.py
[2026-09-23T15:43:31.076+0000] {processor.py:925} INFO - DAG(s) 'dss150p_sales_pipeline' retrieved from /opt/airflow/dags/dss150p_pipeline.py
[2026-09-23T15:43:31.525+0000] {logging_mixin.py:190} INFO - [2026-09-23T15:43:31.523+0000] {dag.py:3239} INFO - Sync 1 DAGs
[2026-09-23T15:43:31.629+0000] {logging_mixin.py:190} INFO - [2026-09-23T15:43:31.629+0000] {dag.py:4180} INFO - Setting next_dagrun for dss150p_sales_pipeline to 2026-09-23 02:00:00+00:00, run_after=2026-09-24 02:00:00+00:00
[2026-09-23T15:43:31.726+0000] {processor.py:208} INFO - Processing /opt/airflow/dags/dss150p_pipeline.py took 0.912 seconds
[2026-09-23T15:44:02.690+0000] {processor.py:186} INFO - Started process (PID=2063) to work on /opt/airflow/dags/dss150p_pipeline.py
[2026-09-23T15:44:02.756+0000] {processor.py:914} INFO - Processing file /opt/airflow/dags/dss150p_pipeline.py for tasks to queue
[2026-09-23T15:44:02.889+0000] {logging_mixin.py:190} INFO - [2026-09-23T15:44:02.887+0000] {dagbag.py:588} INFO - Filling up the DagBag from /opt/airflow/dags/dss150p_pipeline.py
[2026-09-23T15:44:03.196+0000] {processor.py:925} INFO - DAG(s) 'dss150p_sales_pipeline' retrieved from /opt/airflow/dags/dss150p_pipeline.py
[2026-09-23T15:44:05.301+0000] {logging_mixin.py:190} INFO - [2026-09-23T15:44:05.298+0000] {dag.py:3239} INFO - Sync 1 DAGs
[2026-09-23T15:44:06.080+0000] {logging_mixin.py:190} INFO - [2026-09-23T15:44:06.079+0000] {dag.py:4180} INFO - Setting next_dagrun for dss150p_sales_pipeline to 2026-09-23 02:00:00+00:00, run_after=2026-09-24 02:00:00+00:00
[2026-09-23T15:44:06.406+0000] {processor.py:208} INFO - Processing /opt/airflow/dags/dss150p_pipeline.py took 3.813 seconds
[2026-09-23T15:44:37.792+0000] {processor.py:186} INFO - Started process (PID=2068) to work on /opt/airflow/dags/dss150p_pipeline.py
[2026-09-23T15:44:37.874+0000] {processor.py:914} INFO - Processing file /opt/airflow/dags/dss150p_pipeline.py for tasks to queue
[2026-09-23T15:44:37.897+0000] {logging_mixin.py:190} INFO - [2026-09-23T15:44:37.894+0000] {dagbag.py:588} INFO - Filling up the DagBag from /opt/airflow/dags/dss150p_pipeline.py
[2026-09-23T15:44:38.158+0000] {processor.py:925} INFO - DAG(s) 'dss150p_sales_pipeline' retrieved from /opt/airflow/dags/dss150p_pipeline.py
[2026-09-23T15:44:38.730+0000] {logging_mixin.py:190} INFO - [2026-09-23T15:44:38.730+0000] {dag.py:3239} INFO - Sync 1 DAGs
[2026-09-23T15:44:39.831+0000] {logging_mixin.py:190} INFO - [2026-09-23T15:44:39.830+0000] {dag.py:4180} INFO - Setting next_dagrun for dss150p_sales_pipeline to 2026-09-23 02:00:00+00:00, run_after=2026-09-24 02:00:00+00:00
[2026-09-23T15:44:40.403+0000] {processor.py:208} INFO - Processing /opt/airflow/dags/dss150p_pipeline.py took 2.850 seconds
[2026-09-23T15:45:11.595+0000] {processor.py:186} INFO - Started process (PID=2073) to work on /opt/airflow/dags/dss150p_pipeline.py
[2026-09-23T15:45:11.598+0000] {processor.py:914} INFO - Processing file /opt/airflow/dags/dss150p_pipeline.py for tasks to queue
[2026-09-23T15:45:11.616+0000] {logging_mixin.py:190} INFO - [2026-09-23T15:45:11.615+0000] {dagbag.py:588} INFO - Filling up the DagBag from /opt/airflow/dags/dss150p_pipeline.py
[2026-09-23T15:45:12.214+0000] {processor.py:925} INFO - DAG(s) 'dss150p_sales_pipeline' retrieved from /opt/airflow/dags/dss150p_pipeline.py
[2026-09-23T15:45:14.794+0000] {logging_mixin.py:190} INFO - [2026-09-23T15:45:14.794+0000] {dag.py:3239} INFO - Sync 1 DAGs
[2026-09-23T15:45:15.018+0000] {logging_mixin.py:190} INFO - [2026-09-23T15:45:15.018+0000] {dag.py:4180} INFO - Setting next_dagrun for dss150p_sales_pipeline to 2026-09-23 02:00:00+00:00, run_after=2026-09-24 02:00:00+00:00
[2026-09-23T15:45:15.209+0000] {processor.py:208} INFO - Processing /opt/airflow/dags/dss150p_pipeline.py took 3.631 seconds
[2026-09-23T15:45:46.246+0000] {processor.py:186} INFO - Started process (PID=2078) to work on /opt/airflow/dags/dss150p_pipeline.py
[2026-09-23T15:45:46.252+0000] {processor.py:914} INFO - Processing file /opt/airflow/dags/dss150p_pipeline.py for tasks to queue
[2026-09-23T15:45:46.264+0000] {logging_mixin.py:190} INFO - [2026-09-23T15:45:46.264+0000] {dagbag.py:588} INFO - Filling up the DagBag from /opt/airflow/dags/dss150p_pipeline.py
[2026-09-23T15:45:46.359+0000] {processor.py:925} INFO - DAG(s) 'dss150p_sales_pipeline' retrieved from /opt/airflow/dags/dss150p_pipeline.py
[2026-09-23T15:45:46.626+0000] {logging_mixin.py:190} INFO - [2026-09-23T15:45:46.625+0000] {dag.py:3239} INFO - Sync 1 DAGs
[2026-09-23T15:45:46.773+0000] {logging_mixin.py:190} INFO - [2026-09-23T15:45:46.772+0000] {dag.py:4180} INFO - Setting next_dagrun for dss150p_sales_pipeline to 2026-09-23 02:00:00+00:00, run_after=2026-09-24 02:00:00+00:00
[2026-09-23T15:45:46.923+0000] {processor.py:208} INFO - Processing /opt/airflow/dags/dss150p_pipeline.py took 0.719 seconds
[2026-09-23T15:46:19.202+0000] {processor.py:186} INFO - Started process (PID=2083) to work on /opt/airflow/dags/dss150p_pipeline.py
[2026-09-23T15:46:19.355+0000] {processor.py:914} INFO - Processing file /opt/airflow/dags/dss150p_pipeline.py for tasks to queue
[2026-09-23T15:46:19.575+0000] {logging_mixin.py:190} INFO - [2026-09-23T15:46:19.573+0000] {dagbag.py:588} INFO - Filling up the DagBag from /opt/airflow/dags/dss150p_pipeline.py
[2026-09-23T15:46:20.357+0000] {processor.py:925} INFO - DAG(s) 'dss150p_sales_pipeline' retrieved from /opt/airflow/dags/dss150p_pipeline.py
[2026-09-23T15:46:22.617+0000] {logging_mixin.py:190} INFO - [2026-09-23T15:46:22.593+0000] {dag.py:3239} INFO - Sync 1 DAGs
[2026-09-23T15:46:23.648+0000] {logging_mixin.py:190} INFO - [2026-09-23T15:46:23.647+0000] {dag.py:4180} INFO - Setting next_dagrun for dss150p_sales_pipeline to 2026-09-23 02:00:00+00:00, run_after=2026-09-24 02:00:00+00:00
[2026-09-23T15:46:24.089+0000] {processor.py:208} INFO - Processing /opt/airflow/dags/dss150p_pipeline.py took 5.124 seconds
[2026-09-23T15:46:54.351+0000] {processor.py:186} INFO - Started process (PID=2088) to work on /opt/airflow/dags/dss150p_pipeline.py
[2026-09-23T15:46:54.354+0000] {processor.py:914} INFO - Processing file /opt/airflow/dags/dss150p_pipeline.py for tasks to queue
[2026-09-23T15:46:54.360+0000] {logging_mixin.py:190} INFO - [2026-09-23T15:46:54.360+0000] {dagbag.py:588} INFO - Filling up the DagBag from /opt/airflow/dags/dss150p_pipeline.py
[2026-09-23T15:46:54.397+0000] {processor.py:925} INFO - DAG(s) 'dss150p_sales_pipeline' retrieved from /opt/airflow/dags/dss150p_pipeline.py
[2026-09-23T15:46:54.525+0000] {logging_mixin.py:190} INFO - [2026-09-23T15:46:54.525+0000] {dag.py:3239} INFO - Sync 1 DAGs
[2026-09-23T15:46:54.577+0000] {logging_mixin.py:190} INFO - [2026-09-23T15:46:54.576+0000] {dag.py:4180} INFO - Setting next_dagrun for dss150p_sales_pipeline to 2026-09-23 02:00:00+00:00, run_after=2026-09-24 02:00:00+00:00
[2026-09-23T15:46:54.627+0000] {processor.py:208} INFO - Processing /opt/airflow/dags/dss150p_pipeline.py took 0.292 seconds
[2026-09-23T15:47:24.869+0000] {processor.py:186} INFO - Started process (PID=2093) to work on /opt/airflow/dags/dss150p_pipeline.py
[2026-09-23T15:47:24.873+0000] {processor.py:914} INFO - Processing file /opt/airflow/dags/dss150p_pipeline.py for tasks to queue
[2026-09-23T15:47:24.881+0000] {logging_mixin.py:190} INFO - [2026-09-23T15:47:24.880+0000] {dagbag.py:588} INFO - Filling up the DagBag from /opt/airflow/dags/dss150p_pipeline.py
[2026-09-23T15:47:25.338+0000] {processor.py:925} INFO - DAG(s) 'dss150p_sales_pipeline' retrieved from /opt/airflow/dags/dss150p_pipeline.py
[2026-09-23T15:47:30.323+0000] {logging_mixin.py:190} INFO - [2026-09-23T15:47:30.322+0000] {dag.py:3239} INFO - Sync 1 DAGs
[2026-09-23T15:47:35.153+0000] {logging_mixin.py:190} INFO - [2026-09-23T15:47:35.142+0000] {dag.py:4180} INFO - Setting next_dagrun for dss150p_sales_pipeline to 2026-09-23 02:00:00+00:00, run_after=2026-09-24 02:00:00+00:00
[2026-09-23T15:47:47.926+0000] {processor.py:208} INFO - Processing /opt/airflow/dags/dss150p_pipeline.py took 23.678 seconds
[2026-09-23T15:48:20.550+0000] {processor.py:186} INFO - Started process (PID=2098) to work on /opt/airflow/dags/dss150p_pipeline.py
[2026-09-23T15:48:20.559+0000] {processor.py:914} INFO - Processing file /opt/airflow/dags/dss150p_pipeline.py for tasks to queue
[2026-09-23T15:48:20.570+0000] {logging_mixin.py:190} INFO - [2026-09-23T15:48:20.569+0000] {dagbag.py:588} INFO - Filling up the DagBag from /opt/airflow/dags/dss150p_pipeline.py
[2026-09-23T15:48:20.640+0000] {processor.py:925} INFO - DAG(s) 'dss150p_sales_pipeline' retrieved from /opt/airflow/dags/dss150p_pipeline.py
[2026-09-23T15:48:21.377+0000] {logging_mixin.py:190} INFO - [2026-09-23T15:48:21.376+0000] {dag.py:3239} INFO - Sync 1 DAGs
[2026-09-23T15:48:22.030+0000] {logging_mixin.py:190} INFO - [2026-09-23T15:48:21.940+0000] {dag.py:4180} INFO - Setting next_dagrun for dss150p_sales_pipeline to 2026-09-23 02:00:00+00:00, run_after=2026-09-24 02:00:00+00:00
[2026-09-23T15:48:22.830+0000] {processor.py:208} INFO - Processing /opt/airflow/dags/dss150p_pipeline.py took 2.343 seconds
[2026-09-23T15:48:53.493+0000] {processor.py:186} INFO - Started process (PID=2103) to work on /opt/airflow/dags/dss150p_pipeline.py
[2026-09-23T15:48:53.497+0000] {processor.py:914} INFO - Processing file /opt/airflow/dags/dss150p_pipeline.py for tasks to queue
[2026-09-23T15:48:53.505+0000] {logging_mixin.py:190} INFO - [2026-09-23T15:48:53.504+0000] {dagbag.py:588} INFO - Filling up the DagBag from /opt/airflow/dags/dss150p_pipeline.py
[2026-09-23T15:48:53.557+0000] {processor.py:925} INFO - DAG(s) 'dss150p_sales_pipeline' retrieved from /opt/airflow/dags/dss150p_pipeline.py
[2026-09-23T15:48:53.872+0000] {logging_mixin.py:190} INFO - [2026-09-23T15:48:53.872+0000] {dag.py:3239} INFO - Sync 1 DAGs
[2026-09-23T15:48:54.044+0000] {logging_mixin.py:190} INFO - [2026-09-23T15:48:54.032+0000] {dag.py:4180} INFO - Setting next_dagrun for dss150p_sales_pipeline to 2026-09-23 02:00:00+00:00, run_after=2026-09-24 02:00:00+00:00
[2026-09-23T15:48:54.155+0000] {processor.py:208} INFO - Processing /opt/airflow/dags/dss150p_pipeline.py took 0.681 seconds
[2026-09-23T15:49:24.854+0000] {processor.py:186} INFO - Started process (PID=2108) to work on /opt/airflow/dags/dss150p_pipeline.py
[2026-09-23T15:49:24.858+0000] {processor.py:914} INFO - Processing file /opt/airflow/dags/dss150p_pipeline.py for tasks to queue
[2026-09-23T15:49:24.872+0000] {logging_mixin.py:190} INFO - [2026-09-23T15:49:24.871+0000] {dagbag.py:588} INFO - Filling up the DagBag from /opt/airflow/dags/dss150p_pipeline.py
[2026-09-23T15:49:24.949+0000] {processor.py:925} INFO - DAG(s) 'dss150p_sales_pipeline' retrieved from /opt/airflow/dags/dss150p_pipeline.py
[2026-09-23T15:49:25.174+0000] {logging_mixin.py:190} INFO - [2026-09-23T15:49:25.173+0000] {dag.py:3239} INFO - Sync 1 DAGs
[2026-09-23T15:49:25.358+0000] {logging_mixin.py:190} INFO - [2026-09-23T15:49:25.357+0000] {dag.py:4180} INFO - Setting next_dagrun for dss150p_sales_pipeline to 2026-09-23 02:00:00+00:00, run_after=2026-09-24 02:00:00+00:00
[2026-09-23T15:49:25.749+0000] {processor.py:208} INFO - Processing /opt/airflow/dags/dss150p_pipeline.py took 0.927 seconds
[2026-09-23T15:49:56.789+0000] {processor.py:186} INFO - Started process (PID=2113) to work on /opt/airflow/dags/dss150p_pipeline.py
[2026-09-23T15:49:56.823+0000] {processor.py:914} INFO - Processing file /opt/airflow/dags/dss150p_pipeline.py for tasks to queue
[2026-09-23T15:49:56.843+0000] {logging_mixin.py:190} INFO - [2026-09-23T15:49:56.843+0000] {dagbag.py:588} INFO - Filling up the DagBag from /opt/airflow/dags/dss150p_pipeline.py
[2026-09-23T15:49:56.976+0000] {processor.py:925} INFO - DAG(s) 'dss150p_sales_pipeline' retrieved from /opt/airflow/dags/dss150p_pipeline.py
[2026-09-23T15:49:57.820+0000] {logging_mixin.py:190} INFO - [2026-09-23T15:49:57.819+0000] {dag.py:3239} INFO - Sync 1 DAGs
[2026-09-23T15:49:58.157+0000] {logging_mixin.py:190} INFO - [2026-09-23T15:49:58.157+0000] {dag.py:4180} INFO - Setting next_dagrun for dss150p_sales_pipeline to 2026-09-23 02:00:00+00:00, run_after=2026-09-24 02:00:00+00:00
[2026-09-23T15:49:59.104+0000] {processor.py:208} INFO - Processing /opt/airflow/dags/dss150p_pipeline.py took 2.423 seconds
[2026-09-23T15:50:30.102+0000] {processor.py:186} INFO - Started process (PID=2118) to work on /opt/airflow/dags/dss150p_pipeline.py
[2026-09-23T15:50:30.111+0000] {processor.py:914} INFO - Processing file /opt/airflow/dags/dss150p_pipeline.py for tasks to queue
[2026-09-23T15:50:30.119+0000] {logging_mixin.py:190} INFO - [2026-09-23T15:50:30.118+0000] {dagbag.py:588} INFO - Filling up the DagBag from /opt/airflow/dags/dss150p_pipeline.py
[2026-09-23T15:50:30.185+0000] {processor.py:925} INFO - DAG(s) 'dss150p_sales_pipeline' retrieved from /opt/airflow/dags/dss150p_pipeline.py
[2026-09-23T15:50:30.332+0000] {logging_mixin.py:190} INFO - [2026-09-23T15:50:30.332+0000] {dag.py:3239} INFO - Sync 1 DAGs
[2026-09-23T15:50:30.961+0000] {logging_mixin.py:190} INFO - [2026-09-23T15:50:30.961+0000] {dag.py:4180} INFO - Setting next_dagrun for dss150p_sales_pipeline to 2026-09-23 02:00:00+00:00, run_after=2026-09-24 02:00:00+00:00
[2026-09-23T15:50:31.291+0000] {processor.py:208} INFO - Processing /opt/airflow/dags/dss150p_pipeline.py took 1.207 seconds
[2026-09-23T15:51:01.735+0000] {processor.py:186} INFO - Started process (PID=2123) to work on /opt/airflow/dags/dss150p_pipeline.py
[2026-09-23T15:51:01.742+0000] {processor.py:914} INFO - Processing file /opt/airflow/dags/dss150p_pipeline.py for tasks to queue
[2026-09-23T15:51:01.755+0000] {logging_mixin.py:190} INFO - [2026-09-23T15:51:01.751+0000] {dagbag.py:588} INFO - Filling up the DagBag from /opt/airflow/dags/dss150p_pipeline.py
[2026-09-23T15:51:01.827+0000] {processor.py:925} INFO - DAG(s) 'dss150p_sales_pipeline' retrieved from /opt/airflow/dags/dss150p_pipeline.py
[2026-09-23T15:51:02.142+0000] {logging_mixin.py:190} INFO - [2026-09-23T15:51:02.142+0000] {dag.py:3239} INFO - Sync 1 DAGs
[2026-09-23T15:51:02.231+0000] {logging_mixin.py:190} INFO - [2026-09-23T15:51:02.230+0000] {dag.py:4180} INFO - Setting next_dagrun for dss150p_sales_pipeline to 2026-09-23 02:00:00+00:00, run_after=2026-09-24 02:00:00+00:00
[2026-09-23T15:51:02.297+0000] {processor.py:208} INFO - Processing /opt/airflow/dags/dss150p_pipeline.py took 0.605 seconds
[2026-09-23T15:51:32.666+0000] {processor.py:186} INFO - Started process (PID=2128) to work on /opt/airflow/dags/dss150p_pipeline.py
[2026-09-23T15:51:32.848+0000] {processor.py:914} INFO - Processing file /opt/airflow/dags/dss150p_pipeline.py for tasks to queue
[2026-09-23T15:51:32.900+0000] {logging_mixin.py:190} INFO - [2026-09-23T15:51:32.898+0000] {dagbag.py:588} INFO - Filling up the DagBag from /opt/airflow/dags/dss150p_pipeline.py
[2026-09-23T15:51:33.042+0000] {processor.py:925} INFO - DAG(s) 'dss150p_sales_pipeline' retrieved from /opt/airflow/dags/dss150p_pipeline.py
[2026-09-23T15:51:33.355+0000] {logging_mixin.py:190} INFO - [2026-09-23T15:51:33.355+0000] {dag.py:3239} INFO - Sync 1 DAGs
[2026-09-23T15:51:33.462+0000] {logging_mixin.py:190} INFO - [2026-09-23T15:51:33.461+0000] {dag.py:4180} INFO - Setting next_dagrun for dss150p_sales_pipeline to 2026-09-23 02:00:00+00:00, run_after=2026-09-24 02:00:00+00:00
[2026-09-23T15:51:33.530+0000] {processor.py:208} INFO - Processing /opt/airflow/dags/dss150p_pipeline.py took 0.918 seconds
[2026-09-23T15:52:04.170+0000] {processor.py:186} INFO - Started process (PID=2133) to work on /opt/airflow/dags/dss150p_pipeline.py
[2026-09-23T15:52:04.172+0000] {processor.py:914} INFO - Processing file /opt/airflow/dags/dss150p_pipeline.py for tasks to queue
[2026-09-23T15:52:04.178+0000] {logging_mixin.py:190} INFO - [2026-09-23T15:52:04.178+0000] {dagbag.py:588} INFO - Filling up the DagBag from /opt/airflow/dags/dss150p_pipeline.py
[2026-09-23T15:52:04.221+0000] {processor.py:925} INFO - DAG(s) 'dss150p_sales_pipeline' retrieved from /opt/airflow/dags/dss150p_pipeline.py
[2026-09-23T15:52:04.335+0000] {logging_mixin.py:190} INFO - [2026-09-23T15:52:04.335+0000] {dag.py:3239} INFO - Sync 1 DAGs
[2026-09-23T15:52:04.475+0000] {logging_mixin.py:190} INFO - [2026-09-23T15:52:04.472+0000] {dag.py:4180} INFO - Setting next_dagrun for dss150p_sales_pipeline to 2026-09-23 02:00:00+00:00, run_after=2026-09-24 02:00:00+00:00
[2026-09-23T15:52:04.706+0000] {processor.py:208} INFO - Processing /opt/airflow/dags/dss150p_pipeline.py took 0.617 seconds
[2026-09-23T15:52:35.365+0000] {processor.py:186} INFO - Started process (PID=2138) to work on /opt/airflow/dags/dss150p_pipeline.py
[2026-09-23T15:52:35.374+0000] {processor.py:914} INFO - Processing file /opt/airflow/dags/dss150p_pipeline.py for tasks to queue
[2026-09-23T15:52:35.383+0000] {logging_mixin.py:190} INFO - [2026-09-23T15:52:35.380+0000] {dagbag.py:588} INFO - Filling up the DagBag from /opt/airflow/dags/dss150p_pipeline.py
[2026-09-23T15:52:35.419+0000] {processor.py:925} INFO - DAG(s) 'dss150p_sales_pipeline' retrieved from /opt/airflow/dags/dss150p_pipeline.py
[2026-09-23T15:52:35.593+0000] {logging_mixin.py:190} INFO - [2026-09-23T15:52:35.593+0000] {dag.py:3239} INFO - Sync 1 DAGs
[2026-09-23T15:52:35.658+0000] {logging_mixin.py:190} INFO - [2026-09-23T15:52:35.658+0000] {dag.py:4180} INFO - Setting next_dagrun for dss150p_sales_pipeline to 2026-09-23 02:00:00+00:00, run_after=2026-09-24 02:00:00+00:00
[2026-09-23T15:52:35.712+0000] {processor.py:208} INFO - Processing /opt/airflow/dags/dss150p_pipeline.py took 0.361 seconds
[2026-09-23T15:53:07.397+0000] {processor.py:186} INFO - Started process (PID=2143) to work on /opt/airflow/dags/dss150p_pipeline.py
[2026-09-23T15:53:07.400+0000] {processor.py:914} INFO - Processing file /opt/airflow/dags/dss150p_pipeline.py for tasks to queue
[2026-09-23T15:53:07.416+0000] {logging_mixin.py:190} INFO - [2026-09-23T15:53:07.413+0000] {dagbag.py:588} INFO - Filling up the DagBag from /opt/airflow/dags/dss150p_pipeline.py
[2026-09-23T15:53:07.743+0000] {processor.py:925} INFO - DAG(s) 'dss150p_sales_pipeline' retrieved from /opt/airflow/dags/dss150p_pipeline.py
[2026-09-23T15:53:08.064+0000] {logging_mixin.py:190} INFO - [2026-09-23T15:53:08.063+0000] {dag.py:3239} INFO - Sync 1 DAGs
[2026-09-23T15:53:08.162+0000] {logging_mixin.py:190} INFO - [2026-09-23T15:53:08.161+0000] {dag.py:4180} INFO - Setting next_dagrun for dss150p_sales_pipeline to 2026-09-23 02:00:00+00:00, run_after=2026-09-24 02:00:00+00:00
[2026-09-23T15:53:08.231+0000] {processor.py:208} INFO - Processing /opt/airflow/dags/dss150p_pipeline.py took 1.083 seconds
[2026-09-23T15:53:39.141+0000] {processor.py:186} INFO - Started process (PID=2148) to work on /opt/airflow/dags/dss150p_pipeline.py
[2026-09-23T15:53:39.209+0000] {processor.py:914} INFO - Processing file /opt/airflow/dags/dss150p_pipeline.py for tasks to queue
[2026-09-23T15:53:39.925+0000] {logging_mixin.py:190} INFO - [2026-09-23T15:53:39.719+0000] {dagbag.py:588} INFO - Filling up the DagBag from /opt/airflow/dags/dss150p_pipeline.py
[2026-09-23T15:53:40.259+0000] {processor.py:925} INFO - DAG(s) 'dss150p_sales_pipeline' retrieved from /opt/airflow/dags/dss150p_pipeline.py
[2026-09-23T15:53:40.497+0000] {logging_mixin.py:190} INFO - [2026-09-23T15:53:40.497+0000] {dag.py:3239} INFO - Sync 1 DAGs
[2026-09-23T15:53:40.622+0000] {logging_mixin.py:190} INFO - [2026-09-23T15:53:40.621+0000] {dag.py:4180} INFO - Setting next_dagrun for dss150p_sales_pipeline to 2026-09-23 02:00:00+00:00, run_after=2026-09-24 02:00:00+00:00
[2026-09-23T15:53:40.671+0000] {processor.py:208} INFO - Processing /opt/airflow/dags/dss150p_pipeline.py took 1.692 seconds
[2026-09-23T15:54:10.989+0000] {processor.py:186} INFO - Started process (PID=2153) to work on /opt/airflow/dags/dss150p_pipeline.py
[2026-09-23T15:54:10.992+0000] {processor.py:914} INFO - Processing file /opt/airflow/dags/dss150p_pipeline.py for tasks to queue
[2026-09-23T15:54:11.003+0000] {logging_mixin.py:190} INFO - [2026-09-23T15:54:10.998+0000] {dagbag.py:588} INFO - Filling up the DagBag from /opt/airflow/dags/dss150p_pipeline.py
[2026-09-23T15:54:11.110+0000] {processor.py:925} INFO - DAG(s) 'dss150p_sales_pipeline' retrieved from /opt/airflow/dags/dss150p_pipeline.py
[2026-09-23T15:54:11.435+0000] {logging_mixin.py:190} INFO - [2026-09-23T15:54:11.434+0000] {dag.py:3239} INFO - Sync 1 DAGs
[2026-09-23T15:54:11.661+0000] {logging_mixin.py:190} INFO - [2026-09-23T15:54:11.658+0000] {dag.py:4180} INFO - Setting next_dagrun for dss150p_sales_pipeline to 2026-09-23 02:00:00+00:00, run_after=2026-09-24 02:00:00+00:00
[2026-09-23T15:54:12.552+0000] {processor.py:208} INFO - Processing /opt/airflow/dags/dss150p_pipeline.py took 1.575 seconds
[2026-09-23T15:54:45.245+0000] {processor.py:186} INFO - Started process (PID=2158) to work on /opt/airflow/dags/dss150p_pipeline.py
[2026-09-23T15:54:45.833+0000] {processor.py:914} INFO - Processing file /opt/airflow/dags/dss150p_pipeline.py for tasks to queue
[2026-09-23T15:54:46.301+0000] {logging_mixin.py:190} INFO - [2026-09-23T15:54:46.138+0000] {dagbag.py:588} INFO - Filling up the DagBag from /opt/airflow/dags/dss150p_pipeline.py
[2026-09-23T15:54:47.725+0000] {processor.py:925} INFO - DAG(s) 'dss150p_sales_pipeline' retrieved from /opt/airflow/dags/dss150p_pipeline.py
[2026-09-23T15:54:50.253+0000] {logging_mixin.py:190} INFO - [2026-09-23T15:54:50.252+0000] {dag.py:3239} INFO - Sync 1 DAGs
[2026-09-23T15:54:50.758+0000] {logging_mixin.py:190} INFO - [2026-09-23T15:54:50.758+0000] {dag.py:4180} INFO - Setting next_dagrun for dss150p_sales_pipeline to 2026-09-23 02:00:00+00:00, run_after=2026-09-24 02:00:00+00:00
[2026-09-23T15:54:50.924+0000] {processor.py:208} INFO - Processing /opt/airflow/dags/dss150p_pipeline.py took 5.748 seconds
[2026-09-23T15:55:22.545+0000] {processor.py:186} INFO - Started process (PID=2163) to work on /opt/airflow/dags/dss150p_pipeline.py
[2026-09-23T15:55:22.551+0000] {processor.py:914} INFO - Processing file /opt/airflow/dags/dss150p_pipeline.py for tasks to queue
[2026-09-23T15:55:22.676+0000] {logging_mixin.py:190} INFO - [2026-09-23T15:55:22.671+0000] {dagbag.py:588} INFO - Filling up the DagBag from /opt/airflow/dags/dss150p_pipeline.py
[2026-09-23T15:55:22.994+0000] {processor.py:925} INFO - DAG(s) 'dss150p_sales_pipeline' retrieved from /opt/airflow/dags/dss150p_pipeline.py
[2026-09-23T15:55:23.669+0000] {logging_mixin.py:190} INFO - [2026-09-23T15:55:23.666+0000] {dag.py:3239} INFO - Sync 1 DAGs
[2026-09-23T15:55:23.842+0000] {logging_mixin.py:190} INFO - [2026-09-23T15:55:23.841+0000] {dag.py:4180} INFO - Setting next_dagrun for dss150p_sales_pipeline to 2026-09-23 02:00:00+00:00, run_after=2026-09-24 02:00:00+00:00
[2026-09-23T15:55:23.944+0000] {processor.py:208} INFO - Processing /opt/airflow/dags/dss150p_pipeline.py took 1.451 seconds
[2026-09-23T15:55:54.596+0000] {processor.py:186} INFO - Started process (PID=2168) to work on /opt/airflow/dags/dss150p_pipeline.py
[2026-09-23T15:55:54.602+0000] {processor.py:914} INFO - Processing file /opt/airflow/dags/dss150p_pipeline.py for tasks to queue
[2026-09-23T15:55:54.809+0000] {logging_mixin.py:190} INFO - [2026-09-23T15:55:54.807+0000] {dagbag.py:588} INFO - Filling up the DagBag from /opt/airflow/dags/dss150p_pipeline.py
[2026-09-23T15:55:55.080+0000] {processor.py:925} INFO - DAG(s) 'dss150p_sales_pipeline' retrieved from /opt/airflow/dags/dss150p_pipeline.py
[2026-09-23T15:55:56.373+0000] {logging_mixin.py:190} INFO - [2026-09-23T15:55:56.373+0000] {dag.py:3239} INFO - Sync 1 DAGs
[2026-09-23T15:55:56.721+0000] {logging_mixin.py:190} INFO - [2026-09-23T15:55:56.718+0000] {dag.py:4180} INFO - Setting next_dagrun for dss150p_sales_pipeline to 2026-09-23 02:00:00+00:00, run_after=2026-09-24 02:00:00+00:00
[2026-09-23T15:55:57.005+0000] {processor.py:208} INFO - Processing /opt/airflow/dags/dss150p_pipeline.py took 2.437 seconds
[2026-09-23T15:56:29.683+0000] {processor.py:186} INFO - Started process (PID=2173) to work on /opt/airflow/dags/dss150p_pipeline.py
[2026-09-23T15:56:29.762+0000] {processor.py:914} INFO - Processing file /opt/airflow/dags/dss150p_pipeline.py for tasks to queue
[2026-09-23T15:56:29.807+0000] {logging_mixin.py:190} INFO - [2026-09-23T15:56:29.805+0000] {dagbag.py:588} INFO - Filling up the DagBag from /opt/airflow/dags/dss150p_pipeline.py
[2026-09-23T15:56:30.819+0000] {processor.py:925} INFO - DAG(s) 'dss150p_sales_pipeline' retrieved from /opt/airflow/dags/dss150p_pipeline.py
[2026-09-23T15:56:33.164+0000] {logging_mixin.py:190} INFO - [2026-09-23T15:56:33.164+0000] {dag.py:3239} INFO - Sync 1 DAGs
[2026-09-23T15:56:34.386+0000] {logging_mixin.py:190} INFO - [2026-09-23T15:56:34.385+0000] {dag.py:4180} INFO - Setting next_dagrun for dss150p_sales_pipeline to 2026-09-23 02:00:00+00:00, run_after=2026-09-24 02:00:00+00:00
[2026-09-23T15:56:35.609+0000] {processor.py:208} INFO - Processing /opt/airflow/dags/dss150p_pipeline.py took 6.214 seconds
[2026-09-23T15:57:08.060+0000] {processor.py:186} INFO - Started process (PID=2178) to work on /opt/airflow/dags/dss150p_pipeline.py
[2026-09-23T15:57:08.064+0000] {processor.py:914} INFO - Processing file /opt/airflow/dags/dss150p_pipeline.py for tasks to queue
[2026-09-23T15:57:08.091+0000] {logging_mixin.py:190} INFO - [2026-09-23T15:57:08.090+0000] {dagbag.py:588} INFO - Filling up the DagBag from /opt/airflow/dags/dss150p_pipeline.py
[2026-09-23T15:57:08.189+0000] {processor.py:925} INFO - DAG(s) 'dss150p_sales_pipeline' retrieved from /opt/airflow/dags/dss150p_pipeline.py
[2026-09-23T15:57:08.818+0000] {logging_mixin.py:190} INFO - [2026-09-23T15:57:08.818+0000] {dag.py:3239} INFO - Sync 1 DAGs
[2026-09-23T15:57:08.991+0000] {logging_mixin.py:190} INFO - [2026-09-23T15:57:08.989+0000] {dag.py:4180} INFO - Setting next_dagrun for dss150p_sales_pipeline to 2026-09-23 02:00:00+00:00, run_after=2026-09-24 02:00:00+00:00
[2026-09-23T15:57:09.154+0000] {processor.py:208} INFO - Processing /opt/airflow/dags/dss150p_pipeline.py took 1.113 seconds
[2026-09-23T15:57:40.544+0000] {processor.py:186} INFO - Started process (PID=2183) to work on /opt/airflow/dags/dss150p_pipeline.py
[2026-09-23T15:57:40.622+0000] {processor.py:914} INFO - Processing file /opt/airflow/dags/dss150p_pipeline.py for tasks to queue
[2026-09-23T15:57:40.639+0000] {logging_mixin.py:190} INFO - [2026-09-23T15:57:40.637+0000] {dagbag.py:588} INFO - Filling up the DagBag from /opt/airflow/dags/dss150p_pipeline.py
[2026-09-23T15:57:40.829+0000] {processor.py:925} INFO - DAG(s) 'dss150p_sales_pipeline' retrieved from /opt/airflow/dags/dss150p_pipeline.py
[2026-09-23T15:57:41.373+0000] {logging_mixin.py:190} INFO - [2026-09-23T15:57:41.343+0000] {dag.py:3239} INFO - Sync 1 DAGs
[2026-09-23T15:57:41.744+0000] {logging_mixin.py:190} INFO - [2026-09-23T15:57:41.744+0000] {dag.py:4180} INFO - Setting next_dagrun for dss150p_sales_pipeline to 2026-09-23 02:00:00+00:00, run_after=2026-09-24 02:00:00+00:00
[2026-09-23T15:57:41.911+0000] {processor.py:208} INFO - Processing /opt/airflow/dags/dss150p_pipeline.py took 1.573 seconds
[2026-09-23T15:58:12.527+0000] {processor.py:186} INFO - Started process (PID=2188) to work on /opt/airflow/dags/dss150p_pipeline.py
[2026-09-23T15:58:12.532+0000] {processor.py:914} INFO - Processing file /opt/airflow/dags/dss150p_pipeline.py for tasks to queue
[2026-09-23T15:58:12.549+0000] {logging_mixin.py:190} INFO - [2026-09-23T15:58:12.545+0000] {dagbag.py:588} INFO - Filling up the DagBag from /opt/airflow/dags/dss150p_pipeline.py
[2026-09-23T15:58:12.728+0000] {processor.py:925} INFO - DAG(s) 'dss150p_sales_pipeline' retrieved from /opt/airflow/dags/dss150p_pipeline.py
[2026-09-23T15:58:13.025+0000] {logging_mixin.py:190} INFO - [2026-09-23T15:58:13.025+0000] {dag.py:3239} INFO - Sync 1 DAGs
[2026-09-23T15:58:13.173+0000] {logging_mixin.py:190} INFO - [2026-09-23T15:58:13.172+0000] {dag.py:4180} INFO - Setting next_dagrun for dss150p_sales_pipeline to 2026-09-23 02:00:00+00:00, run_after=2026-09-24 02:00:00+00:00
[2026-09-23T15:58:13.357+0000] {processor.py:208} INFO - Processing /opt/airflow/dags/dss150p_pipeline.py took 0.870 seconds
[2026-09-23T15:58:43.559+0000] {processor.py:186} INFO - Started process (PID=2193) to work on /opt/airflow/dags/dss150p_pipeline.py
[2026-09-23T15:58:43.576+0000] {processor.py:914} INFO - Processing file /opt/airflow/dags/dss150p_pipeline.py for tasks to queue
[2026-09-23T15:58:43.588+0000] {logging_mixin.py:190} INFO - [2026-09-23T15:58:43.587+0000] {dagbag.py:588} INFO - Filling up the DagBag from /opt/airflow/dags/dss150p_pipeline.py
[2026-09-23T15:58:43.770+0000] {processor.py:925} INFO - DAG(s) 'dss150p_sales_pipeline' retrieved from /opt/airflow/dags/dss150p_pipeline.py
[2026-09-23T15:58:44.279+0000] {logging_mixin.py:190} INFO - [2026-09-23T15:58:44.279+0000] {dag.py:3239} INFO - Sync 1 DAGs
[2026-09-23T15:58:44.584+0000] {logging_mixin.py:190} INFO - [2026-09-23T15:58:44.584+0000] {dag.py:4180} INFO - Setting next_dagrun for dss150p_sales_pipeline to 2026-09-23 02:00:00+00:00, run_after=2026-09-24 02:00:00+00:00
[2026-09-23T15:58:44.700+0000] {processor.py:208} INFO - Processing /opt/airflow/dags/dss150p_pipeline.py took 1.174 seconds
[2026-09-23T15:59:14.857+0000] {processor.py:186} INFO - Started process (PID=2198) to work on /opt/airflow/dags/dss150p_pipeline.py
[2026-09-23T15:59:14.860+0000] {processor.py:914} INFO - Processing file /opt/airflow/dags/dss150p_pipeline.py for tasks to queue
[2026-09-23T15:59:14.873+0000] {logging_mixin.py:190} INFO - [2026-09-23T15:59:14.872+0000] {dagbag.py:588} INFO - Filling up the DagBag from /opt/airflow/dags/dss150p_pipeline.py
[2026-09-23T15:59:14.989+0000] {processor.py:925} INFO - DAG(s) 'dss150p_sales_pipeline' retrieved from /opt/airflow/dags/dss150p_pipeline.py
[2026-09-23T15:59:15.385+0000] {logging_mixin.py:190} INFO - [2026-09-23T15:59:15.384+0000] {dag.py:3239} INFO - Sync 1 DAGs
[2026-09-23T15:59:16.174+0000] {logging_mixin.py:190} INFO - [2026-09-23T15:59:16.173+0000] {dag.py:4180} INFO - Setting next_dagrun for dss150p_sales_pipeline to 2026-09-23 02:00:00+00:00, run_after=2026-09-24 02:00:00+00:00
[2026-09-23T15:59:16.345+0000] {processor.py:208} INFO - Processing /opt/airflow/dags/dss150p_pipeline.py took 1.503 seconds
[2026-09-23T15:59:47.266+0000] {processor.py:186} INFO - Started process (PID=2203) to work on /opt/airflow/dags/dss150p_pipeline.py
[2026-09-23T15:59:47.284+0000] {processor.py:914} INFO - Processing file /opt/airflow/dags/dss150p_pipeline.py for tasks to queue
[2026-09-23T15:59:47.300+0000] {logging_mixin.py:190} INFO - [2026-09-23T15:59:47.295+0000] {dagbag.py:588} INFO - Filling up the DagBag from /opt/airflow/dags/dss150p_pipeline.py
[2026-09-23T15:59:47.432+0000] {processor.py:925} INFO - DAG(s) 'dss150p_sales_pipeline' retrieved from /opt/airflow/dags/dss150p_pipeline.py
[2026-09-23T15:59:47.732+0000] {logging_mixin.py:190} INFO - [2026-09-23T15:59:47.731+0000] {dag.py:3239} INFO - Sync 1 DAGs
[2026-09-23T15:59:47.962+0000] {logging_mixin.py:190} INFO - [2026-09-23T15:59:47.962+0000] {dag.py:4180} INFO - Setting next_dagrun for dss150p_sales_pipeline to 2026-09-23 02:00:00+00:00, run_after=2026-09-24 02:00:00+00:00
[2026-09-23T15:59:48.068+0000] {processor.py:208} INFO - Processing /opt/airflow/dags/dss150p_pipeline.py took 0.843 seconds
[2026-09-23T16:00:18.370+0000] {processor.py:186} INFO - Started process (PID=2208) to work on /opt/airflow/dags/dss150p_pipeline.py
[2026-09-23T16:00:18.377+0000] {processor.py:914} INFO - Processing file /opt/airflow/dags/dss150p_pipeline.py for tasks to queue
[2026-09-23T16:00:18.389+0000] {logging_mixin.py:190} INFO - [2026-09-23T16:00:18.388+0000] {dagbag.py:588} INFO - Filling up the DagBag from /opt/airflow/dags/dss150p_pipeline.py
[2026-09-23T16:00:18.588+0000] {processor.py:925} INFO - DAG(s) 'dss150p_sales_pipeline' retrieved from /opt/airflow/dags/dss150p_pipeline.py
[2026-09-23T16:00:18.839+0000] {logging_mixin.py:190} INFO - [2026-09-23T16:00:18.838+0000] {dag.py:3239} INFO - Sync 1 DAGs
[2026-09-23T16:00:18.938+0000] {logging_mixin.py:190} INFO - [2026-09-23T16:00:18.938+0000] {dag.py:4180} INFO - Setting next_dagrun for dss150p_sales_pipeline to 2026-09-23 02:00:00+00:00, run_after=2026-09-24 02:00:00+00:00
[2026-09-23T16:00:18.985+0000] {processor.py:208} INFO - Processing /opt/airflow/dags/dss150p_pipeline.py took 0.633 seconds
[2026-09-23T16:00:49.937+0000] {processor.py:186} INFO - Started process (PID=2213) to work on /opt/airflow/dags/dss150p_pipeline.py
[2026-09-23T16:00:49.938+0000] {processor.py:914} INFO - Processing file /opt/airflow/dags/dss150p_pipeline.py for tasks to queue
[2026-09-23T16:00:49.951+0000] {logging_mixin.py:190} INFO - [2026-09-23T16:00:49.950+0000] {dagbag.py:588} INFO - Filling up the DagBag from /opt/airflow/dags/dss150p_pipeline.py
[2026-09-23T16:00:50.019+0000] {processor.py:925} INFO - DAG(s) 'dss150p_sales_pipeline' retrieved from /opt/airflow/dags/dss150p_pipeline.py
[2026-09-23T16:00:50.346+0000] {logging_mixin.py:190} INFO - [2026-09-23T16:00:50.345+0000] {dag.py:3239} INFO - Sync 1 DAGs
[2026-09-23T16:00:50.562+0000] {logging_mixin.py:190} INFO - [2026-09-23T16:00:50.558+0000] {dag.py:4180} INFO - Setting next_dagrun for dss150p_sales_pipeline to 2026-09-23 02:00:00+00:00, run_after=2026-09-24 02:00:00+00:00
[2026-09-23T16:00:50.660+0000] {processor.py:208} INFO - Processing /opt/airflow/dags/dss150p_pipeline.py took 0.771 seconds
[2026-09-23T16:01:21.325+0000] {processor.py:186} INFO - Started process (PID=2218) to work on /opt/airflow/dags/dss150p_pipeline.py
[2026-09-23T16:01:21.331+0000] {processor.py:914} INFO - Processing file /opt/airflow/dags/dss150p_pipeline.py for tasks to queue
[2026-09-23T16:01:21.349+0000] {logging_mixin.py:190} INFO - [2026-09-23T16:01:21.347+0000] {dagbag.py:588} INFO - Filling up the DagBag from /opt/airflow/dags/dss150p_pipeline.py
[2026-09-23T16:01:21.402+0000] {processor.py:925} INFO - DAG(s) 'dss150p_sales_pipeline' retrieved from /opt/airflow/dags/dss150p_pipeline.py
[2026-09-23T16:01:23.920+0000] {logging_mixin.py:190} INFO - [2026-09-23T16:01:23.919+0000] {dag.py:3239} INFO - Sync 1 DAGs
[2026-09-23T16:01:24.021+0000] {logging_mixin.py:190} INFO - [2026-09-23T16:01:24.020+0000] {dag.py:4180} INFO - Setting next_dagrun for dss150p_sales_pipeline to 2026-09-23 02:00:00+00:00, run_after=2026-09-24 02:00:00+00:00
[2026-09-23T16:01:24.078+0000] {processor.py:208} INFO - Processing /opt/airflow/dags/dss150p_pipeline.py took 2.778 seconds
[2026-09-23T16:01:54.408+0000] {processor.py:186} INFO - Started process (PID=2223) to work on /opt/airflow/dags/dss150p_pipeline.py
[2026-09-23T16:01:54.522+0000] {processor.py:914} INFO - Processing file /opt/airflow/dags/dss150p_pipeline.py for tasks to queue
[2026-09-23T16:01:54.559+0000] {logging_mixin.py:190} INFO - [2026-09-23T16:01:54.553+0000] {dagbag.py:588} INFO - Filling up the DagBag from /opt/airflow/dags/dss150p_pipeline.py
[2026-09-23T16:01:55.367+0000] {processor.py:925} INFO - DAG(s) 'dss150p_sales_pipeline' retrieved from /opt/airflow/dags/dss150p_pipeline.py
[2026-09-23T16:01:56.984+0000] {logging_mixin.py:190} INFO - [2026-09-23T16:01:56.983+0000] {dag.py:3239} INFO - Sync 1 DAGs
[2026-09-23T16:01:57.070+0000] {logging_mixin.py:190} INFO - [2026-09-23T16:01:57.069+0000] {dag.py:4180} INFO - Setting next_dagrun for dss150p_sales_pipeline to 2026-09-23 02:00:00+00:00, run_after=2026-09-24 02:00:00+00:00
[2026-09-23T16:01:57.320+0000] {processor.py:208} INFO - Processing /opt/airflow/dags/dss150p_pipeline.py took 2.975 seconds
[2026-09-23T16:02:31.484+0000] {processor.py:186} INFO - Started process (PID=2228) to work on /opt/airflow/dags/dss150p_pipeline.py
[2026-09-23T16:02:31.637+0000] {processor.py:914} INFO - Processing file /opt/airflow/dags/dss150p_pipeline.py for tasks to queue
[2026-09-23T16:02:31.655+0000] {logging_mixin.py:190} INFO - [2026-09-23T16:02:31.650+0000] {dagbag.py:588} INFO - Filling up the DagBag from /opt/airflow/dags/dss150p_pipeline.py
[2026-09-23T16:02:33.104+0000] {processor.py:925} INFO - DAG(s) 'dss150p_sales_pipeline' retrieved from /opt/airflow/dags/dss150p_pipeline.py
[2026-09-23T16:02:33.771+0000] {logging_mixin.py:190} INFO - [2026-09-23T16:02:33.770+0000] {dag.py:3239} INFO - Sync 1 DAGs
[2026-09-23T16:02:34.146+0000] {logging_mixin.py:190} INFO - [2026-09-23T16:02:34.145+0000] {dag.py:4180} INFO - Setting next_dagrun for dss150p_sales_pipeline to 2026-09-23 02:00:00+00:00, run_after=2026-09-24 02:00:00+00:00
[2026-09-23T16:02:34.305+0000] {processor.py:208} INFO - Processing /opt/airflow/dags/dss150p_pipeline.py took 3.413 seconds
[2026-09-23T16:03:04.594+0000] {processor.py:186} INFO - Started process (PID=2233) to work on /opt/airflow/dags/dss150p_pipeline.py
[2026-09-23T16:03:04.605+0000] {processor.py:914} INFO - Processing file /opt/airflow/dags/dss150p_pipeline.py for tasks to queue
[2026-09-23T16:03:04.611+0000] {logging_mixin.py:190} INFO - [2026-09-23T16:03:04.610+0000] {dagbag.py:588} INFO - Filling up the DagBag from /opt/airflow/dags/dss150p_pipeline.py
[2026-09-23T16:03:04.719+0000] {processor.py:925} INFO - DAG(s) 'dss150p_sales_pipeline' retrieved from /opt/airflow/dags/dss150p_pipeline.py
[2026-09-23T16:03:04.883+0000] {logging_mixin.py:190} INFO - [2026-09-23T16:03:04.881+0000] {dag.py:3239} INFO - Sync 1 DAGs
[2026-09-23T16:03:04.988+0000] {logging_mixin.py:190} INFO - [2026-09-23T16:03:04.988+0000] {dag.py:4180} INFO - Setting next_dagrun for dss150p_sales_pipeline to 2026-09-23 02:00:00+00:00, run_after=2026-09-24 02:00:00+00:00
[2026-09-23T16:03:05.029+0000] {processor.py:208} INFO - Processing /opt/airflow/dags/dss150p_pipeline.py took 0.458 seconds
[2026-09-23T16:34:58.532+0000] {processor.py:186} INFO - Started process (PID=2238) to work on /opt/airflow/dags/dss150p_pipeline.py
[2026-09-23T16:34:58.743+0000] {processor.py:914} INFO - Processing file /opt/airflow/dags/dss150p_pipeline.py for tasks to queue
[2026-09-23T16:34:59.063+0000] {logging_mixin.py:190} INFO - [2026-09-23T16:34:59.050+0000] {dagbag.py:588} INFO - Filling up the DagBag from /opt/airflow/dags/dss150p_pipeline.py
[2026-09-23T16:35:00.250+0000] {processor.py:925} INFO - DAG(s) 'dss150p_sales_pipeline' retrieved from /opt/airflow/dags/dss150p_pipeline.py
[2026-09-23T16:35:01.759+0000] {logging_mixin.py:190} INFO - [2026-09-23T16:35:01.750+0000] {dag.py:3239} INFO - Sync 1 DAGs
[2026-09-23T16:56:30.101+0000] {logging_mixin.py:190} INFO - [2026-09-23T16:56:29.439+0000] {dag.py:4180} INFO - Setting next_dagrun for dss150p_sales_pipeline to 2026-09-23 02:00:00+00:00, run_after=2026-09-24 02:00:00+00:00
