[2026-09-23T13:15:12.801+0000] {manager.py:483} INFO - Processing files using up to 2 processes at a time 
[2026-09-23T13:15:12.988+0000] {manager.py:484} INFO - Process each file at most once every 30 seconds
[2026-09-23T13:15:13.003+0000] {manager.py:485} INFO - Checking for new files in /opt/airflow/dags every 300 seconds
[2026-09-23T13:15:13.006+0000] {manager.py:821} INFO - Searching for files in /opt/airflow/dags
[2026-09-23T13:15:13.058+0000] {manager.py:824} INFO - There are 1 files in /opt/airflow/dags
[2026-09-23T13:15:15.075+0000] {manager.py:997} INFO - 
================================================================================
DAG File Processing Stats

File Path                                PID  Runtime      # DAGs    # Errors  Last Runtime    Last Run      Last # of DB Queries
-------------------------------------  -----  ---------  --------  ----------  --------------  ----------  ----------------------
/opt/airflow/dags/dss150p_pipeline.py    163  0.68s             0           0                                                   0
================================================================================
[2026-09-23T13:15:45.614+0000] {manager.py:997} INFO - 
================================================================================
DAG File Processing Stats

File Path                              PID    Runtime      # DAGs    # Errors  Last Runtime    Last Run               Last # of DB Queries
-------------------------------------  -----  ---------  --------  ----------  --------------  -------------------  ----------------------
/opt/airflow/dags/dss150p_pipeline.py                           1           0  6.71s           2026-09-23T13:15:21                      45
================================================================================
[2026-09-23T13:16:16.255+0000] {manager.py:997} INFO - 
================================================================================
DAG File Processing Stats

File Path                              PID    Runtime      # DAGs    # Errors  Last Runtime    Last Run               Last # of DB Queries
-------------------------------------  -----  ---------  --------  ----------  --------------  -------------------  ----------------------
/opt/airflow/dags/dss150p_pipeline.py                           1           0  3.57s           2026-09-23T13:15:54                      12
================================================================================
[2026-09-23T13:16:47.017+0000] {manager.py:997} INFO - 
================================================================================
DAG File Processing Stats

File Path                              PID    Runtime      # DAGs    # Errors  Last Runtime    Last Run               Last # of DB Queries
-------------------------------------  -----  ---------  --------  ----------  --------------  -------------------  ----------------------
/opt/airflow/dags/dss150p_pipeline.py                           1           0  2.34s           2026-09-23T13:16:27                      12
================================================================================
[2026-09-23T13:17:17.800+0000] {manager.py:997} INFO - 
================================================================================
DAG File Processing Stats

File Path                              PID    Runtime      # DAGs    # Errors  Last Runtime    Last Run               Last # of DB Queries
-------------------------------------  -----  ---------  --------  ----------  --------------  -------------------  ----------------------
/opt/airflow/dags/dss150p_pipeline.py                           1           0  1.00s           2026-09-23T13:16:59                      12
================================================================================
[2026-09-23T13:17:48.021+0000] {manager.py:997} INFO - 
================================================================================
DAG File Processing Stats

File Path                              PID    Runtime      # DAGs    # Errors  Last Runtime    Last Run               Last # of DB Queries
-------------------------------------  -----  ---------  --------  ----------  --------------  -------------------  ----------------------
/opt/airflow/dags/dss150p_pipeline.py                           1           0  1.49s           2026-09-23T13:17:31                      12
================================================================================
[2026-09-23T13:18:18.060+0000] {manager.py:997} INFO - 
================================================================================
DAG File Processing Stats

File Path                              PID    Runtime      # DAGs    # Errors  Last Runtime    Last Run               Last # of DB Queries
-------------------------------------  -----  ---------  --------  ----------  --------------  -------------------  ----------------------
/opt/airflow/dags/dss150p_pipeline.py                           1           0  3.02s           2026-09-23T13:18:04                      12
================================================================================
[2026-09-23T13:18:48.684+0000] {manager.py:997} INFO - 
================================================================================
DAG File Processing Stats

File Path                              PID    Runtime      # DAGs    # Errors  Last Runtime    Last Run               Last # of DB Queries
-------------------------------------  -----  ---------  --------  ----------  --------------  -------------------  ----------------------
/opt/airflow/dags/dss150p_pipeline.py                           1           0  0.58s           2026-09-23T13:18:35                      12
================================================================================
[2026-09-23T13:19:19.099+0000] {manager.py:997} INFO - 
================================================================================
DAG File Processing Stats

File Path                              PID    Runtime      # DAGs    # Errors  Last Runtime    Last Run               Last # of DB Queries
-------------------------------------  -----  ---------  --------  ----------  --------------  -------------------  ----------------------
/opt/airflow/dags/dss150p_pipeline.py                           1           0  0.97s           2026-09-23T13:19:06                      12
================================================================================
[2026-09-23T13:19:49.683+0000] {manager.py:997} INFO - 
================================================================================
DAG File Processing Stats

File Path                              PID    Runtime      # DAGs    # Errors  Last Runtime    Last Run               Last # of DB Queries
-------------------------------------  -----  ---------  --------  ----------  --------------  -------------------  ----------------------
/opt/airflow/dags/dss150p_pipeline.py                           1           0  1.22s           2026-09-23T13:19:38                      12
================================================================================
[2026-09-23T13:20:13.156+0000] {manager.py:821} INFO - Searching for files in /opt/airflow/dags
[2026-09-23T13:20:13.181+0000] {manager.py:824} INFO - There are 1 files in /opt/airflow/dags
[2026-09-23T13:20:20.013+0000] {manager.py:997} INFO - 
================================================================================
DAG File Processing Stats

File Path                              PID    Runtime      # DAGs    # Errors  Last Runtime    Last Run               Last # of DB Queries
-------------------------------------  -----  ---------  --------  ----------  --------------  -------------------  ----------------------
/opt/airflow/dags/dss150p_pipeline.py                           1           0  0.25s           2026-09-23T13:20:09                      12
================================================================================
[2026-09-23T13:20:50.334+0000] {manager.py:997} INFO - 
================================================================================
DAG File Processing Stats

File Path                              PID    Runtime      # DAGs    # Errors  Last Runtime    Last Run               Last # of DB Queries
-------------------------------------  -----  ---------  --------  ----------  --------------  -------------------  ----------------------
/opt/airflow/dags/dss150p_pipeline.py                           1           0  0.35s           2026-09-23T13:20:39                      12
================================================================================
[2026-09-23T13:21:20.432+0000] {manager.py:997} INFO - 
================================================================================
DAG File Processing Stats

File Path                              PID    Runtime      # DAGs    # Errors  Last Runtime    Last Run               Last # of DB Queries
-------------------------------------  -----  ---------  --------  ----------  --------------  -------------------  ----------------------
/opt/airflow/dags/dss150p_pipeline.py                           1           0  0.38s           2026-09-23T13:21:10                      12
================================================================================
[2026-09-23T13:21:50.831+0000] {manager.py:997} INFO - 
================================================================================
DAG File Processing Stats

File Path                              PID    Runtime      # DAGs    # Errors  Last Runtime    Last Run               Last # of DB Queries
-------------------------------------  -----  ---------  --------  ----------  --------------  -------------------  ----------------------
/opt/airflow/dags/dss150p_pipeline.py                           1           0  0.29s           2026-09-23T13:21:40                      12
================================================================================
[2026-09-23T13:24:35.476+0000] {manager.py:483} INFO - Processing files using up to 2 processes at a time 
[2026-09-23T13:24:35.478+0000] {manager.py:484} INFO - Process each file at most once every 30 seconds
[2026-09-23T13:24:35.479+0000] {manager.py:485} INFO - Checking for new files in /opt/airflow/dags every 300 seconds
[2026-09-23T13:24:35.481+0000] {manager.py:821} INFO - Searching for files in /opt/airflow/dags
[2026-09-23T13:24:35.501+0000] {manager.py:824} INFO - There are 1 files in /opt/airflow/dags
[2026-09-23T13:24:35.813+0000] {manager.py:997} INFO - 
================================================================================
DAG File Processing Stats

File Path                                PID  Runtime      # DAGs    # Errors  Last Runtime    Last Run      Last # of DB Queries
-------------------------------------  -----  ---------  --------  ----------  --------------  ----------  ----------------------
/opt/airflow/dags/dss150p_pipeline.py    162  0.14s             0           0                                                   0
================================================================================
[2026-09-23T13:25:07.185+0000] {manager.py:997} INFO - 
================================================================================
DAG File Processing Stats

File Path                                PID  Runtime      # DAGs    # Errors  Last Runtime    Last Run               Last # of DB Queries
-------------------------------------  -----  ---------  --------  ----------  --------------  -------------------  ----------------------
/opt/airflow/dags/dss150p_pipeline.py    167  0.17s             1           0  0.59s           2026-09-23T13:24:36                      12
================================================================================
[2026-09-23T13:25:37.844+0000] {manager.py:997} INFO - 
================================================================================
DAG File Processing Stats

File Path                              PID    Runtime      # DAGs    # Errors  Last Runtime    Last Run               Last # of DB Queries
-------------------------------------  -----  ---------  --------  ----------  --------------  -------------------  ----------------------
/opt/airflow/dags/dss150p_pipeline.py                           1           0  3.06s           2026-09-23T13:25:09                      12
================================================================================
[2026-09-23T13:26:08.010+0000] {manager.py:997} INFO - 
================================================================================
DAG File Processing Stats

File Path                              PID    Runtime      # DAGs    # Errors  Last Runtime    Last Run               Last # of DB Queries
-------------------------------------  -----  ---------  --------  ----------  --------------  -------------------  ----------------------
/opt/airflow/dags/dss150p_pipeline.py                           1           0  1.21s           2026-09-23T13:25:41                      12
================================================================================
[2026-09-23T13:26:38.386+0000] {manager.py:997} INFO - 
================================================================================
DAG File Processing Stats

File Path                              PID    Runtime      # DAGs    # Errors  Last Runtime    Last Run               Last # of DB Queries
-------------------------------------  -----  ---------  --------  ----------  --------------  -------------------  ----------------------
/opt/airflow/dags/dss150p_pipeline.py                           1           0  2.41s           2026-09-23T13:26:14                      12
================================================================================
[2026-09-23T13:27:08.492+0000] {manager.py:997} INFO - 
================================================================================
DAG File Processing Stats

File Path                              PID    Runtime      # DAGs    # Errors  Last Runtime    Last Run               Last # of DB Queries
-------------------------------------  -----  ---------  --------  ----------  --------------  -------------------  ----------------------
/opt/airflow/dags/dss150p_pipeline.py                           1           0  0.58s           2026-09-23T13:26:45                      12
================================================================================
[2026-09-23T13:27:38.569+0000] {manager.py:997} INFO - 
================================================================================
DAG File Processing Stats

File Path                              PID    Runtime      # DAGs    # Errors  Last Runtime    Last Run               Last # of DB Queries
-------------------------------------  -----  ---------  --------  ----------  --------------  -------------------  ----------------------
/opt/airflow/dags/dss150p_pipeline.py                           1           0  1.63s           2026-09-23T13:27:17                      12
================================================================================
[2026-09-23T13:28:09.414+0000] {manager.py:997} INFO - 
================================================================================
DAG File Processing Stats

File Path                              PID    Runtime      # DAGs    # Errors  Last Runtime    Last Run               Last # of DB Queries
-------------------------------------  -----  ---------  --------  ----------  --------------  -------------------  ----------------------
/opt/airflow/dags/dss150p_pipeline.py                           1           0  0.92s           2026-09-23T13:27:48                      12
================================================================================
[2026-09-23T13:28:39.556+0000] {manager.py:997} INFO - 
================================================================================
DAG File Processing Stats

File Path                              PID    Runtime      # DAGs    # Errors  Last Runtime    Last Run               Last # of DB Queries
-------------------------------------  -----  ---------  --------  ----------  --------------  -------------------  ----------------------
/opt/airflow/dags/dss150p_pipeline.py                           1           0  0.58s           2026-09-23T13:28:19                      12
================================================================================
[2026-09-23T13:29:10.304+0000] {manager.py:997} INFO - 
================================================================================
DAG File Processing Stats

File Path                              PID    Runtime      # DAGs    # Errors  Last Runtime    Last Run               Last # of DB Queries
-------------------------------------  -----  ---------  --------  ----------  --------------  -------------------  ----------------------
/opt/airflow/dags/dss150p_pipeline.py                           1           0  0.66s           2026-09-23T13:28:50                      12
================================================================================
[2026-09-23T13:29:35.697+0000] {manager.py:821} INFO - Searching for files in /opt/airflow/dags
[2026-09-23T13:29:35.771+0000] {manager.py:824} INFO - There are 1 files in /opt/airflow/dags
[2026-09-23T13:29:40.537+0000] {manager.py:997} INFO - 
================================================================================
DAG File Processing Stats

File Path                              PID    Runtime      # DAGs    # Errors  Last Runtime    Last Run               Last # of DB Queries
-------------------------------------  -----  ---------  --------  ----------  --------------  -------------------  ----------------------
/opt/airflow/dags/dss150p_pipeline.py                           1           0  0.72s           2026-09-23T13:29:21                      12
================================================================================
[2026-09-23T13:30:10.703+0000] {manager.py:997} INFO - 
================================================================================
DAG File Processing Stats

File Path                              PID    Runtime      # DAGs    # Errors  Last Runtime    Last Run               Last # of DB Queries
-------------------------------------  -----  ---------  --------  ----------  --------------  -------------------  ----------------------
/opt/airflow/dags/dss150p_pipeline.py                           1           0  0.54s           2026-09-23T13:29:52                      12
================================================================================
[2026-09-23T13:30:41.042+0000] {manager.py:997} INFO - 
================================================================================
DAG File Processing Stats

File Path                              PID    Runtime      # DAGs    # Errors  Last Runtime    Last Run               Last # of DB Queries
-------------------------------------  -----  ---------  --------  ----------  --------------  -------------------  ----------------------
/opt/airflow/dags/dss150p_pipeline.py                           1           0  0.33s           2026-09-23T13:30:22                      12
================================================================================
[2026-09-23T13:31:11.576+0000] {manager.py:997} INFO - 
================================================================================
DAG File Processing Stats

File Path                              PID    Runtime      # DAGs    # Errors  Last Runtime    Last Run               Last # of DB Queries
-------------------------------------  -----  ---------  --------  ----------  --------------  -------------------  ----------------------
/opt/airflow/dags/dss150p_pipeline.py                           1           0  0.87s           2026-09-23T13:30:54                      12
================================================================================
[2026-09-23T13:31:42.274+0000] {manager.py:997} INFO - 
================================================================================
DAG File Processing Stats

File Path                              PID    Runtime      # DAGs    # Errors  Last Runtime    Last Run               Last # of DB Queries
-------------------------------------  -----  ---------  --------  ----------  --------------  -------------------  ----------------------
/opt/airflow/dags/dss150p_pipeline.py                           1           0  1.13s           2026-09-23T13:31:25                      12
================================================================================
[2026-09-23T13:32:12.688+0000] {manager.py:997} INFO - 
================================================================================
DAG File Processing Stats

File Path                              PID    Runtime      # DAGs    # Errors  Last Runtime    Last Run               Last # of DB Queries
-------------------------------------  -----  ---------  --------  ----------  --------------  -------------------  ----------------------
/opt/airflow/dags/dss150p_pipeline.py                           1           0  2.10s           2026-09-23T13:31:57                      12
================================================================================
[2026-09-23T13:32:43.021+0000] {manager.py:997} INFO - 
================================================================================
DAG File Processing Stats

File Path                              PID    Runtime      # DAGs    # Errors  Last Runtime    Last Run               Last # of DB Queries
-------------------------------------  -----  ---------  --------  ----------  --------------  -------------------  ----------------------
/opt/airflow/dags/dss150p_pipeline.py                           1           0  0.58s           2026-09-23T13:32:28                      12
================================================================================
[2026-09-23T13:33:13.046+0000] {manager.py:997} INFO - 
================================================================================
DAG File Processing Stats

File Path                              PID    Runtime      # DAGs    # Errors  Last Runtime    Last Run               Last # of DB Queries
-------------------------------------  -----  ---------  --------  ----------  --------------  -------------------  ----------------------
/opt/airflow/dags/dss150p_pipeline.py                           1           0  0.62s           2026-09-23T13:33:00                      12
================================================================================
[2026-09-23T13:33:43.666+0000] {manager.py:997} INFO - 
================================================================================
DAG File Processing Stats

File Path                              PID    Runtime      # DAGs    # Errors  Last Runtime    Last Run               Last # of DB Queries
-------------------------------------  -----  ---------  --------  ----------  --------------  -------------------  ----------------------
/opt/airflow/dags/dss150p_pipeline.py                           1           0  1.24s           2026-09-23T13:33:31                      12
================================================================================
[2026-09-23T13:34:14.203+0000] {manager.py:997} INFO - 
================================================================================
DAG File Processing Stats

File Path                              PID    Runtime      # DAGs    # Errors  Last Runtime    Last Run               Last # of DB Queries
-------------------------------------  -----  ---------  --------  ----------  --------------  -------------------  ----------------------
/opt/airflow/dags/dss150p_pipeline.py                           1           0  1.09s           2026-09-23T13:34:03                      12
================================================================================
[2026-09-23T13:34:35.878+0000] {manager.py:821} INFO - Searching for files in /opt/airflow/dags
[2026-09-23T13:34:35.897+0000] {manager.py:824} INFO - There are 1 files in /opt/airflow/dags
[2026-09-23T13:34:44.811+0000] {manager.py:997} INFO - 
================================================================================
DAG File Processing Stats

File Path                              PID    Runtime      # DAGs    # Errors  Last Runtime    Last Run               Last # of DB Queries
-------------------------------------  -----  ---------  --------  ----------  --------------  -------------------  ----------------------
/opt/airflow/dags/dss150p_pipeline.py                           1           0  0.31s           2026-09-23T13:34:33                      12
================================================================================
[2026-09-23T13:35:15.276+0000] {manager.py:997} INFO - 
================================================================================
DAG File Processing Stats

File Path                              PID    Runtime      # DAGs    # Errors  Last Runtime    Last Run               Last # of DB Queries
-------------------------------------  -----  ---------  --------  ----------  --------------  -------------------  ----------------------
/opt/airflow/dags/dss150p_pipeline.py                           1           0  0.23s           2026-09-23T13:35:04                      12
================================================================================
[2026-09-23T13:35:45.299+0000] {manager.py:997} INFO - 
================================================================================
DAG File Processing Stats

File Path                              PID    Runtime      # DAGs    # Errors  Last Runtime    Last Run               Last # of DB Queries
-------------------------------------  -----  ---------  --------  ----------  --------------  -------------------  ----------------------
/opt/airflow/dags/dss150p_pipeline.py                           1           0  1.62s           2026-09-23T13:35:36                      12
================================================================================
[2026-09-23T13:36:15.430+0000] {manager.py:997} INFO - 
================================================================================
DAG File Processing Stats

File Path                              PID    Runtime      # DAGs    # Errors  Last Runtime    Last Run               Last # of DB Queries
-------------------------------------  -----  ---------  --------  ----------  --------------  -------------------  ----------------------
/opt/airflow/dags/dss150p_pipeline.py                           1           0  0.64s           2026-09-23T13:36:06                      12
================================================================================
[2026-09-23T13:36:45.763+0000] {manager.py:997} INFO - 
================================================================================
DAG File Processing Stats

File Path                              PID    Runtime      # DAGs    # Errors  Last Runtime    Last Run               Last # of DB Queries
-------------------------------------  -----  ---------  --------  ----------  --------------  -------------------  ----------------------
/opt/airflow/dags/dss150p_pipeline.py                           1           0  0.97s           2026-09-23T13:36:38                      12
================================================================================
[2026-09-23T13:37:16.127+0000] {manager.py:997} INFO - 
================================================================================
DAG File Processing Stats

File Path                              PID    Runtime      # DAGs    # Errors  Last Runtime    Last Run               Last # of DB Queries
-------------------------------------  -----  ---------  --------  ----------  --------------  -------------------  ----------------------
/opt/airflow/dags/dss150p_pipeline.py                           1           0  0.60s           2026-09-23T13:37:09                      12
================================================================================
[2026-09-23T13:37:46.192+0000] {manager.py:997} INFO - 
================================================================================
DAG File Processing Stats

File Path                              PID    Runtime      # DAGs    # Errors  Last Runtime    Last Run               Last # of DB Queries
-------------------------------------  -----  ---------  --------  ----------  --------------  -------------------  ----------------------
/opt/airflow/dags/dss150p_pipeline.py                           1           0  0.24s           2026-09-23T13:37:40                      12
================================================================================
[2026-09-23T13:38:16.269+0000] {manager.py:997} INFO - 
================================================================================
DAG File Processing Stats

File Path                              PID    Runtime      # DAGs    # Errors  Last Runtime    Last Run               Last # of DB Queries
-------------------------------------  -----  ---------  --------  ----------  --------------  -------------------  ----------------------
/opt/airflow/dags/dss150p_pipeline.py                           1           0  0.30s           2026-09-23T13:38:11                      12
================================================================================
[2026-09-23T13:38:46.436+0000] {manager.py:997} INFO - 
================================================================================
DAG File Processing Stats

File Path                                PID  Runtime      # DAGs    # Errors  Last Runtime    Last Run               Last # of DB Queries
-------------------------------------  -----  ---------  --------  ----------  --------------  -------------------  ----------------------
/opt/airflow/dags/dss150p_pipeline.py    447  3.77s             1           0  0.30s           2026-09-23T13:38:11                      12
================================================================================
[2026-09-23T13:39:16.595+0000] {manager.py:997} INFO - 
================================================================================
DAG File Processing Stats

File Path                              PID    Runtime      # DAGs    # Errors  Last Runtime    Last Run               Last # of DB Queries
-------------------------------------  -----  ---------  --------  ----------  --------------  -------------------  ----------------------
/opt/airflow/dags/dss150p_pipeline.py                           1           0  4.25s           2026-09-23T13:38:46                      12
================================================================================
[2026-09-23T13:39:36.090+0000] {manager.py:821} INFO - Searching for files in /opt/airflow/dags
[2026-09-23T13:39:36.110+0000] {manager.py:824} INFO - There are 1 files in /opt/airflow/dags
[2026-09-23T13:39:46.977+0000] {manager.py:997} INFO - 
================================================================================
DAG File Processing Stats

File Path                              PID    Runtime      # DAGs    # Errors  Last Runtime    Last Run               Last # of DB Queries
-------------------------------------  -----  ---------  --------  ----------  --------------  -------------------  ----------------------
/opt/airflow/dags/dss150p_pipeline.py                           1           0  1.29s           2026-09-23T13:39:18                      12
================================================================================
[2026-09-23T13:40:16.893+0000] {manager.py:997} INFO - 
================================================================================
DAG File Processing Stats

File Path                              PID    Runtime      # DAGs    # Errors  Last Runtime    Last Run               Last # of DB Queries
-------------------------------------  -----  ---------  --------  ----------  --------------  -------------------  ----------------------
/opt/airflow/dags/dss150p_pipeline.py                           1           0  18.13s          2026-09-23T13:40:10                      12
================================================================================
[2026-09-23T13:40:47.480+0000] {manager.py:997} INFO - 
================================================================================
DAG File Processing Stats

File Path                              PID    Runtime      # DAGs    # Errors  Last Runtime    Last Run               Last # of DB Queries
-------------------------------------  -----  ---------  --------  ----------  --------------  -------------------  ----------------------
/opt/airflow/dags/dss150p_pipeline.py                           1           0  1.00s           2026-09-23T13:40:42                      12
================================================================================
[2026-09-23T13:41:21.978+0000] {manager.py:997} INFO - 
================================================================================
DAG File Processing Stats

File Path                                PID  Runtime      # DAGs    # Errors  Last Runtime    Last Run               Last # of DB Queries
-------------------------------------  -----  ---------  --------  ----------  --------------  -------------------  ----------------------
/opt/airflow/dags/dss150p_pipeline.py    514  0.73s             1           0  1.00s           2026-09-23T13:40:42                      12
================================================================================
[2026-09-23T13:41:54.538+0000] {manager.py:997} INFO - 
================================================================================
DAG File Processing Stats

File Path                              PID    Runtime      # DAGs    # Errors  Last Runtime    Last Run               Last # of DB Queries
-------------------------------------  -----  ---------  --------  ----------  --------------  -------------------  ----------------------
/opt/airflow/dags/dss150p_pipeline.py                           1           0  15.53s          2026-09-23T13:41:34                      12
================================================================================
[2026-09-23T13:42:24.668+0000] {manager.py:997} INFO - 
================================================================================
DAG File Processing Stats

File Path                              PID    Runtime      # DAGs    # Errors  Last Runtime    Last Run               Last # of DB Queries
-------------------------------------  -----  ---------  --------  ----------  --------------  -------------------  ----------------------
/opt/airflow/dags/dss150p_pipeline.py                           1           0  0.69s           2026-09-23T13:42:05                      12
================================================================================
[2026-09-23T13:42:54.605+0000] {manager.py:997} INFO - 
================================================================================
DAG File Processing Stats

File Path                              PID    Runtime      # DAGs    # Errors  Last Runtime    Last Run               Last # of DB Queries
-------------------------------------  -----  ---------  --------  ----------  --------------  -------------------  ----------------------
/opt/airflow/dags/dss150p_pipeline.py                           1           0  1.36s           2026-09-23T13:42:37                      12
================================================================================
[2026-09-23T13:43:25.900+0000] {manager.py:997} INFO - 
================================================================================
DAG File Processing Stats

File Path                              PID    Runtime      # DAGs    # Errors  Last Runtime    Last Run               Last # of DB Queries
-------------------------------------  -----  ---------  --------  ----------  --------------  -------------------  ----------------------
/opt/airflow/dags/dss150p_pipeline.py                           1           0  0.37s           2026-09-23T13:43:08                      12
================================================================================
[2026-09-23T13:43:55.925+0000] {manager.py:997} INFO - 
================================================================================
DAG File Processing Stats

File Path                              PID    Runtime      # DAGs    # Errors  Last Runtime    Last Run               Last # of DB Queries
-------------------------------------  -----  ---------  --------  ----------  --------------  -------------------  ----------------------
/opt/airflow/dags/dss150p_pipeline.py                           1           0  0.42s           2026-09-23T13:43:39                      12
================================================================================
[2026-09-23T13:44:26.734+0000] {manager.py:997} INFO - 
================================================================================
DAG File Processing Stats

File Path                              PID    Runtime      # DAGs    # Errors  Last Runtime    Last Run               Last # of DB Queries
-------------------------------------  -----  ---------  --------  ----------  --------------  -------------------  ----------------------
/opt/airflow/dags/dss150p_pipeline.py                           1           0  1.56s           2026-09-23T13:44:11                      12
================================================================================
[2026-09-23T13:44:36.331+0000] {manager.py:821} INFO - Searching for files in /opt/airflow/dags
[2026-09-23T13:44:36.378+0000] {manager.py:824} INFO - There are 1 files in /opt/airflow/dags
[2026-09-23T13:44:57.478+0000] {manager.py:997} INFO - 
================================================================================
DAG File Processing Stats

File Path                              PID    Runtime      # DAGs    # Errors  Last Runtime    Last Run               Last # of DB Queries
-------------------------------------  -----  ---------  --------  ----------  --------------  -------------------  ----------------------
/opt/airflow/dags/dss150p_pipeline.py                           1           0  0.76s           2026-09-23T13:44:42                      12
================================================================================
[2026-09-23T13:45:28.030+0000] {manager.py:997} INFO - 
================================================================================
DAG File Processing Stats

File Path                              PID    Runtime      # DAGs    # Errors  Last Runtime    Last Run               Last # of DB Queries
-------------------------------------  -----  ---------  --------  ----------  --------------  -------------------  ----------------------
/opt/airflow/dags/dss150p_pipeline.py                           1           0  0.34s           2026-09-23T13:45:13                      12
================================================================================
[2026-09-23T13:45:58.784+0000] {manager.py:997} INFO - 
================================================================================
DAG File Processing Stats

File Path                              PID    Runtime      # DAGs    # Errors  Last Runtime    Last Run               Last # of DB Queries
-------------------------------------  -----  ---------  --------  ----------  --------------  -------------------  ----------------------
/opt/airflow/dags/dss150p_pipeline.py                           1           0  0.51s           2026-09-23T13:45:43                      12
================================================================================
[2026-09-23T13:46:29.200+0000] {manager.py:997} INFO - 
================================================================================
DAG File Processing Stats

File Path                              PID    Runtime      # DAGs    # Errors  Last Runtime    Last Run               Last # of DB Queries
-------------------------------------  -----  ---------  --------  ----------  --------------  -------------------  ----------------------
/opt/airflow/dags/dss150p_pipeline.py                           1           0  0.59s           2026-09-23T13:46:15                      12
================================================================================
[2026-09-23T13:47:00.167+0000] {manager.py:997} INFO - 
================================================================================
DAG File Processing Stats

File Path                              PID    Runtime      # DAGs    # Errors  Last Runtime    Last Run               Last # of DB Queries
-------------------------------------  -----  ---------  --------  ----------  --------------  -------------------  ----------------------
/opt/airflow/dags/dss150p_pipeline.py                           1           0  0.46s           2026-09-23T13:46:46                      12
================================================================================
[2026-09-23T13:47:30.701+0000] {manager.py:997} INFO - 
================================================================================
DAG File Processing Stats

File Path                              PID    Runtime      # DAGs    # Errors  Last Runtime    Last Run               Last # of DB Queries
-------------------------------------  -----  ---------  --------  ----------  --------------  -------------------  ----------------------
/opt/airflow/dags/dss150p_pipeline.py                           1           0  0.30s           2026-09-23T13:47:16                      12
================================================================================
[2026-09-23T13:48:00.857+0000] {manager.py:997} INFO - 
================================================================================
DAG File Processing Stats

File Path                              PID    Runtime      # DAGs    # Errors  Last Runtime    Last Run               Last # of DB Queries
-------------------------------------  -----  ---------  --------  ----------  --------------  -------------------  ----------------------
/opt/airflow/dags/dss150p_pipeline.py                           1           0  0.74s           2026-09-23T13:47:47                      12
================================================================================
[2026-09-23T13:48:31.634+0000] {manager.py:997} INFO - 
================================================================================
DAG File Processing Stats

File Path                              PID    Runtime      # DAGs    # Errors  Last Runtime    Last Run               Last # of DB Queries
-------------------------------------  -----  ---------  --------  ----------  --------------  -------------------  ----------------------
/opt/airflow/dags/dss150p_pipeline.py                           1           0  0.53s           2026-09-23T13:48:18                      12
================================================================================
[2026-09-23T13:49:02.155+0000] {manager.py:997} INFO - 
================================================================================
DAG File Processing Stats

File Path                              PID    Runtime      # DAGs    # Errors  Last Runtime    Last Run               Last # of DB Queries
-------------------------------------  -----  ---------  --------  ----------  --------------  -------------------  ----------------------
/opt/airflow/dags/dss150p_pipeline.py                           1           0  0.44s           2026-09-23T13:48:49                      12
================================================================================
[2026-09-23T13:49:32.336+0000] {manager.py:997} INFO - 
================================================================================
DAG File Processing Stats

File Path                              PID    Runtime      # DAGs    # Errors  Last Runtime    Last Run               Last # of DB Queries
-------------------------------------  -----  ---------  --------  ----------  --------------  -------------------  ----------------------
/opt/airflow/dags/dss150p_pipeline.py                           1           0  0.55s           2026-09-23T13:49:19                      12
================================================================================
[2026-09-23T13:49:36.468+0000] {manager.py:821} INFO - Searching for files in /opt/airflow/dags
[2026-09-23T13:49:36.718+0000] {manager.py:824} INFO - There are 1 files in /opt/airflow/dags
[2026-09-23T13:50:02.455+0000] {manager.py:997} INFO - 
================================================================================
DAG File Processing Stats

File Path                              PID    Runtime      # DAGs    # Errors  Last Runtime    Last Run               Last # of DB Queries
-------------------------------------  -----  ---------  --------  ----------  --------------  -------------------  ----------------------
/opt/airflow/dags/dss150p_pipeline.py                           1           0  1.60s           2026-09-23T13:49:51                      12
================================================================================
[2026-09-23T13:50:33.034+0000] {manager.py:997} INFO - 
================================================================================
DAG File Processing Stats

File Path                              PID    Runtime      # DAGs    # Errors  Last Runtime    Last Run               Last # of DB Queries
-------------------------------------  -----  ---------  --------  ----------  --------------  -------------------  ----------------------
/opt/airflow/dags/dss150p_pipeline.py                           1           0  0.27s           2026-09-23T13:50:22                      12
================================================================================
[2026-09-23T13:51:03.562+0000] {manager.py:997} INFO - 
================================================================================
DAG File Processing Stats

File Path                              PID    Runtime      # DAGs    # Errors  Last Runtime    Last Run               Last # of DB Queries
-------------------------------------  -----  ---------  --------  ----------  --------------  -------------------  ----------------------
/opt/airflow/dags/dss150p_pipeline.py                           1           0  0.58s           2026-09-23T13:50:53                      12
================================================================================
[2026-09-23T13:51:33.748+0000] {manager.py:997} INFO - 
================================================================================
DAG File Processing Stats

File Path                              PID    Runtime      # DAGs    # Errors  Last Runtime    Last Run               Last # of DB Queries
-------------------------------------  -----  ---------  --------  ----------  --------------  -------------------  ----------------------
/opt/airflow/dags/dss150p_pipeline.py                           1           0  0.43s           2026-09-23T13:51:23                      12
================================================================================
[2026-09-23T13:52:04.336+0000] {manager.py:997} INFO - 
================================================================================
DAG File Processing Stats

File Path                              PID    Runtime      # DAGs    # Errors  Last Runtime    Last Run               Last # of DB Queries
-------------------------------------  -----  ---------  --------  ----------  --------------  -------------------  ----------------------
/opt/airflow/dags/dss150p_pipeline.py                           1           0  0.62s           2026-09-23T13:51:54                      12
================================================================================
[2026-09-23T13:52:34.442+0000] {manager.py:997} INFO - 
================================================================================
DAG File Processing Stats

File Path                              PID    Runtime      # DAGs    # Errors  Last Runtime    Last Run               Last # of DB Queries
-------------------------------------  -----  ---------  --------  ----------  --------------  -------------------  ----------------------
/opt/airflow/dags/dss150p_pipeline.py                           1           0  0.50s           2026-09-23T13:52:25                      12
================================================================================
[2026-09-23T13:53:04.885+0000] {manager.py:997} INFO - 
================================================================================
DAG File Processing Stats

File Path                              PID    Runtime      # DAGs    # Errors  Last Runtime    Last Run               Last # of DB Queries
-------------------------------------  -----  ---------  --------  ----------  --------------  -------------------  ----------------------
/opt/airflow/dags/dss150p_pipeline.py                           1           0  0.34s           2026-09-23T13:52:55                      12
================================================================================
[2026-09-23T13:53:35.331+0000] {manager.py:997} INFO - 
================================================================================
DAG File Processing Stats

File Path                              PID    Runtime      # DAGs    # Errors  Last Runtime    Last Run               Last # of DB Queries
-------------------------------------  -----  ---------  --------  ----------  --------------  -------------------  ----------------------
/opt/airflow/dags/dss150p_pipeline.py                           1           0  0.29s           2026-09-23T13:53:26                      12
================================================================================
[2026-09-23T13:54:05.752+0000] {manager.py:997} INFO - 
================================================================================
DAG File Processing Stats

File Path                              PID    Runtime      # DAGs    # Errors  Last Runtime    Last Run               Last # of DB Queries
-------------------------------------  -----  ---------  --------  ----------  --------------  -------------------  ----------------------
/opt/airflow/dags/dss150p_pipeline.py                           1           0  0.23s           2026-09-23T13:53:56                      12
================================================================================
[2026-09-23T13:54:36.480+0000] {manager.py:821} INFO - Searching for files in /opt/airflow/dags
[2026-09-23T13:54:36.514+0000] {manager.py:824} INFO - There are 1 files in /opt/airflow/dags
[2026-09-23T13:54:36.540+0000] {manager.py:997} INFO - 
================================================================================
DAG File Processing Stats

File Path                              PID    Runtime      # DAGs    # Errors  Last Runtime    Last Run               Last # of DB Queries
-------------------------------------  -----  ---------  --------  ----------  --------------  -------------------  ----------------------
/opt/airflow/dags/dss150p_pipeline.py                           1           0  0.47s           2026-09-23T13:54:27                      12
================================================================================
[2026-09-23T13:55:07.125+0000] {manager.py:997} INFO - 
================================================================================
DAG File Processing Stats

File Path                              PID    Runtime      # DAGs    # Errors  Last Runtime    Last Run               Last # of DB Queries
-------------------------------------  -----  ---------  --------  ----------  --------------  -------------------  ----------------------
/opt/airflow/dags/dss150p_pipeline.py                           1           0  0.50s           2026-09-23T13:54:58                      12
================================================================================
[2026-09-23T13:55:37.620+0000] {manager.py:997} INFO - 
================================================================================
DAG File Processing Stats

File Path                              PID    Runtime      # DAGs    # Errors  Last Runtime    Last Run               Last # of DB Queries
-------------------------------------  -----  ---------  --------  ----------  --------------  -------------------  ----------------------
/opt/airflow/dags/dss150p_pipeline.py                           1           0  1.27s           2026-09-23T13:55:29                      12
================================================================================
[2026-09-23T13:56:07.985+0000] {manager.py:997} INFO - 
================================================================================
DAG File Processing Stats

File Path                              PID    Runtime      # DAGs    # Errors  Last Runtime    Last Run               Last # of DB Queries
-------------------------------------  -----  ---------  --------  ----------  --------------  -------------------  ----------------------
/opt/airflow/dags/dss150p_pipeline.py                           1           0  0.42s           2026-09-23T13:56:00                      12
================================================================================
[2026-09-23T13:56:38.117+0000] {manager.py:997} INFO - 
================================================================================
DAG File Processing Stats

File Path                              PID    Runtime      # DAGs    # Errors  Last Runtime    Last Run               Last # of DB Queries
-------------------------------------  -----  ---------  --------  ----------  --------------  -------------------  ----------------------
/opt/airflow/dags/dss150p_pipeline.py                           1           0  0.43s           2026-09-23T13:56:30                      12
================================================================================
[2026-09-23T13:57:08.257+0000] {manager.py:997} INFO - 
================================================================================
DAG File Processing Stats

File Path                              PID    Runtime      # DAGs    # Errors  Last Runtime    Last Run               Last # of DB Queries
-------------------------------------  -----  ---------  --------  ----------  --------------  -------------------  ----------------------
/opt/airflow/dags/dss150p_pipeline.py                           1           0  0.22s           2026-09-23T13:57:01                      12
================================================================================
[2026-09-23T13:57:38.296+0000] {manager.py:997} INFO - 
================================================================================
DAG File Processing Stats

File Path                              PID    Runtime      # DAGs    # Errors  Last Runtime    Last Run               Last # of DB Queries
-------------------------------------  -----  ---------  --------  ----------  --------------  -------------------  ----------------------
/opt/airflow/dags/dss150p_pipeline.py                           1           0  0.90s           2026-09-23T13:57:32                      12
================================================================================
[2026-09-23T13:58:08.540+0000] {manager.py:997} INFO - 
================================================================================
DAG File Processing Stats

File Path                              PID    Runtime      # DAGs    # Errors  Last Runtime    Last Run               Last # of DB Queries
-------------------------------------  -----  ---------  --------  ----------  --------------  -------------------  ----------------------
/opt/airflow/dags/dss150p_pipeline.py                           1           0  0.26s           2026-09-23T13:58:02                      12
================================================================================
[2026-09-23T13:58:38.736+0000] {manager.py:997} INFO - 
================================================================================
DAG File Processing Stats

File Path                              PID    Runtime      # DAGs    # Errors  Last Runtime    Last Run               Last # of DB Queries
-------------------------------------  -----  ---------  --------  ----------  --------------  -------------------  ----------------------
/opt/airflow/dags/dss150p_pipeline.py                           1           0  0.61s           2026-09-23T13:58:33                      12
================================================================================
[2026-09-23T13:59:10.136+0000] {manager.py:997} INFO - 
================================================================================
DAG File Processing Stats

File Path                              PID    Runtime      # DAGs    # Errors  Last Runtime    Last Run               Last # of DB Queries
-------------------------------------  -----  ---------  --------  ----------  --------------  -------------------  ----------------------
/opt/airflow/dags/dss150p_pipeline.py                           1           0  0.34s           2026-09-23T13:59:04                      12
================================================================================
[2026-09-23T13:59:37.279+0000] {manager.py:821} INFO - Searching for files in /opt/airflow/dags
[2026-09-23T13:59:37.298+0000] {manager.py:824} INFO - There are 1 files in /opt/airflow/dags
[2026-09-23T13:59:40.445+0000] {manager.py:997} INFO - 
================================================================================
DAG File Processing Stats

File Path                              PID    Runtime      # DAGs    # Errors  Last Runtime    Last Run               Last # of DB Queries
-------------------------------------  -----  ---------  --------  ----------  --------------  -------------------  ----------------------
/opt/airflow/dags/dss150p_pipeline.py                           1           0  0.27s           2026-09-23T13:59:35                      12
================================================================================
[2026-09-23T14:00:10.739+0000] {manager.py:997} INFO - 
================================================================================
DAG File Processing Stats

File Path                              PID    Runtime      # DAGs    # Errors  Last Runtime    Last Run               Last # of DB Queries
-------------------------------------  -----  ---------  --------  ----------  --------------  -------------------  ----------------------
/opt/airflow/dags/dss150p_pipeline.py                           1           0  0.22s           2026-09-23T14:00:05                      12
================================================================================
[2026-09-23T14:00:41.332+0000] {manager.py:997} INFO - 
================================================================================
DAG File Processing Stats

File Path                              PID    Runtime      # DAGs    # Errors  Last Runtime    Last Run               Last # of DB Queries
-------------------------------------  -----  ---------  --------  ----------  --------------  -------------------  ----------------------
/opt/airflow/dags/dss150p_pipeline.py                           1           0  0.39s           2026-09-23T14:00:36                      12
================================================================================
[2026-09-23T14:01:11.436+0000] {manager.py:997} INFO - 
================================================================================
DAG File Processing Stats

File Path                              PID    Runtime      # DAGs    # Errors  Last Runtime    Last Run               Last # of DB Queries
-------------------------------------  -----  ---------  --------  ----------  --------------  -------------------  ----------------------
/opt/airflow/dags/dss150p_pipeline.py                           1           0  1.03s           2026-09-23T14:01:08                      12
================================================================================
[2026-09-23T14:01:41.769+0000] {manager.py:997} INFO - 
================================================================================
DAG File Processing Stats

File Path                                PID  Runtime      # DAGs    # Errors  Last Runtime    Last Run               Last # of DB Queries
-------------------------------------  -----  ---------  --------  ----------  --------------  -------------------  ----------------------
/opt/airflow/dags/dss150p_pipeline.py    725  3.57s             1           0  1.03s           2026-09-23T14:01:08                      12
================================================================================
[2026-09-23T14:02:12.649+0000] {manager.py:997} INFO - 
================================================================================
DAG File Processing Stats

File Path                                PID  Runtime      # DAGs    # Errors  Last Runtime    Last Run               Last # of DB Queries
-------------------------------------  -----  ---------  --------  ----------  --------------  -------------------  ----------------------
/opt/airflow/dags/dss150p_pipeline.py    730  0.01s             1           0  3.72s           2026-09-23T14:01:41                      12
================================================================================
[2026-09-23T14:02:42.923+0000] {manager.py:997} INFO - 
================================================================================
DAG File Processing Stats

File Path                                PID  Runtime      # DAGs    # Errors  Last Runtime    Last Run               Last # of DB Queries
-------------------------------------  -----  ---------  --------  ----------  --------------  -------------------  ----------------------
/opt/airflow/dags/dss150p_pipeline.py    735  0.03s             1           0  0.23s           2026-09-23T14:02:12                      12
================================================================================
[2026-09-23T14:03:13.278+0000] {manager.py:997} INFO - 
================================================================================
DAG File Processing Stats

File Path                              PID    Runtime      # DAGs    # Errors  Last Runtime    Last Run               Last # of DB Queries
-------------------------------------  -----  ---------  --------  ----------  --------------  -------------------  ----------------------
/opt/airflow/dags/dss150p_pipeline.py                           1           0  0.71s           2026-09-23T14:02:43                      12
================================================================================
[2026-09-23T14:03:43.245+0000] {manager.py:997} INFO - 
================================================================================
DAG File Processing Stats

File Path                              PID    Runtime      # DAGs    # Errors  Last Runtime    Last Run               Last # of DB Queries
-------------------------------------  -----  ---------  --------  ----------  --------------  -------------------  ----------------------
/opt/airflow/dags/dss150p_pipeline.py                           1           0  0.30s           2026-09-23T14:03:14                      12
================================================================================
[2026-09-23T14:04:13.726+0000] {manager.py:997} INFO - 
================================================================================
DAG File Processing Stats

File Path                              PID    Runtime      # DAGs    # Errors  Last Runtime    Last Run               Last # of DB Queries
-------------------------------------  -----  ---------  --------  ----------  --------------  -------------------  ----------------------
/opt/airflow/dags/dss150p_pipeline.py                           1           0  0.41s           2026-09-23T14:03:44                      12
================================================================================
[2026-09-23T14:04:37.357+0000] {manager.py:821} INFO - Searching for files in /opt/airflow/dags
[2026-09-23T14:04:37.610+0000] {manager.py:824} INFO - There are 1 files in /opt/airflow/dags
[2026-09-23T14:04:43.736+0000] {manager.py:997} INFO - 
================================================================================
DAG File Processing Stats

File Path                              PID    Runtime      # DAGs    # Errors  Last Runtime    Last Run               Last # of DB Queries
-------------------------------------  -----  ---------  --------  ----------  --------------  -------------------  ----------------------
/opt/airflow/dags/dss150p_pipeline.py                           1           0  0.39s           2026-09-23T14:04:15                      12
================================================================================
[2026-09-23T14:05:14.098+0000] {manager.py:997} INFO - 
================================================================================
DAG File Processing Stats

File Path                              PID    Runtime      # DAGs    # Errors  Last Runtime    Last Run               Last # of DB Queries
-------------------------------------  -----  ---------  --------  ----------  --------------  -------------------  ----------------------
/opt/airflow/dags/dss150p_pipeline.py                           1           0  0.54s           2026-09-23T14:04:45                      12
================================================================================
[2026-09-23T14:05:45.704+0000] {manager.py:997} INFO - 
================================================================================
DAG File Processing Stats

File Path                              PID    Runtime      # DAGs    # Errors  Last Runtime    Last Run               Last # of DB Queries
-------------------------------------  -----  ---------  --------  ----------  --------------  -------------------  ----------------------
/opt/airflow/dags/dss150p_pipeline.py                           1           0  0.75s           2026-09-23T14:05:16                      12
================================================================================
[2026-09-23T14:06:16.125+0000] {manager.py:997} INFO - 
================================================================================
DAG File Processing Stats

File Path                              PID    Runtime      # DAGs    # Errors  Last Runtime    Last Run               Last # of DB Queries
-------------------------------------  -----  ---------  --------  ----------  --------------  -------------------  ----------------------
/opt/airflow/dags/dss150p_pipeline.py                           1           0  3.60s           2026-09-23T14:05:51                      12
================================================================================
[2026-09-23T14:06:46.198+0000] {manager.py:997} INFO - 
================================================================================
DAG File Processing Stats

File Path                              PID    Runtime      # DAGs    # Errors  Last Runtime    Last Run               Last # of DB Queries
-------------------------------------  -----  ---------  --------  ----------  --------------  -------------------  ----------------------
/opt/airflow/dags/dss150p_pipeline.py                           1           0  1.47s           2026-09-23T14:06:23                      12
================================================================================
[2026-09-23T14:07:16.899+0000] {manager.py:997} INFO - 
================================================================================
DAG File Processing Stats

File Path                              PID    Runtime      # DAGs    # Errors  Last Runtime    Last Run               Last # of DB Queries
-------------------------------------  -----  ---------  --------  ----------  --------------  -------------------  ----------------------
/opt/airflow/dags/dss150p_pipeline.py                           1           0  0.82s           2026-09-23T14:06:54                      12
================================================================================
[2026-09-23T14:07:47.089+0000] {manager.py:997} INFO - 
================================================================================
DAG File Processing Stats

File Path                              PID    Runtime      # DAGs    # Errors  Last Runtime    Last Run               Last # of DB Queries
-------------------------------------  -----  ---------  --------  ----------  --------------  -------------------  ----------------------
/opt/airflow/dags/dss150p_pipeline.py                           1           0  0.60s           2026-09-23T14:07:25                      12
================================================================================
[2026-09-23T14:08:17.297+0000] {manager.py:997} INFO - 
================================================================================
DAG File Processing Stats

File Path                              PID    Runtime      # DAGs    # Errors  Last Runtime    Last Run               Last # of DB Queries
-------------------------------------  -----  ---------  --------  ----------  --------------  -------------------  ----------------------
/opt/airflow/dags/dss150p_pipeline.py                           1           0  1.97s           2026-09-23T14:07:57                      12
================================================================================
[2026-09-23T14:08:47.485+0000] {manager.py:997} INFO - 
================================================================================
DAG File Processing Stats

File Path                              PID    Runtime      # DAGs    # Errors  Last Runtime    Last Run               Last # of DB Queries
-------------------------------------  -----  ---------  --------  ----------  --------------  -------------------  ----------------------
/opt/airflow/dags/dss150p_pipeline.py                           1           0  1.12s           2026-09-23T14:08:29                      12
================================================================================
[2026-09-23T14:09:17.585+0000] {manager.py:997} INFO - 
================================================================================
DAG File Processing Stats

File Path                              PID    Runtime      # DAGs    # Errors  Last Runtime    Last Run               Last # of DB Queries
-------------------------------------  -----  ---------  --------  ----------  --------------  -------------------  ----------------------
/opt/airflow/dags/dss150p_pipeline.py                           1           0  16.14s          2026-09-23T14:09:15                      12
================================================================================
[2026-09-23T14:09:37.512+0000] {manager.py:821} INFO - Searching for files in /opt/airflow/dags
[2026-09-23T14:09:37.620+0000] {manager.py:824} INFO - There are 1 files in /opt/airflow/dags
[2026-09-23T14:09:49.428+0000] {manager.py:997} INFO - 
================================================================================
DAG File Processing Stats

File Path                              PID    Runtime      # DAGs    # Errors  Last Runtime    Last Run               Last # of DB Queries
-------------------------------------  -----  ---------  --------  ----------  --------------  -------------------  ----------------------
/opt/airflow/dags/dss150p_pipeline.py                           1           0  0.70s           2026-09-23T14:09:46                      12
================================================================================
[2026-09-23T14:10:19.448+0000] {manager.py:997} INFO - 
================================================================================
DAG File Processing Stats

File Path                              PID    Runtime      # DAGs    # Errors  Last Runtime    Last Run               Last # of DB Queries
-------------------------------------  -----  ---------  --------  ----------  --------------  -------------------  ----------------------
/opt/airflow/dags/dss150p_pipeline.py                           1           0  2.01s           2026-09-23T14:10:18                      12
================================================================================
[2026-09-23T14:10:49.815+0000] {manager.py:997} INFO - 
================================================================================
DAG File Processing Stats

File Path                                PID  Runtime      # DAGs    # Errors  Last Runtime    Last Run               Last # of DB Queries
-------------------------------------  -----  ---------  --------  ----------  --------------  -------------------  ----------------------
/opt/airflow/dags/dss150p_pipeline.py    810  0.06s             1           0  2.01s           2026-09-23T14:10:18                      12
================================================================================
[2026-09-23T14:11:20.005+0000] {manager.py:997} INFO - 
================================================================================
DAG File Processing Stats

File Path                              PID    Runtime      # DAGs    # Errors  Last Runtime    Last Run               Last # of DB Queries
-------------------------------------  -----  ---------  --------  ----------  --------------  -------------------  ----------------------
/opt/airflow/dags/dss150p_pipeline.py                           1           0  1.34s           2026-09-23T14:10:51                      12
================================================================================
[2026-09-23T14:11:50.780+0000] {manager.py:997} INFO - 
================================================================================
DAG File Processing Stats

File Path                              PID    Runtime      # DAGs    # Errors  Last Runtime    Last Run               Last # of DB Queries
-------------------------------------  -----  ---------  --------  ----------  --------------  -------------------  ----------------------
/opt/airflow/dags/dss150p_pipeline.py                           1           0  0.75s           2026-09-23T14:11:22                      12
================================================================================
[2026-09-23T14:12:21.811+0000] {manager.py:997} INFO - 
================================================================================
DAG File Processing Stats

File Path                              PID    Runtime      # DAGs    # Errors  Last Runtime    Last Run               Last # of DB Queries
-------------------------------------  -----  ---------  --------  ----------  --------------  -------------------  ----------------------
/opt/airflow/dags/dss150p_pipeline.py                           1           0  1.08s           2026-09-23T14:11:53                      12
================================================================================
[2026-09-23T14:12:52.036+0000] {manager.py:997} INFO - 
================================================================================
DAG File Processing Stats

File Path                              PID    Runtime      # DAGs    # Errors  Last Runtime    Last Run               Last # of DB Queries
-------------------------------------  -----  ---------  --------  ----------  --------------  -------------------  ----------------------
/opt/airflow/dags/dss150p_pipeline.py                           1           0  1.50s           2026-09-23T14:12:26                      12
================================================================================
[2026-09-23T14:13:22.737+0000] {manager.py:997} INFO - 
================================================================================
DAG File Processing Stats

File Path                              PID    Runtime      # DAGs    # Errors  Last Runtime    Last Run               Last # of DB Queries
-------------------------------------  -----  ---------  --------  ----------  --------------  -------------------  ----------------------
/opt/airflow/dags/dss150p_pipeline.py                           1           0  0.59s           2026-09-23T14:12:57                      12
================================================================================
[2026-09-23T14:13:53.414+0000] {manager.py:997} INFO - 
================================================================================
DAG File Processing Stats

File Path                              PID    Runtime      # DAGs    # Errors  Last Runtime    Last Run               Last # of DB Queries
-------------------------------------  -----  ---------  --------  ----------  --------------  -------------------  ----------------------
/opt/airflow/dags/dss150p_pipeline.py                           1           0  0.82s           2026-09-23T14:13:28                      12
================================================================================
[2026-09-23T14:14:23.648+0000] {manager.py:997} INFO - 
================================================================================
DAG File Processing Stats

File Path                              PID    Runtime      # DAGs    # Errors  Last Runtime    Last Run               Last # of DB Queries
-------------------------------------  -----  ---------  --------  ----------  --------------  -------------------  ----------------------
/opt/airflow/dags/dss150p_pipeline.py                           1           0  3.19s           2026-09-23T14:14:01                      12
================================================================================
[2026-09-23T14:14:38.068+0000] {manager.py:821} INFO - Searching for files in /opt/airflow/dags
[2026-09-23T14:14:38.098+0000] {manager.py:824} INFO - There are 1 files in /opt/airflow/dags
[2026-09-23T14:14:54.573+0000] {manager.py:997} INFO - 
================================================================================
DAG File Processing Stats

File Path                              PID    Runtime      # DAGs    # Errors  Last Runtime    Last Run               Last # of DB Queries
-------------------------------------  -----  ---------  --------  ----------  --------------  -------------------  ----------------------
/opt/airflow/dags/dss150p_pipeline.py                           1           0  0.73s           2026-09-23T14:14:33                      12
================================================================================
[2026-09-23T14:15:25.049+0000] {manager.py:997} INFO - 
================================================================================
DAG File Processing Stats

File Path                              PID    Runtime      # DAGs    # Errors  Last Runtime    Last Run               Last # of DB Queries
-------------------------------------  -----  ---------  --------  ----------  --------------  -------------------  ----------------------
/opt/airflow/dags/dss150p_pipeline.py                           1           0  0.54s           2026-09-23T14:15:04                      12
================================================================================
[2026-09-23T14:15:55.665+0000] {manager.py:997} INFO - 
================================================================================
DAG File Processing Stats

File Path                              PID    Runtime      # DAGs    # Errors  Last Runtime    Last Run               Last # of DB Queries
-------------------------------------  -----  ---------  --------  ----------  --------------  -------------------  ----------------------
/opt/airflow/dags/dss150p_pipeline.py                           1           0  3.25s           2026-09-23T14:15:37                      12
================================================================================
[2026-09-23T14:16:26.299+0000] {manager.py:997} INFO - 
================================================================================
DAG File Processing Stats

File Path                              PID    Runtime      # DAGs    # Errors  Last Runtime    Last Run               Last # of DB Queries
-------------------------------------  -----  ---------  --------  ----------  --------------  -------------------  ----------------------
/opt/airflow/dags/dss150p_pipeline.py                           1           0  1.33s           2026-09-23T14:16:09                      12
================================================================================
[2026-09-23T14:16:56.780+0000] {manager.py:997} INFO - 
================================================================================
DAG File Processing Stats

File Path                              PID    Runtime      # DAGs    # Errors  Last Runtime    Last Run               Last # of DB Queries
-------------------------------------  -----  ---------  --------  ----------  --------------  -------------------  ----------------------
/opt/airflow/dags/dss150p_pipeline.py                           1           0  0.64s           2026-09-23T14:16:40                      12
================================================================================
[2026-09-23T14:17:27.165+0000] {manager.py:997} INFO - 
================================================================================
DAG File Processing Stats

File Path                              PID    Runtime      # DAGs    # Errors  Last Runtime    Last Run               Last # of DB Queries
-------------------------------------  -----  ---------  --------  ----------  --------------  -------------------  ----------------------
/opt/airflow/dags/dss150p_pipeline.py                           1           0  2.39s           2026-09-23T14:17:12                      12
================================================================================
[2026-09-23T14:17:57.665+0000] {manager.py:997} INFO - 
================================================================================
DAG File Processing Stats

File Path                              PID    Runtime      # DAGs    # Errors  Last Runtime    Last Run               Last # of DB Queries
-------------------------------------  -----  ---------  --------  ----------  --------------  -------------------  ----------------------
/opt/airflow/dags/dss150p_pipeline.py                           1           0  0.61s           2026-09-23T14:17:44                      12
================================================================================
[2026-09-23T14:18:28.035+0000] {manager.py:997} INFO - 
================================================================================
DAG File Processing Stats

File Path                              PID    Runtime      # DAGs    # Errors  Last Runtime    Last Run               Last # of DB Queries
-------------------------------------  -----  ---------  --------  ----------  --------------  -------------------  ----------------------
/opt/airflow/dags/dss150p_pipeline.py                           1           0  0.42s           2026-09-23T14:18:15                      12
================================================================================
[2026-09-23T14:18:58.705+0000] {manager.py:997} INFO - 
================================================================================
DAG File Processing Stats

File Path                              PID    Runtime      # DAGs    # Errors  Last Runtime    Last Run               Last # of DB Queries
-------------------------------------  -----  ---------  --------  ----------  --------------  -------------------  ----------------------
/opt/airflow/dags/dss150p_pipeline.py                           1           0  0.65s           2026-09-23T14:18:45                      12
================================================================================
[2026-09-23T14:19:29.348+0000] {manager.py:997} INFO - 
================================================================================
DAG File Processing Stats

File Path                              PID    Runtime      # DAGs    # Errors  Last Runtime    Last Run               Last # of DB Queries
-------------------------------------  -----  ---------  --------  ----------  --------------  -------------------  ----------------------
/opt/airflow/dags/dss150p_pipeline.py                           1           0  0.38s           2026-09-23T14:19:16                      12
================================================================================
[2026-09-23T14:19:38.441+0000] {manager.py:821} INFO - Searching for files in /opt/airflow/dags
[2026-09-23T14:19:38.459+0000] {manager.py:824} INFO - There are 1 files in /opt/airflow/dags
[2026-09-23T14:20:00.193+0000] {manager.py:997} INFO - 
================================================================================
DAG File Processing Stats

File Path                              PID    Runtime      # DAGs    # Errors  Last Runtime    Last Run               Last # of DB Queries
-------------------------------------  -----  ---------  --------  ----------  --------------  -------------------  ----------------------
/opt/airflow/dags/dss150p_pipeline.py                           1           0  0.50s           2026-09-23T14:19:47                      12
================================================================================
[2026-09-23T14:20:30.656+0000] {manager.py:997} INFO - 
================================================================================
DAG File Processing Stats

File Path                              PID    Runtime      # DAGs    # Errors  Last Runtime    Last Run               Last # of DB Queries
-------------------------------------  -----  ---------  --------  ----------  --------------  -------------------  ----------------------
/opt/airflow/dags/dss150p_pipeline.py                           1           0  1.07s           2026-09-23T14:20:18                      12
================================================================================
[2026-09-23T14:21:01.179+0000] {manager.py:997} INFO - 
================================================================================
DAG File Processing Stats

File Path                              PID    Runtime      # DAGs    # Errors  Last Runtime    Last Run               Last # of DB Queries
-------------------------------------  -----  ---------  --------  ----------  --------------  -------------------  ----------------------
/opt/airflow/dags/dss150p_pipeline.py                           1           0  1.60s           2026-09-23T14:20:49                      12
================================================================================
[2026-09-23T14:21:31.217+0000] {manager.py:997} INFO - 
================================================================================
DAG File Processing Stats

File Path                              PID    Runtime      # DAGs    # Errors  Last Runtime    Last Run               Last # of DB Queries
-------------------------------------  -----  ---------  --------  ----------  --------------  -------------------  ----------------------
/opt/airflow/dags/dss150p_pipeline.py                           1           0  1.40s           2026-09-23T14:21:22                      12
================================================================================
[2026-09-23T14:22:01.786+0000] {manager.py:997} INFO - 
================================================================================
DAG File Processing Stats

File Path                              PID    Runtime      # DAGs    # Errors  Last Runtime    Last Run               Last # of DB Queries
-------------------------------------  -----  ---------  --------  ----------  --------------  -------------------  ----------------------
/opt/airflow/dags/dss150p_pipeline.py                           1           0  0.66s           2026-09-23T14:21:52                      12
================================================================================
[2026-09-23T14:22:32.278+0000] {manager.py:997} INFO - 
================================================================================
DAG File Processing Stats

File Path                              PID    Runtime      # DAGs    # Errors  Last Runtime    Last Run               Last # of DB Queries
-------------------------------------  -----  ---------  --------  ----------  --------------  -------------------  ----------------------
/opt/airflow/dags/dss150p_pipeline.py                           1           0  2.90s           2026-09-23T14:22:26                      12
================================================================================
[2026-09-23T14:23:02.798+0000] {manager.py:997} INFO - 
================================================================================
DAG File Processing Stats

File Path                              PID    Runtime      # DAGs    # Errors  Last Runtime    Last Run               Last # of DB Queries
-------------------------------------  -----  ---------  --------  ----------  --------------  -------------------  ----------------------
/opt/airflow/dags/dss150p_pipeline.py                           1           0  1.51s           2026-09-23T14:22:58                      12
================================================================================
[2026-09-23T14:23:32.998+0000] {manager.py:997} INFO - 
================================================================================
DAG File Processing Stats

File Path                              PID    Runtime      # DAGs    # Errors  Last Runtime    Last Run               Last # of DB Queries
-------------------------------------  -----  ---------  --------  ----------  --------------  -------------------  ----------------------
/opt/airflow/dags/dss150p_pipeline.py                           1           0  1.34s           2026-09-23T14:23:30                      12
================================================================================
[2026-09-23T14:24:03.558+0000] {manager.py:997} INFO - 
================================================================================
DAG File Processing Stats

File Path                              PID    Runtime      # DAGs    # Errors  Last Runtime    Last Run               Last # of DB Queries
-------------------------------------  -----  ---------  --------  ----------  --------------  -------------------  ----------------------
/opt/airflow/dags/dss150p_pipeline.py                           1           0  0.62s           2026-09-23T14:24:01                      12
================================================================================
[2026-09-23T14:24:34.096+0000] {manager.py:997} INFO - 
================================================================================
DAG File Processing Stats

File Path                              PID    Runtime      # DAGs    # Errors  Last Runtime    Last Run               Last # of DB Queries
-------------------------------------  -----  ---------  --------  ----------  --------------  -------------------  ----------------------
/opt/airflow/dags/dss150p_pipeline.py                           1           0  0.89s           2026-09-23T14:24:32                      12
================================================================================
[2026-09-23T14:24:38.712+0000] {manager.py:821} INFO - Searching for files in /opt/airflow/dags
[2026-09-23T14:24:38.727+0000] {manager.py:824} INFO - There are 1 files in /opt/airflow/dags
[2026-09-23T14:25:04.343+0000] {manager.py:997} INFO - 
================================================================================
DAG File Processing Stats

File Path                              PID    Runtime      # DAGs    # Errors  Last Runtime    Last Run               Last # of DB Queries
-------------------------------------  -----  ---------  --------  ----------  --------------  -------------------  ----------------------
/opt/airflow/dags/dss150p_pipeline.py                           1           0  0.95s           2026-09-23T14:25:04                      12
================================================================================
[2026-09-23T14:25:34.956+0000] {manager.py:997} INFO - 
================================================================================
DAG File Processing Stats

File Path                                PID  Runtime      # DAGs    # Errors  Last Runtime    Last Run               Last # of DB Queries
-------------------------------------  -----  ---------  --------  ----------  --------------  -------------------  ----------------------
/opt/airflow/dags/dss150p_pipeline.py    950  0.01s             1           0  0.95s           2026-09-23T14:25:04                      12
================================================================================
[2026-09-23T14:26:05.212+0000] {manager.py:997} INFO - 
================================================================================
DAG File Processing Stats

File Path                              PID    Runtime      # DAGs    # Errors  Last Runtime    Last Run               Last # of DB Queries
-------------------------------------  -----  ---------  --------  ----------  --------------  -------------------  ----------------------
/opt/airflow/dags/dss150p_pipeline.py                           1           0  0.57s           2026-09-23T14:25:35                      12
================================================================================
[2026-09-23T14:26:35.169+0000] {manager.py:997} INFO - 
================================================================================
DAG File Processing Stats

File Path                              PID    Runtime      # DAGs    # Errors  Last Runtime    Last Run               Last # of DB Queries
-------------------------------------  -----  ---------  --------  ----------  --------------  -------------------  ----------------------
/opt/airflow/dags/dss150p_pipeline.py                           1           0  1.54s           2026-09-23T14:26:07                      12
================================================================================
[2026-09-23T14:27:05.456+0000] {manager.py:997} INFO - 
================================================================================
DAG File Processing Stats

File Path                              PID    Runtime      # DAGs    # Errors  Last Runtime    Last Run               Last # of DB Queries
-------------------------------------  -----  ---------  --------  ----------  --------------  -------------------  ----------------------
/opt/airflow/dags/dss150p_pipeline.py                           1           0  1.66s           2026-09-23T14:26:39                      12
================================================================================
[2026-09-23T14:27:35.492+0000] {manager.py:997} INFO - 
================================================================================
DAG File Processing Stats

File Path                              PID    Runtime      # DAGs    # Errors  Last Runtime    Last Run               Last # of DB Queries
-------------------------------------  -----  ---------  --------  ----------  --------------  -------------------  ----------------------
/opt/airflow/dags/dss150p_pipeline.py                           1           0  0.65s           2026-09-23T14:27:10                      12
================================================================================
[2026-09-23T14:28:06.210+0000] {manager.py:997} INFO - 
================================================================================
DAG File Processing Stats

File Path                              PID    Runtime      # DAGs    # Errors  Last Runtime    Last Run               Last # of DB Queries
-------------------------------------  -----  ---------  --------  ----------  --------------  -------------------  ----------------------
/opt/airflow/dags/dss150p_pipeline.py                           1           0  0.26s           2026-09-23T14:27:41                      12
================================================================================
[2026-09-23T14:28:36.229+0000] {manager.py:997} INFO - 
================================================================================
DAG File Processing Stats

File Path                              PID    Runtime      # DAGs    # Errors  Last Runtime    Last Run               Last # of DB Queries
-------------------------------------  -----  ---------  --------  ----------  --------------  -------------------  ----------------------
/opt/airflow/dags/dss150p_pipeline.py                           1           0  0.39s           2026-09-23T14:28:12                      12
================================================================================
[2026-09-23T14:29:06.473+0000] {manager.py:997} INFO - 
================================================================================
DAG File Processing Stats

File Path                              PID    Runtime      # DAGs    # Errors  Last Runtime    Last Run               Last # of DB Queries
-------------------------------------  -----  ---------  --------  ----------  --------------  -------------------  ----------------------
/opt/airflow/dags/dss150p_pipeline.py                           1           0  0.96s           2026-09-23T14:28:43                      12
================================================================================
[2026-09-23T14:29:37.111+0000] {manager.py:997} INFO - 
================================================================================
DAG File Processing Stats

File Path                              PID    Runtime      # DAGs    # Errors  Last Runtime    Last Run               Last # of DB Queries
-------------------------------------  -----  ---------  --------  ----------  --------------  -------------------  ----------------------
/opt/airflow/dags/dss150p_pipeline.py                           1           0  0.61s           2026-09-23T14:29:14                      12
================================================================================
[2026-09-23T14:29:39.192+0000] {manager.py:821} INFO - Searching for files in /opt/airflow/dags
[2026-09-23T14:29:39.359+0000] {manager.py:824} INFO - There are 1 files in /opt/airflow/dags
[2026-09-23T14:30:07.199+0000] {manager.py:997} INFO - 
================================================================================
DAG File Processing Stats

File Path                              PID    Runtime      # DAGs    # Errors  Last Runtime    Last Run               Last # of DB Queries
-------------------------------------  -----  ---------  --------  ----------  --------------  -------------------  ----------------------
/opt/airflow/dags/dss150p_pipeline.py                           1           0  0.48s           2026-09-23T14:29:45                      12
================================================================================
[2026-09-23T14:30:37.461+0000] {manager.py:997} INFO - 
================================================================================
DAG File Processing Stats

File Path                              PID    Runtime      # DAGs    # Errors  Last Runtime    Last Run               Last # of DB Queries
-------------------------------------  -----  ---------  --------  ----------  --------------  -------------------  ----------------------
/opt/airflow/dags/dss150p_pipeline.py                           1           0  0.31s           2026-09-23T14:30:16                      12
================================================================================
[2026-09-23T14:31:07.872+0000] {manager.py:997} INFO - 
================================================================================
DAG File Processing Stats

File Path                              PID    Runtime      # DAGs    # Errors  Last Runtime    Last Run               Last # of DB Queries
-------------------------------------  -----  ---------  --------  ----------  --------------  -------------------  ----------------------
/opt/airflow/dags/dss150p_pipeline.py                           1           0  0.42s           2026-09-23T14:30:48                      12
================================================================================
[2026-09-23T14:31:37.913+0000] {manager.py:997} INFO - 
================================================================================
DAG File Processing Stats

File Path                              PID    Runtime      # DAGs    # Errors  Last Runtime    Last Run               Last # of DB Queries
-------------------------------------  -----  ---------  --------  ----------  --------------  -------------------  ----------------------
/opt/airflow/dags/dss150p_pipeline.py                           1           0  0.33s           2026-09-23T14:31:18                      12
================================================================================
[2026-09-23T14:32:08.416+0000] {manager.py:997} INFO - 
================================================================================
DAG File Processing Stats

File Path                              PID    Runtime      # DAGs    # Errors  Last Runtime    Last Run               Last # of DB Queries
-------------------------------------  -----  ---------  --------  ----------  --------------  -------------------  ----------------------
/opt/airflow/dags/dss150p_pipeline.py                           1           0  0.25s           2026-09-23T14:31:49                      12
================================================================================
[2026-09-23T14:32:38.787+0000] {manager.py:997} INFO - 
================================================================================
DAG File Processing Stats

File Path                              PID    Runtime      # DAGs    # Errors  Last Runtime    Last Run               Last # of DB Queries
-------------------------------------  -----  ---------  --------  ----------  --------------  -------------------  ----------------------
/opt/airflow/dags/dss150p_pipeline.py                           1           0  2.69s           2026-09-23T14:32:22                      12
================================================================================
[2026-09-23T14:33:09.022+0000] {manager.py:997} INFO - 
================================================================================
DAG File Processing Stats

File Path                              PID    Runtime      # DAGs    # Errors  Last Runtime    Last Run               Last # of DB Queries
-------------------------------------  -----  ---------  --------  ----------  --------------  -------------------  ----------------------
/opt/airflow/dags/dss150p_pipeline.py                           1           0  0.88s           2026-09-23T14:32:53                      12
================================================================================
[2026-09-23T14:33:39.672+0000] {manager.py:997} INFO - 
================================================================================
DAG File Processing Stats

File Path                              PID    Runtime      # DAGs    # Errors  Last Runtime    Last Run               Last # of DB Queries
-------------------------------------  -----  ---------  --------  ----------  --------------  -------------------  ----------------------
/opt/airflow/dags/dss150p_pipeline.py                           1           0  0.52s           2026-09-23T14:33:24                      12
================================================================================
[2026-09-23T14:34:09.976+0000] {manager.py:997} INFO - 
================================================================================
DAG File Processing Stats

File Path                              PID    Runtime      # DAGs    # Errors  Last Runtime    Last Run               Last # of DB Queries
-------------------------------------  -----  ---------  --------  ----------  --------------  -------------------  ----------------------
/opt/airflow/dags/dss150p_pipeline.py                           1           0  0.70s           2026-09-23T14:33:55                      12
================================================================================
[2026-09-23T14:34:39.842+0000] {manager.py:821} INFO - Searching for files in /opt/airflow/dags
[2026-09-23T14:34:39.860+0000] {manager.py:824} INFO - There are 1 files in /opt/airflow/dags
[2026-09-23T14:34:40.098+0000] {manager.py:997} INFO - 
================================================================================
DAG File Processing Stats

File Path                              PID    Runtime      # DAGs    # Errors  Last Runtime    Last Run               Last # of DB Queries
-------------------------------------  -----  ---------  --------  ----------  --------------  -------------------  ----------------------
/opt/airflow/dags/dss150p_pipeline.py                           1           0  0.60s           2026-09-23T14:34:26                      12
================================================================================
[2026-09-23T14:35:10.135+0000] {manager.py:997} INFO - 
================================================================================
DAG File Processing Stats

File Path                              PID    Runtime      # DAGs    # Errors  Last Runtime    Last Run               Last # of DB Queries
-------------------------------------  -----  ---------  --------  ----------  --------------  -------------------  ----------------------
/opt/airflow/dags/dss150p_pipeline.py                           1           0  0.77s           2026-09-23T14:34:57                      12
================================================================================
[2026-09-23T14:35:40.746+0000] {manager.py:997} INFO - 
================================================================================
DAG File Processing Stats

File Path                              PID    Runtime      # DAGs    # Errors  Last Runtime    Last Run               Last # of DB Queries
-------------------------------------  -----  ---------  --------  ----------  --------------  -------------------  ----------------------
/opt/airflow/dags/dss150p_pipeline.py                           1           0  1.13s           2026-09-23T14:35:29                      12
================================================================================
[2026-09-23T14:36:11.226+0000] {manager.py:997} INFO - 
================================================================================
DAG File Processing Stats

File Path                              PID    Runtime      # DAGs    # Errors  Last Runtime    Last Run               Last # of DB Queries
-------------------------------------  -----  ---------  --------  ----------  --------------  -------------------  ----------------------
/opt/airflow/dags/dss150p_pipeline.py                           1           0  0.29s           2026-09-23T14:36:00                      12
================================================================================
[2026-09-23T14:36:41.735+0000] {manager.py:997} INFO - 
================================================================================
DAG File Processing Stats

File Path                              PID    Runtime      # DAGs    # Errors  Last Runtime    Last Run               Last # of DB Queries
-------------------------------------  -----  ---------  --------  ----------  --------------  -------------------  ----------------------
/opt/airflow/dags/dss150p_pipeline.py                           1           0  0.27s           2026-09-23T14:36:30                      12
================================================================================
[2026-09-23T14:37:12.236+0000] {manager.py:997} INFO - 
================================================================================
DAG File Processing Stats

File Path                              PID    Runtime      # DAGs    # Errors  Last Runtime    Last Run               Last # of DB Queries
-------------------------------------  -----  ---------  --------  ----------  --------------  -------------------  ----------------------
/opt/airflow/dags/dss150p_pipeline.py                           1           0  0.34s           2026-09-23T14:37:01                      12
================================================================================
[2026-09-23T14:37:42.720+0000] {manager.py:997} INFO - 
================================================================================
DAG File Processing Stats

File Path                              PID    Runtime      # DAGs    # Errors  Last Runtime    Last Run               Last # of DB Queries
-------------------------------------  -----  ---------  --------  ----------  --------------  -------------------  ----------------------
/opt/airflow/dags/dss150p_pipeline.py                           1           0  0.35s           2026-09-23T14:37:31                      12
================================================================================
[2026-09-23T14:38:13.371+0000] {manager.py:997} INFO - 
================================================================================
DAG File Processing Stats

File Path                              PID    Runtime      # DAGs    # Errors  Last Runtime    Last Run               Last # of DB Queries
-------------------------------------  -----  ---------  --------  ----------  --------------  -------------------  ----------------------
/opt/airflow/dags/dss150p_pipeline.py                           1           0  0.60s           2026-09-23T14:38:02                      12
================================================================================
[2026-09-23T14:38:44.400+0000] {manager.py:997} INFO - 
================================================================================
DAG File Processing Stats

File Path                              PID    Runtime      # DAGs    # Errors  Last Runtime    Last Run               Last # of DB Queries
-------------------------------------  -----  ---------  --------  ----------  --------------  -------------------  ----------------------
/opt/airflow/dags/dss150p_pipeline.py                           1           0  0.71s           2026-09-23T14:38:33                      12
================================================================================
[2026-09-23T14:39:16.049+0000] {manager.py:997} INFO - 
================================================================================
DAG File Processing Stats

File Path                              PID    Runtime      # DAGs    # Errors  Last Runtime    Last Run               Last # of DB Queries
-------------------------------------  -----  ---------  --------  ----------  --------------  -------------------  ----------------------
/opt/airflow/dags/dss150p_pipeline.py                           1           0  1.29s           2026-09-23T14:39:04                      12
================================================================================
[2026-09-23T14:39:39.893+0000] {manager.py:821} INFO - Searching for files in /opt/airflow/dags
[2026-09-23T14:39:39.922+0000] {manager.py:824} INFO - There are 1 files in /opt/airflow/dags
[2026-09-23T14:39:46.647+0000] {manager.py:997} INFO - 
================================================================================
DAG File Processing Stats

File Path                              PID    Runtime      # DAGs    # Errors  Last Runtime    Last Run               Last # of DB Queries
-------------------------------------  -----  ---------  --------  ----------  --------------  -------------------  ----------------------
/opt/airflow/dags/dss150p_pipeline.py                           1           0  0.71s           2026-09-23T14:39:35                      12
================================================================================
[2026-09-23T14:40:16.705+0000] {manager.py:997} INFO - 
================================================================================
DAG File Processing Stats

File Path                              PID    Runtime      # DAGs    # Errors  Last Runtime    Last Run               Last # of DB Queries
-------------------------------------  -----  ---------  --------  ----------  --------------  -------------------  ----------------------
/opt/airflow/dags/dss150p_pipeline.py                           1           0  0.34s           2026-09-23T14:40:06                      12
================================================================================
[2026-09-23T14:40:47.362+0000] {manager.py:997} INFO - 
================================================================================
DAG File Processing Stats

File Path                              PID    Runtime      # DAGs    # Errors  Last Runtime    Last Run               Last # of DB Queries
-------------------------------------  -----  ---------  --------  ----------  --------------  -------------------  ----------------------
/opt/airflow/dags/dss150p_pipeline.py                           1           0  3.41s           2026-09-23T14:40:40                      12
================================================================================
[2026-09-23T14:41:17.880+0000] {manager.py:997} INFO - 
================================================================================
DAG File Processing Stats

File Path                              PID    Runtime      # DAGs    # Errors  Last Runtime    Last Run               Last # of DB Queries
-------------------------------------  -----  ---------  --------  ----------  --------------  -------------------  ----------------------
/opt/airflow/dags/dss150p_pipeline.py                           1           0  1.27s           2026-09-23T14:41:11                      12
================================================================================
[2026-09-23T14:41:47.785+0000] {manager.py:997} INFO - 
================================================================================
DAG File Processing Stats

File Path                              PID    Runtime      # DAGs    # Errors  Last Runtime    Last Run               Last # of DB Queries
-------------------------------------  -----  ---------  --------  ----------  --------------  -------------------  ----------------------
/opt/airflow/dags/dss150p_pipeline.py                           1           0  0.39s           2026-09-23T14:41:42                      12
================================================================================
[2026-09-23T14:42:18.133+0000] {manager.py:997} INFO - 
================================================================================
DAG File Processing Stats

File Path                              PID    Runtime      # DAGs    # Errors  Last Runtime    Last Run               Last # of DB Queries
-------------------------------------  -----  ---------  --------  ----------  --------------  -------------------  ----------------------
/opt/airflow/dags/dss150p_pipeline.py                           1           0  0.72s           2026-09-23T14:42:14                      12
================================================================================
[2026-09-23T14:42:48.729+0000] {manager.py:997} INFO - 
================================================================================
DAG File Processing Stats

File Path                                PID  Runtime      # DAGs    # Errors  Last Runtime    Last Run               Last # of DB Queries
-------------------------------------  -----  ---------  --------  ----------  --------------  -------------------  ----------------------
/opt/airflow/dags/dss150p_pipeline.py   1259  3.83s             1           0  0.72s           2026-09-23T14:42:14                      12
================================================================================
[2026-09-23T14:43:19.648+0000] {manager.py:997} INFO - 
================================================================================
DAG File Processing Stats

File Path                              PID    Runtime      # DAGs    # Errors  Last Runtime    Last Run               Last # of DB Queries
-------------------------------------  -----  ---------  --------  ----------  --------------  -------------------  ----------------------
/opt/airflow/dags/dss150p_pipeline.py                           1           0  7.43s           2026-09-23T14:42:52                      12
================================================================================
[2026-09-23T14:43:50.383+0000] {manager.py:997} INFO - 
================================================================================
DAG File Processing Stats

File Path                              PID    Runtime      # DAGs    # Errors  Last Runtime    Last Run               Last # of DB Queries
-------------------------------------  -----  ---------  --------  ----------  --------------  -------------------  ----------------------
/opt/airflow/dags/dss150p_pipeline.py                           1           0  2.34s           2026-09-23T14:43:25                      12
================================================================================
[2026-09-23T14:44:21.046+0000] {manager.py:997} INFO - 
================================================================================
DAG File Processing Stats

File Path                              PID    Runtime      # DAGs    # Errors  Last Runtime    Last Run               Last # of DB Queries
-------------------------------------  -----  ---------  --------  ----------  --------------  -------------------  ----------------------
/opt/airflow/dags/dss150p_pipeline.py                           1           0  0.28s           2026-09-23T14:43:55                      12
================================================================================
[2026-09-23T14:44:40.335+0000] {manager.py:821} INFO - Searching for files in /opt/airflow/dags
[2026-09-23T14:44:40.376+0000] {manager.py:824} INFO - There are 1 files in /opt/airflow/dags
[2026-09-23T14:44:51.369+0000] {manager.py:997} INFO - 
================================================================================
DAG File Processing Stats

File Path                              PID    Runtime      # DAGs    # Errors  Last Runtime    Last Run               Last # of DB Queries
-------------------------------------  -----  ---------  --------  ----------  --------------  -------------------  ----------------------
/opt/airflow/dags/dss150p_pipeline.py                           1           0  0.23s           2026-09-23T14:44:26                      12
================================================================================
[2026-09-23T14:45:21.473+0000] {manager.py:997} INFO - 
================================================================================
DAG File Processing Stats

File Path                              PID    Runtime      # DAGs    # Errors  Last Runtime    Last Run               Last # of DB Queries
-------------------------------------  -----  ---------  --------  ----------  --------------  -------------------  ----------------------
/opt/airflow/dags/dss150p_pipeline.py                           1           0  0.78s           2026-09-23T14:44:57                      12
================================================================================
[2026-09-23T14:45:51.501+0000] {manager.py:997} INFO - 
================================================================================
DAG File Processing Stats

File Path                              PID    Runtime      # DAGs    # Errors  Last Runtime    Last Run               Last # of DB Queries
-------------------------------------  -----  ---------  --------  ----------  --------------  -------------------  ----------------------
/opt/airflow/dags/dss150p_pipeline.py                           1           0  0.23s           2026-09-23T14:45:28                      12
================================================================================
[2026-09-23T14:46:21.825+0000] {manager.py:997} INFO - 
================================================================================
DAG File Processing Stats

File Path                              PID    Runtime      # DAGs    # Errors  Last Runtime    Last Run               Last # of DB Queries
-------------------------------------  -----  ---------  --------  ----------  --------------  -------------------  ----------------------
/opt/airflow/dags/dss150p_pipeline.py                           1           0  0.22s           2026-09-23T14:45:58                      12
================================================================================
[2026-09-23T14:46:52.506+0000] {manager.py:997} INFO - 
================================================================================
DAG File Processing Stats

File Path                              PID    Runtime      # DAGs    # Errors  Last Runtime    Last Run               Last # of DB Queries
-------------------------------------  -----  ---------  --------  ----------  --------------  -------------------  ----------------------
/opt/airflow/dags/dss150p_pipeline.py                           1           0  0.22s           2026-09-23T14:46:29                      12
================================================================================
[2026-09-23T14:47:22.545+0000] {manager.py:997} INFO - 
================================================================================
DAG File Processing Stats

File Path                              PID    Runtime      # DAGs    # Errors  Last Runtime    Last Run               Last # of DB Queries
-------------------------------------  -----  ---------  --------  ----------  --------------  -------------------  ----------------------
/opt/airflow/dags/dss150p_pipeline.py                           1           0  4.42s           2026-09-23T14:47:04                      12
================================================================================
[2026-09-23T14:47:52.712+0000] {manager.py:997} INFO - 
================================================================================
DAG File Processing Stats

File Path                              PID    Runtime      # DAGs    # Errors  Last Runtime    Last Run               Last # of DB Queries
-------------------------------------  -----  ---------  --------  ----------  --------------  -------------------  ----------------------
/opt/airflow/dags/dss150p_pipeline.py                           1           0  1.43s           2026-09-23T14:47:36                      12
================================================================================
[2026-09-23T14:48:22.888+0000] {manager.py:997} INFO - 
================================================================================
DAG File Processing Stats

File Path                              PID    Runtime      # DAGs    # Errors  Last Runtime    Last Run               Last # of DB Queries
-------------------------------------  -----  ---------  --------  ----------  --------------  -------------------  ----------------------
/opt/airflow/dags/dss150p_pipeline.py                           1           0  0.31s           2026-09-23T14:48:07                      12
================================================================================
[2026-09-23T14:48:53.762+0000] {manager.py:997} INFO - 
================================================================================
DAG File Processing Stats

File Path                              PID    Runtime      # DAGs    # Errors  Last Runtime    Last Run               Last # of DB Queries
-------------------------------------  -----  ---------  --------  ----------  --------------  -------------------  ----------------------
/opt/airflow/dags/dss150p_pipeline.py                           1           0  0.24s           2026-09-23T14:48:38                      12
================================================================================
[2026-09-23T14:49:24.519+0000] {manager.py:997} INFO - 
================================================================================
DAG File Processing Stats

File Path                              PID    Runtime      # DAGs    # Errors  Last Runtime    Last Run               Last # of DB Queries
-------------------------------------  -----  ---------  --------  ----------  --------------  -------------------  ----------------------
/opt/airflow/dags/dss150p_pipeline.py                           1           0  0.37s           2026-09-23T14:49:09                      12
================================================================================
[2026-09-23T14:49:40.752+0000] {manager.py:821} INFO - Searching for files in /opt/airflow/dags
[2026-09-23T14:49:40.777+0000] {manager.py:824} INFO - There are 1 files in /opt/airflow/dags
[2026-09-23T14:49:54.989+0000] {manager.py:997} INFO - 
================================================================================
DAG File Processing Stats

File Path                              PID    Runtime      # DAGs    # Errors  Last Runtime    Last Run               Last # of DB Queries
-------------------------------------  -----  ---------  --------  ----------  --------------  -------------------  ----------------------
/opt/airflow/dags/dss150p_pipeline.py                           1           0  0.20s           2026-09-23T14:49:39                      12
================================================================================
[2026-09-23T14:50:25.115+0000] {manager.py:997} INFO - 
================================================================================
DAG File Processing Stats

File Path                              PID    Runtime      # DAGs    # Errors  Last Runtime    Last Run               Last # of DB Queries
-------------------------------------  -----  ---------  --------  ----------  --------------  -------------------  ----------------------
/opt/airflow/dags/dss150p_pipeline.py                           1           0  1.62s           2026-09-23T14:50:12                      12
================================================================================
[2026-09-23T14:50:55.583+0000] {manager.py:997} INFO - 
================================================================================
DAG File Processing Stats

File Path                              PID    Runtime      # DAGs    # Errors  Last Runtime    Last Run               Last # of DB Queries
-------------------------------------  -----  ---------  --------  ----------  --------------  -------------------  ----------------------
/opt/airflow/dags/dss150p_pipeline.py                           1           0  0.29s           2026-09-23T14:50:42                      12
================================================================================
[2026-09-23T14:51:25.959+0000] {manager.py:997} INFO - 
================================================================================
DAG File Processing Stats

File Path                              PID    Runtime      # DAGs    # Errors  Last Runtime    Last Run               Last # of DB Queries
-------------------------------------  -----  ---------  --------  ----------  --------------  -------------------  ----------------------
/opt/airflow/dags/dss150p_pipeline.py                           1           0  0.72s           2026-09-23T14:51:14                      12
================================================================================
[2026-09-23T14:51:57.012+0000] {manager.py:997} INFO - 
================================================================================
DAG File Processing Stats

File Path                              PID    Runtime      # DAGs    # Errors  Last Runtime    Last Run               Last # of DB Queries
-------------------------------------  -----  ---------  --------  ----------  --------------  -------------------  ----------------------
/opt/airflow/dags/dss150p_pipeline.py                           1           0  2.34s           2026-09-23T14:51:46                      12
================================================================================
[2026-09-23T14:52:27.712+0000] {manager.py:997} INFO - 
================================================================================
DAG File Processing Stats

File Path                              PID    Runtime      # DAGs    # Errors  Last Runtime    Last Run               Last # of DB Queries
-------------------------------------  -----  ---------  --------  ----------  --------------  -------------------  ----------------------
/opt/airflow/dags/dss150p_pipeline.py                           1           0  0.57s           2026-09-23T14:52:17                      12
================================================================================
[2026-09-23T14:52:58.008+0000] {manager.py:997} INFO - 
================================================================================
DAG File Processing Stats

File Path                              PID    Runtime      # DAGs    # Errors  Last Runtime    Last Run               Last # of DB Queries
-------------------------------------  -----  ---------  --------  ----------  --------------  -------------------  ----------------------
/opt/airflow/dags/dss150p_pipeline.py                           1           0  0.79s           2026-09-23T14:52:48                      12
================================================================================
[2026-09-23T14:53:28.275+0000] {manager.py:997} INFO - 
================================================================================
DAG File Processing Stats

File Path                              PID    Runtime      # DAGs    # Errors  Last Runtime    Last Run               Last # of DB Queries
-------------------------------------  -----  ---------  --------  ----------  --------------  -------------------  ----------------------
/opt/airflow/dags/dss150p_pipeline.py                           1           0  0.29s           2026-09-23T14:53:19                      12
================================================================================
[2026-09-23T14:53:58.833+0000] {manager.py:997} INFO - 
================================================================================
DAG File Processing Stats

File Path                              PID    Runtime      # DAGs    # Errors  Last Runtime    Last Run               Last # of DB Queries
-------------------------------------  -----  ---------  --------  ----------  --------------  -------------------  ----------------------
/opt/airflow/dags/dss150p_pipeline.py                           1           0  0.54s           2026-09-23T14:53:50                      12
================================================================================
[2026-09-23T14:54:29.051+0000] {manager.py:997} INFO - 
================================================================================
DAG File Processing Stats

File Path                              PID    Runtime      # DAGs    # Errors  Last Runtime    Last Run               Last # of DB Queries
-------------------------------------  -----  ---------  --------  ----------  --------------  -------------------  ----------------------
/opt/airflow/dags/dss150p_pipeline.py                           1           0  0.27s           2026-09-23T14:54:20                      12
================================================================================
[2026-09-23T14:54:40.776+0000] {manager.py:821} INFO - Searching for files in /opt/airflow/dags
[2026-09-23T14:54:40.825+0000] {manager.py:824} INFO - There are 1 files in /opt/airflow/dags
[2026-09-23T14:54:59.145+0000] {manager.py:997} INFO - 
================================================================================
DAG File Processing Stats

File Path                              PID    Runtime      # DAGs    # Errors  Last Runtime    Last Run               Last # of DB Queries
-------------------------------------  -----  ---------  --------  ----------  --------------  -------------------  ----------------------
/opt/airflow/dags/dss150p_pipeline.py                           1           0  0.49s           2026-09-23T14:54:52                      12
================================================================================
[2026-09-23T14:55:29.265+0000] {manager.py:997} INFO - 
================================================================================
DAG File Processing Stats

File Path                              PID    Runtime      # DAGs    # Errors  Last Runtime    Last Run               Last # of DB Queries
-------------------------------------  -----  ---------  --------  ----------  --------------  -------------------  ----------------------
/opt/airflow/dags/dss150p_pipeline.py                           1           0  0.34s           2026-09-23T14:55:22                      12
================================================================================
[2026-09-23T14:55:59.328+0000] {manager.py:997} INFO - 
================================================================================
DAG File Processing Stats

File Path                              PID    Runtime      # DAGs    # Errors  Last Runtime    Last Run               Last # of DB Queries
-------------------------------------  -----  ---------  --------  ----------  --------------  -------------------  ----------------------
/opt/airflow/dags/dss150p_pipeline.py                           1           0  0.89s           2026-09-23T14:55:53                      12
================================================================================
[2026-09-23T14:56:29.796+0000] {manager.py:997} INFO - 
================================================================================
DAG File Processing Stats

File Path                              PID    Runtime      # DAGs    # Errors  Last Runtime    Last Run               Last # of DB Queries
-------------------------------------  -----  ---------  --------  ----------  --------------  -------------------  ----------------------
/opt/airflow/dags/dss150p_pipeline.py                           1           0  0.95s           2026-09-23T14:56:24                      12
================================================================================
[2026-09-23T14:57:00.461+0000] {manager.py:997} INFO - 
================================================================================
DAG File Processing Stats

File Path                              PID    Runtime      # DAGs    # Errors  Last Runtime    Last Run               Last # of DB Queries
-------------------------------------  -----  ---------  --------  ----------  --------------  -------------------  ----------------------
/opt/airflow/dags/dss150p_pipeline.py                           1           0  0.34s           2026-09-23T14:56:55                      12
================================================================================
[2026-09-23T14:57:30.802+0000] {manager.py:997} INFO - 
================================================================================
DAG File Processing Stats

File Path                              PID    Runtime      # DAGs    # Errors  Last Runtime    Last Run               Last # of DB Queries
-------------------------------------  -----  ---------  --------  ----------  --------------  -------------------  ----------------------
/opt/airflow/dags/dss150p_pipeline.py                           1           0  2.01s           2026-09-23T14:57:28                      12
================================================================================
[2026-09-23T14:58:01.323+0000] {manager.py:997} INFO - 
================================================================================
DAG File Processing Stats

File Path                              PID    Runtime      # DAGs    # Errors  Last Runtime    Last Run               Last # of DB Queries
-------------------------------------  -----  ---------  --------  ----------  --------------  -------------------  ----------------------
/opt/airflow/dags/dss150p_pipeline.py                           1           0  0.65s           2026-09-23T14:57:59                      12
================================================================================
[2026-09-23T14:58:31.378+0000] {manager.py:997} INFO - 
================================================================================
DAG File Processing Stats

File Path                              PID    Runtime      # DAGs    # Errors  Last Runtime    Last Run               Last # of DB Queries
-------------------------------------  -----  ---------  --------  ----------  --------------  -------------------  ----------------------
/opt/airflow/dags/dss150p_pipeline.py                           1           0  0.40s           2026-09-23T14:58:30                      12
================================================================================
[2026-09-23T14:59:01.870+0000] {manager.py:997} INFO - 
================================================================================
DAG File Processing Stats

File Path                                PID  Runtime      # DAGs    # Errors  Last Runtime    Last Run               Last # of DB Queries
-------------------------------------  -----  ---------  --------  ----------  --------------  -------------------  ----------------------
/opt/airflow/dags/dss150p_pipeline.py   1598  1.28s             1           0  0.40s           2026-09-23T14:58:30                      12
================================================================================
[2026-09-23T14:59:32.325+0000] {manager.py:997} INFO - 
================================================================================
DAG File Processing Stats

File Path                              PID    Runtime      # DAGs    # Errors  Last Runtime    Last Run               Last # of DB Queries
-------------------------------------  -----  ---------  --------  ----------  --------------  -------------------  ----------------------
/opt/airflow/dags/dss150p_pipeline.py                           1           0  1.98s           2026-09-23T14:59:02                      12
================================================================================
[2026-09-23T14:59:40.812+0000] {manager.py:821} INFO - Searching for files in /opt/airflow/dags
[2026-09-23T14:59:40.921+0000] {manager.py:824} INFO - There are 1 files in /opt/airflow/dags
[2026-09-23T15:00:02.539+0000] {manager.py:997} INFO - 
================================================================================
DAG File Processing Stats

File Path                              PID    Runtime      # DAGs    # Errors  Last Runtime    Last Run               Last # of DB Queries
-------------------------------------  -----  ---------  --------  ----------  --------------  -------------------  ----------------------
/opt/airflow/dags/dss150p_pipeline.py                           1           0  1.93s           2026-09-23T14:59:34                      12
================================================================================
[2026-09-23T15:00:32.842+0000] {manager.py:997} INFO - 
================================================================================
DAG File Processing Stats

File Path                              PID    Runtime      # DAGs    # Errors  Last Runtime    Last Run               Last # of DB Queries
-------------------------------------  -----  ---------  --------  ----------  --------------  -------------------  ----------------------
/opt/airflow/dags/dss150p_pipeline.py                           1           0  1.44s           2026-09-23T15:00:06                      12
================================================================================
[2026-09-23T15:01:02.935+0000] {manager.py:997} INFO - 
================================================================================
DAG File Processing Stats

File Path                              PID    Runtime      # DAGs    # Errors  Last Runtime    Last Run               Last # of DB Queries
-------------------------------------  -----  ---------  --------  ----------  --------------  -------------------  ----------------------
/opt/airflow/dags/dss150p_pipeline.py                           1           0  1.62s           2026-09-23T15:00:38                      12
================================================================================
[2026-09-23T15:01:33.520+0000] {manager.py:997} INFO - 
================================================================================
DAG File Processing Stats

File Path                              PID    Runtime      # DAGs    # Errors  Last Runtime    Last Run               Last # of DB Queries
-------------------------------------  -----  ---------  --------  ----------  --------------  -------------------  ----------------------
/opt/airflow/dags/dss150p_pipeline.py                           1           0  6.66s           2026-09-23T15:01:15                      12
================================================================================
[2026-09-23T15:02:03.801+0000] {manager.py:997} INFO - 
================================================================================
DAG File Processing Stats

File Path                              PID    Runtime      # DAGs    # Errors  Last Runtime    Last Run               Last # of DB Queries
-------------------------------------  -----  ---------  --------  ----------  --------------  -------------------  ----------------------
/opt/airflow/dags/dss150p_pipeline.py                           1           0  0.37s           2026-09-23T15:01:45                      12
================================================================================
[2026-09-23T15:02:34.175+0000] {manager.py:997} INFO - 
================================================================================
DAG File Processing Stats

File Path                              PID    Runtime      # DAGs    # Errors  Last Runtime    Last Run               Last # of DB Queries
-------------------------------------  -----  ---------  --------  ----------  --------------  -------------------  ----------------------
/opt/airflow/dags/dss150p_pipeline.py                           1           0  0.63s           2026-09-23T15:02:16                      12
================================================================================
[2026-09-23T15:03:04.258+0000] {manager.py:997} INFO - 
================================================================================
DAG File Processing Stats

File Path                              PID    Runtime      # DAGs    # Errors  Last Runtime    Last Run               Last # of DB Queries
-------------------------------------  -----  ---------  --------  ----------  --------------  -------------------  ----------------------
/opt/airflow/dags/dss150p_pipeline.py                           1           0  1.75s           2026-09-23T15:02:48                      12
================================================================================
[2026-09-23T15:03:35.052+0000] {manager.py:997} INFO - 
================================================================================
DAG File Processing Stats

File Path                              PID    Runtime      # DAGs    # Errors  Last Runtime    Last Run               Last # of DB Queries
-------------------------------------  -----  ---------  --------  ----------  --------------  -------------------  ----------------------
/opt/airflow/dags/dss150p_pipeline.py                           1           0  0.46s           2026-09-23T15:03:19                      12
================================================================================
[2026-09-23T15:04:05.173+0000] {manager.py:997} INFO - 
================================================================================
DAG File Processing Stats

File Path                              PID    Runtime      # DAGs    # Errors  Last Runtime    Last Run               Last # of DB Queries
-------------------------------------  -----  ---------  --------  ----------  --------------  -------------------  ----------------------
/opt/airflow/dags/dss150p_pipeline.py                           1           0  0.53s           2026-09-23T15:03:49                      12
================================================================================
[2026-09-23T15:04:35.238+0000] {manager.py:997} INFO - 
================================================================================
DAG File Processing Stats

File Path                              PID    Runtime      # DAGs    # Errors  Last Runtime    Last Run               Last # of DB Queries
-------------------------------------  -----  ---------  --------  ----------  --------------  -------------------  ----------------------
/opt/airflow/dags/dss150p_pipeline.py                           1           0  0.75s           2026-09-23T15:04:20                      12
================================================================================
[2026-09-23T15:04:40.816+0000] {manager.py:821} INFO - Searching for files in /opt/airflow/dags
[2026-09-23T15:04:40.843+0000] {manager.py:824} INFO - There are 1 files in /opt/airflow/dags
[2026-09-23T15:05:05.283+0000] {manager.py:997} INFO - 
================================================================================
DAG File Processing Stats

File Path                              PID    Runtime      # DAGs    # Errors  Last Runtime    Last Run               Last # of DB Queries
-------------------------------------  -----  ---------  --------  ----------  --------------  -------------------  ----------------------
/opt/airflow/dags/dss150p_pipeline.py                           1           0  5.87s           2026-09-23T15:04:56                      12
================================================================================
[2026-09-23T15:05:35.851+0000] {manager.py:997} INFO - 
================================================================================
DAG File Processing Stats

File Path                              PID    Runtime      # DAGs    # Errors  Last Runtime    Last Run               Last # of DB Queries
-------------------------------------  -----  ---------  --------  ----------  --------------  -------------------  ----------------------
/opt/airflow/dags/dss150p_pipeline.py                           1           0  1.28s           2026-09-23T15:05:28                      12
================================================================================
[2026-09-23T15:06:06.307+0000] {manager.py:997} INFO - 
================================================================================
DAG File Processing Stats

File Path                              PID    Runtime      # DAGs    # Errors  Last Runtime    Last Run               Last # of DB Queries
-------------------------------------  -----  ---------  --------  ----------  --------------  -------------------  ----------------------
/opt/airflow/dags/dss150p_pipeline.py                           1           0  1.57s           2026-09-23T15:06:00                      12
================================================================================
[2026-09-23T15:06:37.558+0000] {manager.py:997} INFO - 
================================================================================
DAG File Processing Stats

File Path                              PID    Runtime      # DAGs    # Errors  Last Runtime    Last Run               Last # of DB Queries
-------------------------------------  -----  ---------  --------  ----------  --------------  -------------------  ----------------------
/opt/airflow/dags/dss150p_pipeline.py                           1           0  0.39s           2026-09-23T15:06:31                      12
================================================================================
[2026-09-23T15:07:10.710+0000] {manager.py:997} INFO - 
================================================================================
DAG File Processing Stats

File Path                              PID    Runtime      # DAGs    # Errors  Last Runtime    Last Run               Last # of DB Queries
-------------------------------------  -----  ---------  --------  ----------  --------------  -------------------  ----------------------
/opt/airflow/dags/dss150p_pipeline.py                           1           0  5.09s           2026-09-23T15:07:07                      12
================================================================================
[2026-09-23T15:07:41.141+0000] {manager.py:997} INFO - 
================================================================================
DAG File Processing Stats

File Path                              PID    Runtime      # DAGs    # Errors  Last Runtime    Last Run               Last # of DB Queries
-------------------------------------  -----  ---------  --------  ----------  --------------  -------------------  ----------------------
/opt/airflow/dags/dss150p_pipeline.py                           1           0  0.45s           2026-09-23T15:07:38                      12
================================================================================
[2026-09-23T15:08:11.979+0000] {manager.py:997} INFO - 
================================================================================
DAG File Processing Stats

File Path                              PID    Runtime      # DAGs    # Errors  Last Runtime    Last Run               Last # of DB Queries
-------------------------------------  -----  ---------  --------  ----------  --------------  -------------------  ----------------------
/opt/airflow/dags/dss150p_pipeline.py                           1           0  0.42s           2026-09-23T15:08:08                      12
================================================================================
[2026-09-23T15:08:42.337+0000] {manager.py:997} INFO - 
================================================================================
DAG File Processing Stats

File Path                              PID    Runtime      # DAGs    # Errors  Last Runtime    Last Run               Last # of DB Queries
-------------------------------------  -----  ---------  --------  ----------  --------------  -------------------  ----------------------
/opt/airflow/dags/dss150p_pipeline.py                           1           0  0.22s           2026-09-23T15:08:39                      12
================================================================================
[2026-09-23T15:09:12.855+0000] {manager.py:997} INFO - 
================================================================================
DAG File Processing Stats

File Path                              PID    Runtime      # DAGs    # Errors  Last Runtime    Last Run               Last # of DB Queries
-------------------------------------  -----  ---------  --------  ----------  --------------  -------------------  ----------------------
/opt/airflow/dags/dss150p_pipeline.py                           1           0  0.57s           2026-09-23T15:09:10                      12
================================================================================
[2026-09-23T15:09:41.255+0000] {manager.py:821} INFO - Searching for files in /opt/airflow/dags
[2026-09-23T15:09:41.346+0000] {manager.py:824} INFO - There are 1 files in /opt/airflow/dags
[2026-09-23T15:09:43.430+0000] {manager.py:997} INFO - 
================================================================================
DAG File Processing Stats

File Path                              PID    Runtime      # DAGs    # Errors  Last Runtime    Last Run               Last # of DB Queries
-------------------------------------  -----  ---------  --------  ----------  --------------  -------------------  ----------------------
/opt/airflow/dags/dss150p_pipeline.py                           1           0  0.92s           2026-09-23T15:09:41                      12
================================================================================
[2026-09-23T15:10:13.879+0000] {manager.py:997} INFO - 
================================================================================
DAG File Processing Stats

File Path                              PID    Runtime      # DAGs    # Errors  Last Runtime    Last Run               Last # of DB Queries
-------------------------------------  -----  ---------  --------  ----------  --------------  -------------------  ----------------------
/opt/airflow/dags/dss150p_pipeline.py                           1           0  0.38s           2026-09-23T15:10:12                      12
================================================================================
[2026-09-23T15:10:44.324+0000] {manager.py:997} INFO - 
================================================================================
DAG File Processing Stats

File Path                                PID  Runtime      # DAGs    # Errors  Last Runtime    Last Run               Last # of DB Queries
-------------------------------------  -----  ---------  --------  ----------  --------------  -------------------  ----------------------
/opt/airflow/dags/dss150p_pipeline.py   1748  1.38s             1           0  0.38s           2026-09-23T15:10:12                      12
================================================================================
[2026-09-23T15:11:14.664+0000] {manager.py:997} INFO - 
================================================================================
DAG File Processing Stats

File Path                              PID    Runtime      # DAGs    # Errors  Last Runtime    Last Run               Last # of DB Queries
-------------------------------------  -----  ---------  --------  ----------  --------------  -------------------  ----------------------
/opt/airflow/dags/dss150p_pipeline.py                           1           0  4.77s           2026-09-23T15:10:47                      12
================================================================================
[2026-09-23T15:11:44.800+0000] {manager.py:997} INFO - 
================================================================================
DAG File Processing Stats

File Path                              PID    Runtime      # DAGs    # Errors  Last Runtime    Last Run               Last # of DB Queries
-------------------------------------  -----  ---------  --------  ----------  --------------  -------------------  ----------------------
/opt/airflow/dags/dss150p_pipeline.py                           1           0  0.28s           2026-09-23T15:11:17                      12
================================================================================
[2026-09-23T15:12:15.288+0000] {manager.py:997} INFO - 
================================================================================
DAG File Processing Stats

File Path                              PID    Runtime      # DAGs    # Errors  Last Runtime    Last Run               Last # of DB Queries
-------------------------------------  -----  ---------  --------  ----------  --------------  -------------------  ----------------------
/opt/airflow/dags/dss150p_pipeline.py                           1           0  1.38s           2026-09-23T15:11:49                      12
================================================================================
[2026-09-23T15:12:45.560+0000] {manager.py:997} INFO - 
================================================================================
DAG File Processing Stats

File Path                              PID    Runtime      # DAGs    # Errors  Last Runtime    Last Run               Last # of DB Queries
-------------------------------------  -----  ---------  --------  ----------  --------------  -------------------  ----------------------
/opt/airflow/dags/dss150p_pipeline.py                           1           0  1.51s           2026-09-23T15:12:21                      12
================================================================================
[2026-09-23T15:13:15.620+0000] {manager.py:997} INFO - 
================================================================================
DAG File Processing Stats

File Path                              PID    Runtime      # DAGs    # Errors  Last Runtime    Last Run               Last # of DB Queries
-------------------------------------  -----  ---------  --------  ----------  --------------  -------------------  ----------------------
/opt/airflow/dags/dss150p_pipeline.py                           1           0  0.94s           2026-09-23T15:12:52                      12
================================================================================
[2026-09-23T15:13:46.267+0000] {manager.py:997} INFO - 
================================================================================
DAG File Processing Stats

File Path                              PID    Runtime      # DAGs    # Errors  Last Runtime    Last Run               Last # of DB Queries
-------------------------------------  -----  ---------  --------  ----------  --------------  -------------------  ----------------------
/opt/airflow/dags/dss150p_pipeline.py                           1           0  2.46s           2026-09-23T15:13:25                      12
================================================================================
[2026-09-23T15:14:16.803+0000] {manager.py:997} INFO - 
================================================================================
DAG File Processing Stats

File Path                              PID    Runtime      # DAGs    # Errors  Last Runtime    Last Run               Last # of DB Queries
-------------------------------------  -----  ---------  --------  ----------  --------------  -------------------  ----------------------
/opt/airflow/dags/dss150p_pipeline.py                           1           0  0.35s           2026-09-23T15:13:56                      12
================================================================================
[2026-09-23T15:14:41.596+0000] {manager.py:821} INFO - Searching for files in /opt/airflow/dags
[2026-09-23T15:14:41.619+0000] {manager.py:824} INFO - There are 1 files in /opt/airflow/dags
[2026-09-23T15:14:46.925+0000] {manager.py:997} INFO - 
================================================================================
DAG File Processing Stats

File Path                              PID    Runtime      # DAGs    # Errors  Last Runtime    Last Run               Last # of DB Queries
-------------------------------------  -----  ---------  --------  ----------  --------------  -------------------  ----------------------
/opt/airflow/dags/dss150p_pipeline.py                           1           0  2.89s           2026-09-23T15:14:30                      12
================================================================================
[2026-09-23T15:15:17.070+0000] {manager.py:997} INFO - 
================================================================================
DAG File Processing Stats

File Path                              PID    Runtime      # DAGs    # Errors  Last Runtime    Last Run               Last # of DB Queries
-------------------------------------  -----  ---------  --------  ----------  --------------  -------------------  ----------------------
/opt/airflow/dags/dss150p_pipeline.py                           1           0  0.90s           2026-09-23T15:15:01                      12
================================================================================
[2026-09-23T15:15:47.123+0000] {manager.py:997} INFO - 
================================================================================
DAG File Processing Stats

File Path                              PID    Runtime      # DAGs    # Errors  Last Runtime    Last Run               Last # of DB Queries
-------------------------------------  -----  ---------  --------  ----------  --------------  -------------------  ----------------------
/opt/airflow/dags/dss150p_pipeline.py                           1           0  1.36s           2026-09-23T15:15:33                      12
================================================================================
[2026-09-23T15:16:17.883+0000] {manager.py:997} INFO - 
================================================================================
DAG File Processing Stats

File Path                              PID    Runtime      # DAGs    # Errors  Last Runtime    Last Run               Last # of DB Queries
-------------------------------------  -----  ---------  --------  ----------  --------------  -------------------  ----------------------
/opt/airflow/dags/dss150p_pipeline.py                           1           0  1.22s           2026-09-23T15:16:04                      12
================================================================================
[2026-09-23T15:16:47.992+0000] {manager.py:997} INFO - 
================================================================================
DAG File Processing Stats

File Path                              PID    Runtime      # DAGs    # Errors  Last Runtime    Last Run               Last # of DB Queries
-------------------------------------  -----  ---------  --------  ----------  --------------  -------------------  ----------------------
/opt/airflow/dags/dss150p_pipeline.py                           1           0  0.38s           2026-09-23T15:16:35                      12
================================================================================
[2026-09-23T15:17:20.029+0000] {manager.py:997} INFO - 
================================================================================
DAG File Processing Stats

File Path                              PID    Runtime      # DAGs    # Errors  Last Runtime    Last Run               Last # of DB Queries
-------------------------------------  -----  ---------  --------  ----------  --------------  -------------------  ----------------------
/opt/airflow/dags/dss150p_pipeline.py                           1           0  0.27s           2026-09-23T15:17:06                      12
================================================================================
[2026-09-23T15:17:50.123+0000] {manager.py:997} INFO - 
================================================================================
DAG File Processing Stats

File Path                              PID    Runtime      # DAGs    # Errors  Last Runtime    Last Run               Last # of DB Queries
-------------------------------------  -----  ---------  --------  ----------  --------------  -------------------  ----------------------
/opt/airflow/dags/dss150p_pipeline.py                           1           0  1.34s           2026-09-23T15:17:38                      12
================================================================================
[2026-09-23T15:18:20.412+0000] {manager.py:997} INFO - 
================================================================================
DAG File Processing Stats

File Path                              PID    Runtime      # DAGs    # Errors  Last Runtime    Last Run               Last # of DB Queries
-------------------------------------  -----  ---------  --------  ----------  --------------  -------------------  ----------------------
/opt/airflow/dags/dss150p_pipeline.py                           1           0  0.44s           2026-09-23T15:18:08                      12
================================================================================
[2026-09-23T15:18:50.963+0000] {manager.py:997} INFO - 
================================================================================
DAG File Processing Stats

File Path                              PID    Runtime      # DAGs    # Errors  Last Runtime    Last Run               Last # of DB Queries
-------------------------------------  -----  ---------  --------  ----------  --------------  -------------------  ----------------------
/opt/airflow/dags/dss150p_pipeline.py                           1           0  2.34s           2026-09-23T15:18:41                      12
================================================================================
[2026-09-23T15:19:21.601+0000] {manager.py:997} INFO - 
================================================================================
DAG File Processing Stats

File Path                              PID    Runtime      # DAGs    # Errors  Last Runtime    Last Run               Last # of DB Queries
-------------------------------------  -----  ---------  --------  ----------  --------------  -------------------  ----------------------
/opt/airflow/dags/dss150p_pipeline.py                           1           0  1.23s           2026-09-23T15:19:13                      12
================================================================================
[2026-09-23T15:19:42.094+0000] {manager.py:821} INFO - Searching for files in /opt/airflow/dags
[2026-09-23T15:19:42.214+0000] {manager.py:824} INFO - There are 1 files in /opt/airflow/dags
[2026-09-23T15:19:52.004+0000] {manager.py:997} INFO - 
================================================================================
DAG File Processing Stats

File Path                              PID    Runtime      # DAGs    # Errors  Last Runtime    Last Run               Last # of DB Queries
-------------------------------------  -----  ---------  --------  ----------  --------------  -------------------  ----------------------
/opt/airflow/dags/dss150p_pipeline.py                           1           0  0.60s           2026-09-23T15:19:44                      12
================================================================================
[2026-09-23T15:20:22.312+0000] {manager.py:997} INFO - 
================================================================================
DAG File Processing Stats

File Path                              PID    Runtime      # DAGs    # Errors  Last Runtime    Last Run               Last # of DB Queries
-------------------------------------  -----  ---------  --------  ----------  --------------  -------------------  ----------------------
/opt/airflow/dags/dss150p_pipeline.py                           1           0  0.84s           2026-09-23T15:20:16                      12
================================================================================
[2026-09-23T15:20:52.696+0000] {manager.py:997} INFO - 
================================================================================
DAG File Processing Stats

File Path                              PID    Runtime      # DAGs    # Errors  Last Runtime    Last Run               Last # of DB Queries
-------------------------------------  -----  ---------  --------  ----------  --------------  -------------------  ----------------------
/opt/airflow/dags/dss150p_pipeline.py                           1           0  0.63s           2026-09-23T15:20:47                      12
================================================================================
[2026-09-23T15:21:22.776+0000] {manager.py:997} INFO - 
================================================================================
DAG File Processing Stats

File Path                              PID    Runtime      # DAGs    # Errors  Last Runtime    Last Run               Last # of DB Queries
-------------------------------------  -----  ---------  --------  ----------  --------------  -------------------  ----------------------
/opt/airflow/dags/dss150p_pipeline.py                           1           0  0.83s           2026-09-23T15:21:18                      12
================================================================================
[2026-09-23T15:21:53.095+0000] {manager.py:997} INFO - 
================================================================================
DAG File Processing Stats

File Path                              PID    Runtime      # DAGs    # Errors  Last Runtime    Last Run               Last # of DB Queries
-------------------------------------  -----  ---------  --------  ----------  --------------  -------------------  ----------------------
/opt/airflow/dags/dss150p_pipeline.py                           1           0  2.83s           2026-09-23T15:21:52                      12
================================================================================
[2026-09-23T15:22:23.411+0000] {manager.py:997} INFO - 
================================================================================
DAG File Processing Stats

File Path                                PID  Runtime      # DAGs    # Errors  Last Runtime    Last Run               Last # of DB Queries
-------------------------------------  -----  ---------  --------  ----------  --------------  -------------------  ----------------------
/opt/airflow/dags/dss150p_pipeline.py   1858  0.15s             1           0  2.83s           2026-09-23T15:21:52                      12
================================================================================
[2026-09-23T15:22:54.059+0000] {manager.py:997} INFO - 
================================================================================
DAG File Processing Stats

File Path                              PID    Runtime      # DAGs    # Errors  Last Runtime    Last Run               Last # of DB Queries
-------------------------------------  -----  ---------  --------  ----------  --------------  -------------------  ----------------------
/opt/airflow/dags/dss150p_pipeline.py                           1           0  2.26s           2026-09-23T15:22:25                      12
================================================================================
[2026-09-23T15:23:24.340+0000] {manager.py:997} INFO - 
================================================================================
DAG File Processing Stats

File Path                              PID    Runtime      # DAGs    # Errors  Last Runtime    Last Run               Last # of DB Queries
-------------------------------------  -----  ---------  --------  ----------  --------------  -------------------  ----------------------
/opt/airflow/dags/dss150p_pipeline.py                           1           0  1.79s           2026-09-23T15:22:57                      12
================================================================================
[2026-09-23T15:23:54.806+0000] {manager.py:997} INFO - 
================================================================================
DAG File Processing Stats

File Path                              PID    Runtime      # DAGs    # Errors  Last Runtime    Last Run               Last # of DB Queries
-------------------------------------  -----  ---------  --------  ----------  --------------  -------------------  ----------------------
/opt/airflow/dags/dss150p_pipeline.py                           1           0  0.59s           2026-09-23T15:23:28                      12
================================================================================
[2026-09-23T15:24:25.038+0000] {manager.py:997} INFO - 
================================================================================
DAG File Processing Stats

File Path                              PID    Runtime      # DAGs    # Errors  Last Runtime    Last Run               Last # of DB Queries
-------------------------------------  -----  ---------  --------  ----------  --------------  -------------------  ----------------------
/opt/airflow/dags/dss150p_pipeline.py                           1           0  0.45s           2026-09-23T15:24:00                      12
================================================================================
[2026-09-23T15:24:43.029+0000] {manager.py:821} INFO - Searching for files in /opt/airflow/dags
[2026-09-23T15:24:43.085+0000] {manager.py:824} INFO - There are 1 files in /opt/airflow/dags
[2026-09-23T15:24:55.507+0000] {manager.py:997} INFO - 
================================================================================
DAG File Processing Stats

File Path                              PID    Runtime      # DAGs    # Errors  Last Runtime    Last Run               Last # of DB Queries
-------------------------------------  -----  ---------  --------  ----------  --------------  -------------------  ----------------------
/opt/airflow/dags/dss150p_pipeline.py                           1           0  1.51s           2026-09-23T15:24:32                      12
================================================================================
[2026-09-23T15:25:26.510+0000] {manager.py:997} INFO - 
================================================================================
DAG File Processing Stats

File Path                              PID    Runtime      # DAGs    # Errors  Last Runtime    Last Run               Last # of DB Queries
-------------------------------------  -----  ---------  --------  ----------  --------------  -------------------  ----------------------
/opt/airflow/dags/dss150p_pipeline.py                           1           0  0.47s           2026-09-23T15:25:02                      12
================================================================================
[2026-09-23T15:25:57.045+0000] {manager.py:997} INFO - 
================================================================================
DAG File Processing Stats

File Path                              PID    Runtime      # DAGs    # Errors  Last Runtime    Last Run               Last # of DB Queries
-------------------------------------  -----  ---------  --------  ----------  --------------  -------------------  ----------------------
/opt/airflow/dags/dss150p_pipeline.py                           1           0  6.11s           2026-09-23T15:25:39                      12
================================================================================
[2026-09-23T15:26:27.599+0000] {manager.py:997} INFO - 
================================================================================
DAG File Processing Stats

File Path                              PID    Runtime      # DAGs    # Errors  Last Runtime    Last Run               Last # of DB Queries
-------------------------------------  -----  ---------  --------  ----------  --------------  -------------------  ----------------------
/opt/airflow/dags/dss150p_pipeline.py                           1           0  0.39s           2026-09-23T15:26:10                      12
================================================================================
[2026-09-23T15:26:58.582+0000] {manager.py:997} INFO - 
================================================================================
DAG File Processing Stats

File Path                              PID    Runtime      # DAGs    # Errors  Last Runtime    Last Run               Last # of DB Queries
-------------------------------------  -----  ---------  --------  ----------  --------------  -------------------  ----------------------
/opt/airflow/dags/dss150p_pipeline.py                           1           0  0.51s           2026-09-23T15:26:41                      12
================================================================================
[2026-09-23T15:27:29.203+0000] {manager.py:997} INFO - 
================================================================================
DAG File Processing Stats

File Path                              PID    Runtime      # DAGs    # Errors  Last Runtime    Last Run               Last # of DB Queries
-------------------------------------  -----  ---------  --------  ----------  --------------  -------------------  ----------------------
/opt/airflow/dags/dss150p_pipeline.py                           1           0  1.04s           2026-09-23T15:27:12                      12
================================================================================
[2026-09-23T15:27:59.741+0000] {manager.py:997} INFO - 
================================================================================
DAG File Processing Stats

File Path                              PID    Runtime      # DAGs    # Errors  Last Runtime    Last Run               Last # of DB Queries
-------------------------------------  -----  ---------  --------  ----------  --------------  -------------------  ----------------------
/opt/airflow/dags/dss150p_pipeline.py                           1           0  0.46s           2026-09-23T15:27:43                      12
================================================================================
[2026-09-23T15:28:30.614+0000] {manager.py:997} INFO - 
================================================================================
DAG File Processing Stats

File Path                              PID    Runtime      # DAGs    # Errors  Last Runtime    Last Run               Last # of DB Queries
-------------------------------------  -----  ---------  --------  ----------  --------------  -------------------  ----------------------
/opt/airflow/dags/dss150p_pipeline.py                           1           0  0.58s           2026-09-23T15:28:14                      12
================================================================================
[2026-09-23T15:29:00.829+0000] {manager.py:997} INFO - 
================================================================================
DAG File Processing Stats

File Path                              PID    Runtime      # DAGs    # Errors  Last Runtime    Last Run               Last # of DB Queries
-------------------------------------  -----  ---------  --------  ----------  --------------  -------------------  ----------------------
/opt/airflow/dags/dss150p_pipeline.py                           1           0  0.55s           2026-09-23T15:28:45                      12
================================================================================
[2026-09-23T15:29:30.938+0000] {manager.py:997} INFO - 
================================================================================
DAG File Processing Stats

File Path                              PID    Runtime      # DAGs    # Errors  Last Runtime    Last Run               Last # of DB Queries
-------------------------------------  -----  ---------  --------  ----------  --------------  -------------------  ----------------------
/opt/airflow/dags/dss150p_pipeline.py                           1           0  0.99s           2026-09-23T15:29:17                      12
================================================================================
[2026-09-23T15:29:43.382+0000] {manager.py:821} INFO - Searching for files in /opt/airflow/dags
[2026-09-23T15:29:43.509+0000] {manager.py:824} INFO - There are 1 files in /opt/airflow/dags
[2026-09-23T15:30:00.938+0000] {manager.py:997} INFO - 
================================================================================
DAG File Processing Stats

File Path                              PID    Runtime      # DAGs    # Errors  Last Runtime    Last Run               Last # of DB Queries
-------------------------------------  -----  ---------  --------  ----------  --------------  -------------------  ----------------------
/opt/airflow/dags/dss150p_pipeline.py                           1           0  1.03s           2026-09-23T15:29:48                      12
================================================================================
[2026-09-23T15:30:31.147+0000] {manager.py:997} INFO - 
================================================================================
DAG File Processing Stats

File Path                              PID    Runtime      # DAGs    # Errors  Last Runtime    Last Run               Last # of DB Queries
-------------------------------------  -----  ---------  --------  ----------  --------------  -------------------  ----------------------
/opt/airflow/dags/dss150p_pipeline.py                           1           0  1.51s           2026-09-23T15:30:20                      12
================================================================================
[2026-09-23T15:31:01.590+0000] {manager.py:997} INFO - 
================================================================================
DAG File Processing Stats

File Path                              PID    Runtime      # DAGs    # Errors  Last Runtime    Last Run               Last # of DB Queries
-------------------------------------  -----  ---------  --------  ----------  --------------  -------------------  ----------------------
/opt/airflow/dags/dss150p_pipeline.py                           1           0  4.42s           2026-09-23T15:30:55                      12
================================================================================
[2026-09-23T15:31:33.035+0000] {manager.py:997} INFO - 
================================================================================
DAG File Processing Stats

File Path                              PID    Runtime      # DAGs    # Errors  Last Runtime    Last Run               Last # of DB Queries
-------------------------------------  -----  ---------  --------  ----------  --------------  -------------------  ----------------------
/opt/airflow/dags/dss150p_pipeline.py                           1           0  0.63s           2026-09-23T15:31:26                      12
================================================================================
[2026-09-23T15:32:03.115+0000] {manager.py:997} INFO - 
================================================================================
DAG File Processing Stats

File Path                              PID    Runtime      # DAGs    # Errors  Last Runtime    Last Run               Last # of DB Queries
-------------------------------------  -----  ---------  --------  ----------  --------------  -------------------  ----------------------
/opt/airflow/dags/dss150p_pipeline.py                           1           0  0.66s           2026-09-23T15:31:58                      12
================================================================================
[2026-09-23T15:32:33.137+0000] {manager.py:997} INFO - 
================================================================================
DAG File Processing Stats

File Path                              PID    Runtime      # DAGs    # Errors  Last Runtime    Last Run               Last # of DB Queries
-------------------------------------  -----  ---------  --------  ----------  --------------  -------------------  ----------------------
/opt/airflow/dags/dss150p_pipeline.py                           1           0  0.76s           2026-09-23T15:32:29                      12
================================================================================
[2026-09-23T15:33:03.832+0000] {manager.py:997} INFO - 
================================================================================
DAG File Processing Stats

File Path                              PID    Runtime      # DAGs    # Errors  Last Runtime    Last Run               Last # of DB Queries
-------------------------------------  -----  ---------  --------  ----------  --------------  -------------------  ----------------------
/opt/airflow/dags/dss150p_pipeline.py                           1           0  0.92s           2026-09-23T15:33:00                      12
================================================================================
[2026-09-23T15:33:34.690+0000] {manager.py:997} INFO - 
================================================================================
DAG File Processing Stats

File Path                              PID    Runtime      # DAGs    # Errors  Last Runtime    Last Run               Last # of DB Queries
-------------------------------------  -----  ---------  --------  ----------  --------------  -------------------  ----------------------
/opt/airflow/dags/dss150p_pipeline.py                           1           0  1.38s           2026-09-23T15:33:32                      12
================================================================================
[2026-09-23T15:34:05.588+0000] {manager.py:997} INFO - 
================================================================================
DAG File Processing Stats

File Path                              PID    Runtime      # DAGs    # Errors  Last Runtime    Last Run               Last # of DB Queries
-------------------------------------  -----  ---------  --------  ----------  --------------  -------------------  ----------------------
/opt/airflow/dags/dss150p_pipeline.py                           1           0  2.09s           2026-09-23T15:34:05                      12
================================================================================
[2026-09-23T15:34:36.586+0000] {manager.py:997} INFO - 
================================================================================
DAG File Processing Stats

File Path                                PID  Runtime      # DAGs    # Errors  Last Runtime    Last Run               Last # of DB Queries
-------------------------------------  -----  ---------  --------  ----------  --------------  -------------------  ----------------------
/opt/airflow/dags/dss150p_pipeline.py   1973  0.01s             1           0  2.09s           2026-09-23T15:34:05                      12
================================================================================
[2026-09-23T15:34:43.536+0000] {manager.py:821} INFO - Searching for files in /opt/airflow/dags
[2026-09-23T15:34:43.569+0000] {manager.py:824} INFO - There are 1 files in /opt/airflow/dags
[2026-09-23T15:35:07.129+0000] {manager.py:997} INFO - 
================================================================================
DAG File Processing Stats

File Path                              PID    Runtime      # DAGs    # Errors  Last Runtime    Last Run               Last # of DB Queries
-------------------------------------  -----  ---------  --------  ----------  --------------  -------------------  ----------------------
/opt/airflow/dags/dss150p_pipeline.py                           1           0  0.85s           2026-09-23T15:34:37                      12
================================================================================
[2026-09-23T15:35:37.192+0000] {manager.py:997} INFO - 
================================================================================
DAG File Processing Stats

File Path                              PID    Runtime      # DAGs    # Errors  Last Runtime    Last Run               Last # of DB Queries
-------------------------------------  -----  ---------  --------  ----------  --------------  -------------------  ----------------------
/opt/airflow/dags/dss150p_pipeline.py                           1           0  1.16s           2026-09-23T15:35:08                      12
================================================================================
[2026-09-23T15:36:07.308+0000] {manager.py:997} INFO - 
================================================================================
DAG File Processing Stats

File Path                              PID    Runtime      # DAGs    # Errors  Last Runtime    Last Run               Last # of DB Queries
-------------------------------------  -----  ---------  --------  ----------  --------------  -------------------  ----------------------
/opt/airflow/dags/dss150p_pipeline.py                           1           0  2.98s           2026-09-23T15:35:42                      12
================================================================================
[2026-09-23T15:36:37.326+0000] {manager.py:997} INFO - 
================================================================================
DAG File Processing Stats

File Path                              PID    Runtime      # DAGs    # Errors  Last Runtime    Last Run               Last # of DB Queries
-------------------------------------  -----  ---------  --------  ----------  --------------  -------------------  ----------------------
/opt/airflow/dags/dss150p_pipeline.py                           1           0  0.59s           2026-09-23T15:36:13                      12
================================================================================
[2026-09-23T15:37:07.793+0000] {manager.py:997} INFO - 
================================================================================
DAG File Processing Stats

File Path                              PID    Runtime      # DAGs    # Errors  Last Runtime    Last Run               Last # of DB Queries
-------------------------------------  -----  ---------  --------  ----------  --------------  -------------------  ----------------------
/opt/airflow/dags/dss150p_pipeline.py                           1           0  1.02s           2026-09-23T15:36:45                      12
================================================================================
[2026-09-23T15:37:38.081+0000] {manager.py:997} INFO - 
================================================================================
DAG File Processing Stats

File Path                              PID    Runtime      # DAGs    # Errors  Last Runtime    Last Run               Last # of DB Queries
-------------------------------------  -----  ---------  --------  ----------  --------------  -------------------  ----------------------
/opt/airflow/dags/dss150p_pipeline.py                           1           0  0.83s           2026-09-23T15:37:16                      12
================================================================================
[2026-09-23T15:38:08.710+0000] {manager.py:997} INFO - 
================================================================================
DAG File Processing Stats

File Path                              PID    Runtime      # DAGs    # Errors  Last Runtime    Last Run               Last # of DB Queries
-------------------------------------  -----  ---------  --------  ----------  --------------  -------------------  ----------------------
/opt/airflow/dags/dss150p_pipeline.py                           1           0  0.30s           2026-09-23T15:37:47                      12
================================================================================
[2026-09-23T15:38:38.947+0000] {manager.py:997} INFO - 
================================================================================
DAG File Processing Stats

File Path                              PID    Runtime      # DAGs    # Errors  Last Runtime    Last Run               Last # of DB Queries
-------------------------------------  -----  ---------  --------  ----------  --------------  -------------------  ----------------------
/opt/airflow/dags/dss150p_pipeline.py                           1           0  0.81s           2026-09-23T15:38:18                      12
================================================================================
[2026-09-23T15:39:09.752+0000] {manager.py:997} INFO - 
================================================================================
DAG File Processing Stats

File Path                              PID    Runtime      # DAGs    # Errors  Last Runtime    Last Run               Last # of DB Queries
-------------------------------------  -----  ---------  --------  ----------  --------------  -------------------  ----------------------
/opt/airflow/dags/dss150p_pipeline.py                           1           0  0.71s           2026-09-23T15:38:49                      12
================================================================================
[2026-09-23T15:39:39.993+0000] {manager.py:997} INFO - 
================================================================================
DAG File Processing Stats

File Path                              PID    Runtime      # DAGs    # Errors  Last Runtime    Last Run               Last # of DB Queries
-------------------------------------  -----  ---------  --------  ----------  --------------  -------------------  ----------------------
/opt/airflow/dags/dss150p_pipeline.py                           1           0  0.89s           2026-09-23T15:39:20                      12
================================================================================
[2026-09-23T15:39:44.147+0000] {manager.py:821} INFO - Searching for files in /opt/airflow/dags
[2026-09-23T15:39:44.194+0000] {manager.py:824} INFO - There are 1 files in /opt/airflow/dags
[2026-09-23T15:40:10.062+0000] {manager.py:997} INFO - 
================================================================================
DAG File Processing Stats

File Path                              PID    Runtime      # DAGs    # Errors  Last Runtime    Last Run               Last # of DB Queries
-------------------------------------  -----  ---------  --------  ----------  --------------  -------------------  ----------------------
/opt/airflow/dags/dss150p_pipeline.py                           1           0  1.98s           2026-09-23T15:39:52                      12
================================================================================
[2026-09-23T15:40:40.142+0000] {manager.py:997} INFO - 
================================================================================
DAG File Processing Stats

File Path                              PID    Runtime      # DAGs    # Errors  Last Runtime    Last Run               Last # of DB Queries
-------------------------------------  -----  ---------  --------  ----------  --------------  -------------------  ----------------------
/opt/airflow/dags/dss150p_pipeline.py                           1           0  1.00s           2026-09-23T15:40:24                      12
================================================================================
[2026-09-23T15:41:10.398+0000] {manager.py:997} INFO - 
================================================================================
DAG File Processing Stats

File Path                              PID    Runtime      # DAGs    # Errors  Last Runtime    Last Run               Last # of DB Queries
-------------------------------------  -----  ---------  --------  ----------  --------------  -------------------  ----------------------
/opt/airflow/dags/dss150p_pipeline.py                           1           0  1.58s           2026-09-23T15:40:56                      12
================================================================================
[2026-09-23T15:41:40.487+0000] {manager.py:997} INFO - 
================================================================================
DAG File Processing Stats

File Path                              PID    Runtime      # DAGs    # Errors  Last Runtime    Last Run               Last # of DB Queries
-------------------------------------  -----  ---------  --------  ----------  --------------  -------------------  ----------------------
/opt/airflow/dags/dss150p_pipeline.py                           1           0  0.71s           2026-09-23T15:41:27                      12
================================================================================
[2026-09-23T15:42:10.756+0000] {manager.py:997} INFO - 
================================================================================
DAG File Processing Stats

File Path                              PID    Runtime      # DAGs    # Errors  Last Runtime    Last Run               Last # of DB Queries
-------------------------------------  -----  ---------  --------  ----------  --------------  -------------------  ----------------------
/opt/airflow/dags/dss150p_pipeline.py                           1           0  0.30s           2026-09-23T15:41:57                      12
================================================================================
[2026-09-23T15:42:41.353+0000] {manager.py:997} INFO - 
================================================================================
DAG File Processing Stats

File Path                              PID    Runtime      # DAGs    # Errors  Last Runtime    Last Run               Last # of DB Queries
-------------------------------------  -----  ---------  --------  ----------  --------------  -------------------  ----------------------
/opt/airflow/dags/dss150p_pipeline.py                           1           0  0.35s           2026-09-23T15:42:28                      12
================================================================================
[2026-09-23T15:43:11.507+0000] {manager.py:997} INFO - 
================================================================================
DAG File Processing Stats

File Path                              PID    Runtime      # DAGs    # Errors  Last Runtime    Last Run               Last # of DB Queries
-------------------------------------  -----  ---------  --------  ----------  --------------  -------------------  ----------------------
/opt/airflow/dags/dss150p_pipeline.py                           1           0  0.64s           2026-09-23T15:42:59                      12
================================================================================
[2026-09-23T15:43:41.606+0000] {manager.py:997} INFO - 
================================================================================
DAG File Processing Stats

File Path                              PID    Runtime      # DAGs    # Errors  Last Runtime    Last Run               Last # of DB Queries
-------------------------------------  -----  ---------  --------  ----------  --------------  -------------------  ----------------------
/opt/airflow/dags/dss150p_pipeline.py                           1           0  1.19s           2026-09-23T15:43:31                      12
================================================================================
[2026-09-23T15:44:11.636+0000] {manager.py:997} INFO - 
================================================================================
DAG File Processing Stats

File Path                              PID    Runtime      # DAGs    # Errors  Last Runtime    Last Run               Last # of DB Queries
-------------------------------------  -----  ---------  --------  ----------  --------------  -------------------  ----------------------
/opt/airflow/dags/dss150p_pipeline.py                           1           0  4.44s           2026-09-23T15:44:06                      12
================================================================================
[2026-09-23T15:44:41.981+0000] {manager.py:997} INFO - 
================================================================================
DAG File Processing Stats

File Path                              PID    Runtime      # DAGs    # Errors  Last Runtime    Last Run               Last # of DB Queries
-------------------------------------  -----  ---------  --------  ----------  --------------  -------------------  ----------------------
/opt/airflow/dags/dss150p_pipeline.py                           1           0  3.86s           2026-09-23T15:44:40                      12
================================================================================
[2026-09-23T15:44:44.643+0000] {manager.py:821} INFO - Searching for files in /opt/airflow/dags
[2026-09-23T15:44:44.698+0000] {manager.py:824} INFO - There are 1 files in /opt/airflow/dags
[2026-09-23T15:45:12.839+0000] {manager.py:997} INFO - 
================================================================================
DAG File Processing Stats

File Path                                PID  Runtime      # DAGs    # Errors  Last Runtime    Last Run               Last # of DB Queries
-------------------------------------  -----  ---------  --------  ----------  --------------  -------------------  ----------------------
/opt/airflow/dags/dss150p_pipeline.py   2073  1.72s             1           0  3.86s           2026-09-23T15:44:40                      12
================================================================================
[2026-09-23T15:45:44.110+0000] {manager.py:997} INFO - 
================================================================================
DAG File Processing Stats

File Path                              PID    Runtime      # DAGs    # Errors  Last Runtime    Last Run               Last # of DB Queries
-------------------------------------  -----  ---------  --------  ----------  --------------  -------------------  ----------------------
/opt/airflow/dags/dss150p_pipeline.py                           1           0  4.15s           2026-09-23T15:45:15                      12
================================================================================
[2026-09-23T15:46:14.350+0000] {manager.py:997} INFO - 
================================================================================
DAG File Processing Stats

File Path                              PID    Runtime      # DAGs    # Errors  Last Runtime    Last Run               Last # of DB Queries
-------------------------------------  -----  ---------  --------  ----------  --------------  -------------------  ----------------------
/opt/airflow/dags/dss150p_pipeline.py                           1           0  1.30s           2026-09-23T15:45:47                      12
================================================================================
[2026-09-23T15:46:44.831+0000] {manager.py:997} INFO - 
================================================================================
DAG File Processing Stats

File Path                              PID    Runtime      # DAGs    # Errors  Last Runtime    Last Run               Last # of DB Queries
-------------------------------------  -----  ---------  --------  ----------  --------------  -------------------  ----------------------
/opt/airflow/dags/dss150p_pipeline.py                           1           0  5.85s           2026-09-23T15:46:24                      12
================================================================================
[2026-09-23T15:47:15.055+0000] {manager.py:997} INFO - 
================================================================================
DAG File Processing Stats

File Path                              PID    Runtime      # DAGs    # Errors  Last Runtime    Last Run               Last # of DB Queries
-------------------------------------  -----  ---------  --------  ----------  --------------  -------------------  ----------------------
/opt/airflow/dags/dss150p_pipeline.py                           1           0  0.34s           2026-09-23T15:46:54                      12
================================================================================
[2026-09-23T15:47:46.037+0000] {manager.py:997} INFO - 
================================================================================
DAG File Processing Stats

File Path                                PID  Runtime      # DAGs    # Errors  Last Runtime    Last Run               Last # of DB Queries
-------------------------------------  -----  ---------  --------  ----------  --------------  -------------------  ----------------------
/opt/airflow/dags/dss150p_pipeline.py   2093  20.88s            1           0  0.34s           2026-09-23T15:46:54                      12
================================================================================
[2026-09-23T15:48:19.146+0000] {manager.py:997} INFO - 
================================================================================
DAG File Processing Stats

File Path                              PID    Runtime      # DAGs    # Errors  Last Runtime    Last Run               Last # of DB Queries
-------------------------------------  -----  ---------  --------  ----------  --------------  -------------------  ----------------------
/opt/airflow/dags/dss150p_pipeline.py                           1           0  24.95s          2026-09-23T15:47:49                      12
================================================================================
[2026-09-23T15:48:49.459+0000] {manager.py:997} INFO - 
================================================================================
DAG File Processing Stats

File Path                              PID    Runtime      # DAGs    # Errors  Last Runtime    Last Run               Last # of DB Queries
-------------------------------------  -----  ---------  --------  ----------  --------------  -------------------  ----------------------
/opt/airflow/dags/dss150p_pipeline.py                           1           0  2.55s           2026-09-23T15:48:22                      12
================================================================================
[2026-09-23T15:49:19.649+0000] {manager.py:997} INFO - 
================================================================================
DAG File Processing Stats

File Path                              PID    Runtime      # DAGs    # Errors  Last Runtime    Last Run               Last # of DB Queries
-------------------------------------  -----  ---------  --------  ----------  --------------  -------------------  ----------------------
/opt/airflow/dags/dss150p_pipeline.py                           1           0  0.77s           2026-09-23T15:48:54                      12
================================================================================
[2026-09-23T15:49:45.358+0000] {manager.py:821} INFO - Searching for files in /opt/airflow/dags
[2026-09-23T15:49:46.095+0000] {manager.py:824} INFO - There are 1 files in /opt/airflow/dags
[2026-09-23T15:49:50.358+0000] {manager.py:997} INFO - 
================================================================================
DAG File Processing Stats

File Path                              PID    Runtime      # DAGs    # Errors  Last Runtime    Last Run               Last # of DB Queries
-------------------------------------  -----  ---------  --------  ----------  --------------  -------------------  ----------------------
/opt/airflow/dags/dss150p_pipeline.py                           1           0  0.99s           2026-09-23T15:49:25                      12
================================================================================
[2026-09-23T15:50:20.906+0000] {manager.py:997} INFO - 
================================================================================
DAG File Processing Stats

File Path                              PID    Runtime      # DAGs    # Errors  Last Runtime    Last Run               Last # of DB Queries
-------------------------------------  -----  ---------  --------  ----------  --------------  -------------------  ----------------------
/opt/airflow/dags/dss150p_pipeline.py                           1           0  2.71s           2026-09-23T15:49:59                      12
================================================================================
[2026-09-23T15:50:51.782+0000] {manager.py:997} INFO - 
================================================================================
DAG File Processing Stats

File Path                              PID    Runtime      # DAGs    # Errors  Last Runtime    Last Run               Last # of DB Queries
-------------------------------------  -----  ---------  --------  ----------  --------------  -------------------  ----------------------
/opt/airflow/dags/dss150p_pipeline.py                           1           0  1.53s           2026-09-23T15:50:31                      12
================================================================================
[2026-09-23T15:51:22.393+0000] {manager.py:997} INFO - 
================================================================================
DAG File Processing Stats

File Path                              PID    Runtime      # DAGs    # Errors  Last Runtime    Last Run               Last # of DB Queries
-------------------------------------  -----  ---------  --------  ----------  --------------  -------------------  ----------------------
/opt/airflow/dags/dss150p_pipeline.py                           1           0  0.72s           2026-09-23T15:51:02                      12
================================================================================
[2026-09-23T15:51:52.743+0000] {manager.py:997} INFO - 
================================================================================
DAG File Processing Stats

File Path                              PID    Runtime      # DAGs    # Errors  Last Runtime    Last Run               Last # of DB Queries
-------------------------------------  -----  ---------  --------  ----------  --------------  -------------------  ----------------------
/opt/airflow/dags/dss150p_pipeline.py                           1           0  1.10s           2026-09-23T15:51:33                      12
================================================================================
[2026-09-23T15:52:22.929+0000] {manager.py:997} INFO - 
================================================================================
DAG File Processing Stats

File Path                              PID    Runtime      # DAGs    # Errors  Last Runtime    Last Run               Last # of DB Queries
-------------------------------------  -----  ---------  --------  ----------  --------------  -------------------  ----------------------
/opt/airflow/dags/dss150p_pipeline.py                           1           0  0.84s           2026-09-23T15:52:04                      12
================================================================================
[2026-09-23T15:52:52.986+0000] {manager.py:997} INFO - 
================================================================================
DAG File Processing Stats

File Path                              PID    Runtime      # DAGs    # Errors  Last Runtime    Last Run               Last # of DB Queries
-------------------------------------  -----  ---------  --------  ----------  --------------  -------------------  ----------------------
/opt/airflow/dags/dss150p_pipeline.py                           1           0  0.41s           2026-09-23T15:52:35                      12
================================================================================
[2026-09-23T15:53:23.386+0000] {manager.py:997} INFO - 
================================================================================
DAG File Processing Stats

File Path                              PID    Runtime      # DAGs    # Errors  Last Runtime    Last Run               Last # of DB Queries
-------------------------------------  -----  ---------  --------  ----------  --------------  -------------------  ----------------------
/opt/airflow/dags/dss150p_pipeline.py                           1           0  1.55s           2026-09-23T15:53:08                      12
================================================================================
[2026-09-23T15:53:54.038+0000] {manager.py:997} INFO - 
================================================================================
DAG File Processing Stats

File Path                              PID    Runtime      # DAGs    # Errors  Last Runtime    Last Run               Last # of DB Queries
-------------------------------------  -----  ---------  --------  ----------  --------------  -------------------  ----------------------
/opt/airflow/dags/dss150p_pipeline.py                           1           0  1.83s           2026-09-23T15:53:40                      12
================================================================================
[2026-09-23T15:54:24.520+0000] {manager.py:997} INFO - 
================================================================================
DAG File Processing Stats

File Path                              PID    Runtime      # DAGs    # Errors  Last Runtime    Last Run               Last # of DB Queries
-------------------------------------  -----  ---------  --------  ----------  --------------  -------------------  ----------------------
/opt/airflow/dags/dss150p_pipeline.py                           1           0  1.71s           2026-09-23T15:54:12                      12
================================================================================
[2026-09-23T15:54:45.517+0000] {manager.py:821} INFO - Searching for files in /opt/airflow/dags
[2026-09-23T15:54:46.394+0000] {manager.py:824} INFO - There are 1 files in /opt/airflow/dags
[2026-09-23T15:54:55.641+0000] {manager.py:997} INFO - 
================================================================================
DAG File Processing Stats

File Path                              PID    Runtime      # DAGs    # Errors  Last Runtime    Last Run               Last # of DB Queries
-------------------------------------  -----  ---------  --------  ----------  --------------  -------------------  ----------------------
/opt/airflow/dags/dss150p_pipeline.py                           1           0  7.29s           2026-09-23T15:54:51                      12
================================================================================
[2026-09-23T15:55:26.075+0000] {manager.py:997} INFO - 
================================================================================
DAG File Processing Stats

File Path                              PID    Runtime      # DAGs    # Errors  Last Runtime    Last Run               Last # of DB Queries
-------------------------------------  -----  ---------  --------  ----------  --------------  -------------------  ----------------------
/opt/airflow/dags/dss150p_pipeline.py                           1           0  2.11s           2026-09-23T15:55:24                      12
================================================================================
[2026-09-23T15:55:56.125+0000] {manager.py:997} INFO - 
================================================================================
DAG File Processing Stats

File Path                                PID  Runtime      # DAGs    # Errors  Last Runtime    Last Run               Last # of DB Queries
-------------------------------------  -----  ---------  --------  ----------  --------------  -------------------  ----------------------
/opt/airflow/dags/dss150p_pipeline.py   2168  1.64s             1           0  2.11s           2026-09-23T15:55:24                      12
================================================================================
[2026-09-23T15:56:26.964+0000] {manager.py:997} INFO - 
================================================================================
DAG File Processing Stats

File Path                              PID    Runtime      # DAGs    # Errors  Last Runtime    Last Run               Last # of DB Queries
-------------------------------------  -----  ---------  --------  ----------  --------------  -------------------  ----------------------
/opt/airflow/dags/dss150p_pipeline.py                           1           0  2.78s           2026-09-23T15:55:57                      12
================================================================================
[2026-09-23T15:56:57.737+0000] {manager.py:997} INFO - 
================================================================================
DAG File Processing Stats

File Path                              PID    Runtime      # DAGs    # Errors  Last Runtime    Last Run               Last # of DB Queries
-------------------------------------  -----  ---------  --------  ----------  --------------  -------------------  ----------------------
/opt/airflow/dags/dss150p_pipeline.py                           1           0  8.19s           2026-09-23T15:56:37                      12
================================================================================
[2026-09-23T15:57:27.869+0000] {manager.py:997} INFO - 
================================================================================
DAG File Processing Stats

File Path                              PID    Runtime      # DAGs    # Errors  Last Runtime    Last Run               Last # of DB Queries
-------------------------------------  -----  ---------  --------  ----------  --------------  -------------------  ----------------------
/opt/airflow/dags/dss150p_pipeline.py                           1           0  1.57s           2026-09-23T15:57:09                      12
================================================================================
[2026-09-23T15:57:58.293+0000] {manager.py:997} INFO - 
================================================================================
DAG File Processing Stats

File Path                              PID    Runtime      # DAGs    # Errors  Last Runtime    Last Run               Last # of DB Queries
-------------------------------------  -----  ---------  --------  ----------  --------------  -------------------  ----------------------
/opt/airflow/dags/dss150p_pipeline.py                           1           0  1.89s           2026-09-23T15:57:41                      12
================================================================================
[2026-09-23T15:58:28.260+0000] {manager.py:997} INFO - 
================================================================================
DAG File Processing Stats

File Path                              PID    Runtime      # DAGs    # Errors  Last Runtime    Last Run               Last # of DB Queries
-------------------------------------  -----  ---------  --------  ----------  --------------  -------------------  ----------------------
/opt/airflow/dags/dss150p_pipeline.py                           1           0  0.97s           2026-09-23T15:58:13                      12
================================================================================
[2026-09-23T15:58:58.923+0000] {manager.py:997} INFO - 
================================================================================
DAG File Processing Stats

File Path                              PID    Runtime      # DAGs    # Errors  Last Runtime    Last Run               Last # of DB Queries
-------------------------------------  -----  ---------  --------  ----------  --------------  -------------------  ----------------------
/opt/airflow/dags/dss150p_pipeline.py                           1           0  1.32s           2026-09-23T15:58:44                      12
================================================================================
[2026-09-23T15:59:28.972+0000] {manager.py:997} INFO - 
================================================================================
DAG File Processing Stats

File Path                              PID    Runtime      # DAGs    # Errors  Last Runtime    Last Run               Last # of DB Queries
-------------------------------------  -----  ---------  --------  ----------  --------------  -------------------  ----------------------
/opt/airflow/dags/dss150p_pipeline.py                           1           0  1.58s           2026-09-23T15:59:16                      12
================================================================================
[2026-09-23T15:59:45.766+0000] {manager.py:821} INFO - Searching for files in /opt/airflow/dags
[2026-09-23T15:59:45.934+0000] {manager.py:824} INFO - There are 1 files in /opt/airflow/dags
[2026-09-23T15:59:59.530+0000] {manager.py:997} INFO - 
================================================================================
DAG File Processing Stats

File Path                              PID    Runtime      # DAGs    # Errors  Last Runtime    Last Run               Last # of DB Queries
-------------------------------------  -----  ---------  --------  ----------  --------------  -------------------  ----------------------
/opt/airflow/dags/dss150p_pipeline.py                           1           0  0.98s           2026-09-23T15:59:48                      12
================================================================================
[2026-09-23T16:00:29.560+0000] {manager.py:997} INFO - 
================================================================================
DAG File Processing Stats

File Path                              PID    Runtime      # DAGs    # Errors  Last Runtime    Last Run               Last # of DB Queries
-------------------------------------  -----  ---------  --------  ----------  --------------  -------------------  ----------------------
/opt/airflow/dags/dss150p_pipeline.py                           1           0  0.76s           2026-09-23T16:00:19                      12
================================================================================
[2026-09-23T16:00:59.800+0000] {manager.py:997} INFO - 
================================================================================
DAG File Processing Stats

File Path                              PID    Runtime      # DAGs    # Errors  Last Runtime    Last Run               Last # of DB Queries
-------------------------------------  -----  ---------  --------  ----------  --------------  -------------------  ----------------------
/opt/airflow/dags/dss150p_pipeline.py                           1           0  0.81s           2026-09-23T16:00:50                      12
================================================================================
[2026-09-23T16:01:30.219+0000] {manager.py:997} INFO - 
================================================================================
DAG File Processing Stats

File Path                              PID    Runtime      # DAGs    # Errors  Last Runtime    Last Run               Last # of DB Queries
-------------------------------------  -----  ---------  --------  ----------  --------------  -------------------  ----------------------
/opt/airflow/dags/dss150p_pipeline.py                           1           0  2.92s           2026-09-23T16:01:24                      12
================================================================================
[2026-09-23T16:02:00.648+0000] {manager.py:997} INFO - 
================================================================================
DAG File Processing Stats

File Path                              PID    Runtime      # DAGs    # Errors  Last Runtime    Last Run               Last # of DB Queries
-------------------------------------  -----  ---------  --------  ----------  --------------  -------------------  ----------------------
/opt/airflow/dags/dss150p_pipeline.py                           1           0  3.22s           2026-09-23T16:01:57                      12
================================================================================
[2026-09-23T16:02:30.859+0000] {manager.py:997} INFO - 
================================================================================
DAG File Processing Stats

File Path                                PID  Runtime      # DAGs    # Errors  Last Runtime    Last Run               Last # of DB Queries
-------------------------------------  -----  ---------  --------  ----------  --------------  -------------------  ----------------------
/opt/airflow/dags/dss150p_pipeline.py   2228  1.72s             1           0  3.22s           2026-09-23T16:01:57                      12
================================================================================
[2026-09-23T16:03:01.505+0000] {manager.py:997} INFO - 
================================================================================
DAG File Processing Stats

File Path                              PID    Runtime      # DAGs    # Errors  Last Runtime    Last Run               Last # of DB Queries
-------------------------------------  -----  ---------  --------  ----------  --------------  -------------------  ----------------------
/opt/airflow/dags/dss150p_pipeline.py                           1           0  5.25s           2026-09-23T16:02:34                      12
================================================================================
[2026-09-23T16:34:35.746+0000] {manager.py:821} INFO - Searching for files in /opt/airflow/dags
[2026-09-23T16:34:54.118+0000] {manager.py:824} INFO - There are 1 files in /opt/airflow/dags
[2026-09-23T16:34:57.059+0000] {manager.py:997} INFO - 
================================================================================
DAG File Processing Stats

File Path                                PID  Runtime      # DAGs    # Errors  Last Runtime    Last Run               Last # of DB Queries
-------------------------------------  -----  ---------  --------  ----------  --------------  -------------------  ----------------------
/opt/airflow/dags/dss150p_pipeline.py   2238  0.39s             1           0  0.50s           2026-09-23T16:03:05                      12
================================================================================
[2026-09-23T16:56:30.128+0000] {manager.py:997} INFO - 
================================================================================
DAG File Processing Stats

File Path                                PID  Runtime      # DAGs    # Errors  Last Runtime    Last Run               Last # of DB Queries
-------------------------------------  -----  ---------  --------  ----------  --------------  -------------------  ----------------------
/opt/airflow/dags/dss150p_pipeline.py   2238  1293.47s          1           0  0.50s           2026-09-23T16:03:05                      12
================================================================================
[2026-09-23T16:56:30.385+0000] {manager.py:465} INFO - Exiting gracefully upon receiving signal 15
[2026-09-23T16:56:30.509+0000] {manager.py:465} INFO - Exiting gracefully upon receiving signal 15
[2026-09-23T16:57:26.940+0000] {manager.py:465} INFO - Exiting gracefully upon receiving signal 15
[2026-09-23T17:17:59.337+0000] {manager.py:483} INFO - Processing files using up to 2 processes at a time 
[2026-09-23T17:18:00.050+0000] {manager.py:484} INFO - Process each file at most once every 30 seconds
[2026-09-23T17:18:00.677+0000] {manager.py:485} INFO - Checking for new files in /opt/airflow/dags every 300 seconds
[2026-09-23T17:18:01.669+0000] {manager.py:821} INFO - Searching for files in /opt/airflow/dags
[2026-09-23T17:18:05.406+0000] {manager.py:824} INFO - There are 1 files in /opt/airflow/dags
